row_id,prefix_end,stage,is_full_sentence,global_prefix_id,sentence,label,type,location,ambiguous_lemma,cue_start_lemma,cue_end_lemma,morphological_parsing,lemma_split,amb_char_start,amb_char_end,cue_char_start,cue_char_end,amb_tok_start,amb_tok_end,cue_tok_start,cue_tok_end,n_tokens
0,0,pre_ambiguity,False,0,Gidiyordu ama bizim kiracı da daire dönüşlerinde ev arama niyetiyle hareket ediyordu.,nominalizer,syntactic,after,arama,niyetiyle,niyetiyle,ara-NMLZ,ara-ma,52,57,58,67,17,18,19,22,30
0,1,pre_ambiguity,False,1,Gidiyordu ama bizim kiracı da daire dönüşlerinde ev arama niyetiyle hareket ediyordu.,nominalizer,syntactic,after,arama,niyetiyle,niyetiyle,ara-NMLZ,ara-ma,52,57,58,67,17,18,19,22,30
0,2,pre_ambiguity,False,2,Gidiyordu ama bizim kiracı da daire dönüşlerinde ev arama niyetiyle hareket ediyordu.,nominalizer,syntactic,after,arama,niyetiyle,niyetiyle,ara-NMLZ,ara-ma,52,57,58,67,17,18,19,22,30
0,3,pre_ambiguity,False,3,Gidiyordu ama bizim kiracı da daire dönüşlerinde ev arama niyetiyle hareket ediyordu.,nominalizer,syntactic,after,arama,niyetiyle,niyetiyle,ara-NMLZ,ara-ma,52,57,58,67,17,18,19,22,30
0,4,pre_ambiguity,False,4,Gidiyordu ama bizim kiracı da daire dönüşlerinde ev arama niyetiyle hareket ediyordu.,nominalizer,syntactic,after,arama,niyetiyle,niyetiyle,ara-NMLZ,ara-ma,52,57,58,67,17,18,19,22,30
0,5,pre_ambiguity,False,5,Gidiyordu ama bizim kiracı da daire dönüşlerinde ev arama niyetiyle hareket ediyordu.,nominalizer,syntactic,after,arama,niyetiyle,niyetiyle,ara-NMLZ,ara-ma,52,57,58,67,17,18,19,22,30
0,6,pre_ambiguity,False,6,Gidiyordu ama bizim kiracı da daire dönüşlerinde ev arama niyetiyle hareket ediyordu.,nominalizer,syntactic,after,arama,niyetiyle,niyetiyle,ara-NMLZ,ara-ma,52,57,58,67,17,18,19,22,30
0,7,pre_ambiguity,False,7,Gidiyordu ama bizim kiracı da daire dönüşlerinde ev arama niyetiyle hareket ediyordu.,nominalizer,syntactic,after,arama,niyetiyle,niyetiyle,ara-NMLZ,ara-ma,52,57,58,67,17,18,19,22,30
0,8,pre_ambiguity,False,8,Gidiyordu ama bizim kiracı da daire dönüşlerinde ev arama niyetiyle hareket ediyordu.,nominalizer,syntactic,after,arama,niyetiyle,niyetiyle,ara-NMLZ,ara-ma,52,57,58,67,17,18,19,22,30
0,9,pre_ambiguity,False,9,Gidiyordu ama bizim kiracı da daire dönüşlerinde ev arama niyetiyle hareket ediyordu.,nominalizer,syntactic,after,arama,niyetiyle,niyetiyle,ara-NMLZ,ara-ma,52,57,58,67,17,18,19,22,30
0,10,pre_ambiguity,False,10,Gidiyordu ama bizim kiracı da daire dönüşlerinde ev arama niyetiyle hareket ediyordu.,nominalizer,syntactic,after,arama,niyetiyle,niyetiyle,ara-NMLZ,ara-ma,52,57,58,67,17,18,19,22,30
0,11,pre_ambiguity,False,11,Gidiyordu ama bizim kiracı da daire dönüşlerinde ev arama niyetiyle hareket ediyordu.,nominalizer,syntactic,after,arama,niyetiyle,niyetiyle,ara-NMLZ,ara-ma,52,57,58,67,17,18,19,22,30
0,12,pre_ambiguity,False,12,Gidiyordu ama bizim kiracı da daire dönüşlerinde ev arama niyetiyle hareket ediyordu.,nominalizer,syntactic,after,arama,niyetiyle,niyetiyle,ara-NMLZ,ara-ma,52,57,58,67,17,18,19,22,30
0,13,pre_ambiguity,False,13,Gidiyordu ama bizim kiracı da daire dönüşlerinde ev arama niyetiyle hareket ediyordu.,nominalizer,syntactic,after,arama,niyetiyle,niyetiyle,ara-NMLZ,ara-ma,52,57,58,67,17,18,19,22,30
0,14,pre_ambiguity,False,14,Gidiyordu ama bizim kiracı da daire dönüşlerinde ev arama niyetiyle hareket ediyordu.,nominalizer,syntactic,after,arama,niyetiyle,niyetiyle,ara-NMLZ,ara-ma,52,57,58,67,17,18,19,22,30
0,15,pre_ambiguity,False,15,Gidiyordu ama bizim kiracı da daire dönüşlerinde ev arama niyetiyle hareket ediyordu.,nominalizer,syntactic,after,arama,niyetiyle,niyetiyle,ara-NMLZ,ara-ma,52,57,58,67,17,18,19,22,30
0,16,pre_ambiguity,False,16,Gidiyordu ama bizim kiracı da daire dönüşlerinde ev arama niyetiyle hareket ediyordu.,nominalizer,syntactic,after,arama,niyetiyle,niyetiyle,ara-NMLZ,ara-ma,52,57,58,67,17,18,19,22,30
0,17,ambiguity_onset,False,17,Gidiyordu ama bizim kiracı da daire dönüşlerinde ev arama niyetiyle hareket ediyordu.,nominalizer,syntactic,after,arama,niyetiyle,niyetiyle,ara-NMLZ,ara-ma,52,57,58,67,17,18,19,22,30
0,18,ambiguity_onset,False,18,Gidiyordu ama bizim kiracı da daire dönüşlerinde ev arama niyetiyle hareket ediyordu.,nominalizer,syntactic,after,arama,niyetiyle,niyetiyle,ara-NMLZ,ara-ma,52,57,58,67,17,18,19,22,30
0,19,cue_onset,False,19,Gidiyordu ama bizim kiracı da daire dönüşlerinde ev arama niyetiyle hareket ediyordu.,nominalizer,syntactic,after,arama,niyetiyle,niyetiyle,ara-NMLZ,ara-ma,52,57,58,67,17,18,19,22,30
0,20,cue_onset,False,20,Gidiyordu ama bizim kiracı da daire dönüşlerinde ev arama niyetiyle hareket ediyordu.,nominalizer,syntactic,after,arama,niyetiyle,niyetiyle,ara-NMLZ,ara-ma,52,57,58,67,17,18,19,22,30
0,21,cue_onset,False,21,Gidiyordu ama bizim kiracı da daire dönüşlerinde ev arama niyetiyle hareket ediyordu.,nominalizer,syntactic,after,arama,niyetiyle,niyetiyle,ara-NMLZ,ara-ma,52,57,58,67,17,18,19,22,30
0,22,cue_onset,False,22,Gidiyordu ama bizim kiracı da daire dönüşlerinde ev arama niyetiyle hareket ediyordu.,nominalizer,syntactic,after,arama,niyetiyle,niyetiyle,ara-NMLZ,ara-ma,52,57,58,67,17,18,19,22,30
0,23,post_cue,False,23,Gidiyordu ama bizim kiracı da daire dönüşlerinde ev arama niyetiyle hareket ediyordu.,nominalizer,syntactic,after,arama,niyetiyle,niyetiyle,ara-NMLZ,ara-ma,52,57,58,67,17,18,19,22,30
0,24,post_cue,False,24,Gidiyordu ama bizim kiracı da daire dönüşlerinde ev arama niyetiyle hareket ediyordu.,nominalizer,syntactic,after,arama,niyetiyle,niyetiyle,ara-NMLZ,ara-ma,52,57,58,67,17,18,19,22,30
0,25,post_cue,False,25,Gidiyordu ama bizim kiracı da daire dönüşlerinde ev arama niyetiyle hareket ediyordu.,nominalizer,syntactic,after,arama,niyetiyle,niyetiyle,ara-NMLZ,ara-ma,52,57,58,67,17,18,19,22,30
0,26,post_cue,False,26,Gidiyordu ama bizim kiracı da daire dönüşlerinde ev arama niyetiyle hareket ediyordu.,nominalizer,syntactic,after,arama,niyetiyle,niyetiyle,ara-NMLZ,ara-ma,52,57,58,67,17,18,19,22,30
0,27,post_cue,False,27,Gidiyordu ama bizim kiracı da daire dönüşlerinde ev arama niyetiyle hareket ediyordu.,nominalizer,syntactic,after,arama,niyetiyle,niyetiyle,ara-NMLZ,ara-ma,52,57,58,67,17,18,19,22,30
0,28,post_cue,False,28,Gidiyordu ama bizim kiracı da daire dönüşlerinde ev arama niyetiyle hareket ediyordu.,nominalizer,syntactic,after,arama,niyetiyle,niyetiyle,ara-NMLZ,ara-ma,52,57,58,67,17,18,19,22,30
0,29,full_sentence,True,29,Gidiyordu ama bizim kiracı da daire dönüşlerinde ev arama niyetiyle hareket ediyordu.,nominalizer,syntactic,after,arama,niyetiyle,niyetiyle,ara-NMLZ,ara-ma,52,57,58,67,17,18,19,22,30
1,0,pre_ambiguity,False,30,Gidiyordu ama bizim kiracının da daire dönüşlerinde niyeti ev arama idi.,nominalizer,syntactic,before,arama,niyeti,niyeti,ara-NMLZ,ara-ma,62,67,52,58,21,22,17,19,25
1,1,pre_ambiguity,False,31,Gidiyordu ama bizim kiracının da daire dönüşlerinde niyeti ev arama idi.,nominalizer,syntactic,before,arama,niyeti,niyeti,ara-NMLZ,ara-ma,62,67,52,58,21,22,17,19,25
1,2,pre_ambiguity,False,32,Gidiyordu ama bizim kiracının da daire dönüşlerinde niyeti ev arama idi.,nominalizer,syntactic,before,arama,niyeti,niyeti,ara-NMLZ,ara-ma,62,67,52,58,21,22,17,19,25
1,3,pre_ambiguity,False,33,Gidiyordu ama bizim kiracının da daire dönüşlerinde niyeti ev arama idi.,nominalizer,syntactic,before,arama,niyeti,niyeti,ara-NMLZ,ara-ma,62,67,52,58,21,22,17,19,25
1,4,pre_ambiguity,False,34,Gidiyordu ama bizim kiracının da daire dönüşlerinde niyeti ev arama idi.,nominalizer,syntactic,before,arama,niyeti,niyeti,ara-NMLZ,ara-ma,62,67,52,58,21,22,17,19,25
1,5,pre_ambiguity,False,35,Gidiyordu ama bizim kiracının da daire dönüşlerinde niyeti ev arama idi.,nominalizer,syntactic,before,arama,niyeti,niyeti,ara-NMLZ,ara-ma,62,67,52,58,21,22,17,19,25
1,6,pre_ambiguity,False,36,Gidiyordu ama bizim kiracının da daire dönüşlerinde niyeti ev arama idi.,nominalizer,syntactic,before,arama,niyeti,niyeti,ara-NMLZ,ara-ma,62,67,52,58,21,22,17,19,25
1,7,pre_ambiguity,False,37,Gidiyordu ama bizim kiracının da daire dönüşlerinde niyeti ev arama idi.,nominalizer,syntactic,before,arama,niyeti,niyeti,ara-NMLZ,ara-ma,62,67,52,58,21,22,17,19,25
1,8,pre_ambiguity,False,38,Gidiyordu ama bizim kiracının da daire dönüşlerinde niyeti ev arama idi.,nominalizer,syntactic,before,arama,niyeti,niyeti,ara-NMLZ,ara-ma,62,67,52,58,21,22,17,19,25
1,9,pre_ambiguity,False,39,Gidiyordu ama bizim kiracının da daire dönüşlerinde niyeti ev arama idi.,nominalizer,syntactic,before,arama,niyeti,niyeti,ara-NMLZ,ara-ma,62,67,52,58,21,22,17,19,25
1,10,pre_ambiguity,False,40,Gidiyordu ama bizim kiracının da daire dönüşlerinde niyeti ev arama idi.,nominalizer,syntactic,before,arama,niyeti,niyeti,ara-NMLZ,ara-ma,62,67,52,58,21,22,17,19,25
1,11,pre_ambiguity,False,41,Gidiyordu ama bizim kiracının da daire dönüşlerinde niyeti ev arama idi.,nominalizer,syntactic,before,arama,niyeti,niyeti,ara-NMLZ,ara-ma,62,67,52,58,21,22,17,19,25
1,12,pre_ambiguity,False,42,Gidiyordu ama bizim kiracının da daire dönüşlerinde niyeti ev arama idi.,nominalizer,syntactic,before,arama,niyeti,niyeti,ara-NMLZ,ara-ma,62,67,52,58,21,22,17,19,25
1,13,pre_ambiguity,False,43,Gidiyordu ama bizim kiracının da daire dönüşlerinde niyeti ev arama idi.,nominalizer,syntactic,before,arama,niyeti,niyeti,ara-NMLZ,ara-ma,62,67,52,58,21,22,17,19,25
1,14,pre_ambiguity,False,44,Gidiyordu ama bizim kiracının da daire dönüşlerinde niyeti ev arama idi.,nominalizer,syntactic,before,arama,niyeti,niyeti,ara-NMLZ,ara-ma,62,67,52,58,21,22,17,19,25
1,15,pre_ambiguity,False,45,Gidiyordu ama bizim kiracının da daire dönüşlerinde niyeti ev arama idi.,nominalizer,syntactic,before,arama,niyeti,niyeti,ara-NMLZ,ara-ma,62,67,52,58,21,22,17,19,25
1,16,pre_ambiguity,False,46,Gidiyordu ama bizim kiracının da daire dönüşlerinde niyeti ev arama idi.,nominalizer,syntactic,before,arama,niyeti,niyeti,ara-NMLZ,ara-ma,62,67,52,58,21,22,17,19,25
1,17,cue_onset,False,47,Gidiyordu ama bizim kiracının da daire dönüşlerinde niyeti ev arama idi.,nominalizer,syntactic,before,arama,niyeti,niyeti,ara-NMLZ,ara-ma,62,67,52,58,21,22,17,19,25
1,18,cue_onset,False,48,Gidiyordu ama bizim kiracının da daire dönüşlerinde niyeti ev arama idi.,nominalizer,syntactic,before,arama,niyeti,niyeti,ara-NMLZ,ara-ma,62,67,52,58,21,22,17,19,25
1,19,cue_onset,False,49,Gidiyordu ama bizim kiracının da daire dönüşlerinde niyeti ev arama idi.,nominalizer,syntactic,before,arama,niyeti,niyeti,ara-NMLZ,ara-ma,62,67,52,58,21,22,17,19,25
1,20,post_cue_pre_ambiguity,False,50,Gidiyordu ama bizim kiracının da daire dönüşlerinde niyeti ev arama idi.,nominalizer,syntactic,before,arama,niyeti,niyeti,ara-NMLZ,ara-ma,62,67,52,58,21,22,17,19,25
1,21,ambiguity_onset,False,51,Gidiyordu ama bizim kiracının da daire dönüşlerinde niyeti ev arama idi.,nominalizer,syntactic,before,arama,niyeti,niyeti,ara-NMLZ,ara-ma,62,67,52,58,21,22,17,19,25
1,22,ambiguity_onset,False,52,Gidiyordu ama bizim kiracının da daire dönüşlerinde niyeti ev arama idi.,nominalizer,syntactic,before,arama,niyeti,niyeti,ara-NMLZ,ara-ma,62,67,52,58,21,22,17,19,25
1,23,post_cue,False,53,Gidiyordu ama bizim kiracının da daire dönüşlerinde niyeti ev arama idi.,nominalizer,syntactic,before,arama,niyeti,niyeti,ara-NMLZ,ara-ma,62,67,52,58,21,22,17,19,25
1,24,full_sentence,True,54,Gidiyordu ama bizim kiracının da daire dönüşlerinde niyeti ev arama idi.,nominalizer,syntactic,before,arama,niyeti,niyeti,ara-NMLZ,ara-ma,62,67,52,58,21,22,17,19,25
2,0,pre_ambiguity,False,55,"Gidiyordu ama bizim kiracı da daire dönüşlerinde, ev arama sen yine de!",negation,syntactic,after,arama,sen,de!,ara-NEG.IMP.2SG,ara-ma,53,58,59,71,18,19,20,24,25
2,1,pre_ambiguity,False,56,"Gidiyordu ama bizim kiracı da daire dönüşlerinde, ev arama sen yine de!",negation,syntactic,after,arama,sen,de!,ara-NEG.IMP.2SG,ara-ma,53,58,59,71,18,19,20,24,25
2,2,pre_ambiguity,False,57,"Gidiyordu ama bizim kiracı da daire dönüşlerinde, ev arama sen yine de!",negation,syntactic,after,arama,sen,de!,ara-NEG.IMP.2SG,ara-ma,53,58,59,71,18,19,20,24,25
2,3,pre_ambiguity,False,58,"Gidiyordu ama bizim kiracı da daire dönüşlerinde, ev arama sen yine de!",negation,syntactic,after,arama,sen,de!,ara-NEG.IMP.2SG,ara-ma,53,58,59,71,18,19,20,24,25
2,4,pre_ambiguity,False,59,"Gidiyordu ama bizim kiracı da daire dönüşlerinde, ev arama sen yine de!",negation,syntactic,after,arama,sen,de!,ara-NEG.IMP.2SG,ara-ma,53,58,59,71,18,19,20,24,25
2,5,pre_ambiguity,False,60,"Gidiyordu ama bizim kiracı da daire dönüşlerinde, ev arama sen yine de!",negation,syntactic,after,arama,sen,de!,ara-NEG.IMP.2SG,ara-ma,53,58,59,71,18,19,20,24,25
2,6,pre_ambiguity,False,61,"Gidiyordu ama bizim kiracı da daire dönüşlerinde, ev arama sen yine de!",negation,syntactic,after,arama,sen,de!,ara-NEG.IMP.2SG,ara-ma,53,58,59,71,18,19,20,24,25
2,7,pre_ambiguity,False,62,"Gidiyordu ama bizim kiracı da daire dönüşlerinde, ev arama sen yine de!",negation,syntactic,after,arama,sen,de!,ara-NEG.IMP.2SG,ara-ma,53,58,59,71,18,19,20,24,25
2,8,pre_ambiguity,False,63,"Gidiyordu ama bizim kiracı da daire dönüşlerinde, ev arama sen yine de!",negation,syntactic,after,arama,sen,de!,ara-NEG.IMP.2SG,ara-ma,53,58,59,71,18,19,20,24,25
2,9,pre_ambiguity,False,64,"Gidiyordu ama bizim kiracı da daire dönüşlerinde, ev arama sen yine de!",negation,syntactic,after,arama,sen,de!,ara-NEG.IMP.2SG,ara-ma,53,58,59,71,18,19,20,24,25
2,10,pre_ambiguity,False,65,"Gidiyordu ama bizim kiracı da daire dönüşlerinde, ev arama sen yine de!",negation,syntactic,after,arama,sen,de!,ara-NEG.IMP.2SG,ara-ma,53,58,59,71,18,19,20,24,25
2,11,pre_ambiguity,False,66,"Gidiyordu ama bizim kiracı da daire dönüşlerinde, ev arama sen yine de!",negation,syntactic,after,arama,sen,de!,ara-NEG.IMP.2SG,ara-ma,53,58,59,71,18,19,20,24,25
2,12,pre_ambiguity,False,67,"Gidiyordu ama bizim kiracı da daire dönüşlerinde, ev arama sen yine de!",negation,syntactic,after,arama,sen,de!,ara-NEG.IMP.2SG,ara-ma,53,58,59,71,18,19,20,24,25
2,13,pre_ambiguity,False,68,"Gidiyordu ama bizim kiracı da daire dönüşlerinde, ev arama sen yine de!",negation,syntactic,after,arama,sen,de!,ara-NEG.IMP.2SG,ara-ma,53,58,59,71,18,19,20,24,25
2,14,pre_ambiguity,False,69,"Gidiyordu ama bizim kiracı da daire dönüşlerinde, ev arama sen yine de!",negation,syntactic,after,arama,sen,de!,ara-NEG.IMP.2SG,ara-ma,53,58,59,71,18,19,20,24,25
2,15,pre_ambiguity,False,70,"Gidiyordu ama bizim kiracı da daire dönüşlerinde, ev arama sen yine de!",negation,syntactic,after,arama,sen,de!,ara-NEG.IMP.2SG,ara-ma,53,58,59,71,18,19,20,24,25
2,16,pre_ambiguity,False,71,"Gidiyordu ama bizim kiracı da daire dönüşlerinde, ev arama sen yine de!",negation,syntactic,after,arama,sen,de!,ara-NEG.IMP.2SG,ara-ma,53,58,59,71,18,19,20,24,25
2,17,pre_ambiguity,False,72,"Gidiyordu ama bizim kiracı da daire dönüşlerinde, ev arama sen yine de!",negation,syntactic,after,arama,sen,de!,ara-NEG.IMP.2SG,ara-ma,53,58,59,71,18,19,20,24,25
2,18,ambiguity_onset,False,73,"Gidiyordu ama bizim kiracı da daire dönüşlerinde, ev arama sen yine de!",negation,syntactic,after,arama,sen,de!,ara-NEG.IMP.2SG,ara-ma,53,58,59,71,18,19,20,24,25
2,19,ambiguity_onset,False,74,"Gidiyordu ama bizim kiracı da daire dönüşlerinde, ev arama sen yine de!",negation,syntactic,after,arama,sen,de!,ara-NEG.IMP.2SG,ara-ma,53,58,59,71,18,19,20,24,25
2,20,cue_onset,False,75,"Gidiyordu ama bizim kiracı da daire dönüşlerinde, ev arama sen yine de!",negation,syntactic,after,arama,sen,de!,ara-NEG.IMP.2SG,ara-ma,53,58,59,71,18,19,20,24,25
2,21,cue_onset,False,76,"Gidiyordu ama bizim kiracı da daire dönüşlerinde, ev arama sen yine de!",negation,syntactic,after,arama,sen,de!,ara-NEG.IMP.2SG,ara-ma,53,58,59,71,18,19,20,24,25
2,22,cue_onset,False,77,"Gidiyordu ama bizim kiracı da daire dönüşlerinde, ev arama sen yine de!",negation,syntactic,after,arama,sen,de!,ara-NEG.IMP.2SG,ara-ma,53,58,59,71,18,19,20,24,25
2,23,cue_onset,False,78,"Gidiyordu ama bizim kiracı da daire dönüşlerinde, ev arama sen yine de!",negation,syntactic,after,arama,sen,de!,ara-NEG.IMP.2SG,ara-ma,53,58,59,71,18,19,20,24,25
2,24,full_sentence,True,79,"Gidiyordu ama bizim kiracı da daire dönüşlerinde, ev arama sen yine de!",negation,syntactic,after,arama,sen,de!,ara-NEG.IMP.2SG,ara-ma,53,58,59,71,18,19,20,24,25
3,0,pre_ambiguity,False,80,Benzer bir ev toplama efsanesine de Eskişehir'de öğrenciyken şahit olmuştum.,nominalizer,syntactic,after,toplama,efsanesine,efsanesine,topla-NMLZ,topla-ma,14,21,22,32,4,6,7,10,28
3,1,pre_ambiguity,False,81,Benzer bir ev toplama efsanesine de Eskişehir'de öğrenciyken şahit olmuştum.,nominalizer,syntactic,after,toplama,efsanesine,efsanesine,topla-NMLZ,topla-ma,14,21,22,32,4,6,7,10,28
3,2,pre_ambiguity,False,82,Benzer bir ev toplama efsanesine de Eskişehir'de öğrenciyken şahit olmuştum.,nominalizer,syntactic,after,toplama,efsanesine,efsanesine,topla-NMLZ,topla-ma,14,21,22,32,4,6,7,10,28
3,3,pre_ambiguity,False,83,Benzer bir ev toplama efsanesine de Eskişehir'de öğrenciyken şahit olmuştum.,nominalizer,syntactic,after,toplama,efsanesine,efsanesine,topla-NMLZ,topla-ma,14,21,22,32,4,6,7,10,28
3,4,ambiguity_onset,False,84,Benzer bir ev toplama efsanesine de Eskişehir'de öğrenciyken şahit olmuştum.,nominalizer,syntactic,after,toplama,efsanesine,efsanesine,topla-NMLZ,topla-ma,14,21,22,32,4,6,7,10,28
3,5,ambiguity_onset,False,85,Benzer bir ev toplama efsanesine de Eskişehir'de öğrenciyken şahit olmuştum.,nominalizer,syntactic,after,toplama,efsanesine,efsanesine,topla-NMLZ,topla-ma,14,21,22,32,4,6,7,10,28
3,6,ambiguity_onset,False,86,Benzer bir ev toplama efsanesine de Eskişehir'de öğrenciyken şahit olmuştum.,nominalizer,syntactic,after,toplama,efsanesine,efsanesine,topla-NMLZ,topla-ma,14,21,22,32,4,6,7,10,28
3,7,cue_onset,False,87,Benzer bir ev toplama efsanesine de Eskişehir'de öğrenciyken şahit olmuştum.,nominalizer,syntactic,after,toplama,efsanesine,efsanesine,topla-NMLZ,topla-ma,14,21,22,32,4,6,7,10,28
3,8,cue_onset,False,88,Benzer bir ev toplama efsanesine de Eskişehir'de öğrenciyken şahit olmuştum.,nominalizer,syntactic,after,toplama,efsanesine,efsanesine,topla-NMLZ,topla-ma,14,21,22,32,4,6,7,10,28
3,9,cue_onset,False,89,Benzer bir ev toplama efsanesine de Eskişehir'de öğrenciyken şahit olmuştum.,nominalizer,syntactic,after,toplama,efsanesine,efsanesine,topla-NMLZ,topla-ma,14,21,22,32,4,6,7,10,28
3,10,cue_onset,False,90,Benzer bir ev toplama efsanesine de Eskişehir'de öğrenciyken şahit olmuştum.,nominalizer,syntactic,after,toplama,efsanesine,efsanesine,topla-NMLZ,topla-ma,14,21,22,32,4,6,7,10,28
3,11,post_cue,False,91,Benzer bir ev toplama efsanesine de Eskişehir'de öğrenciyken şahit olmuştum.,nominalizer,syntactic,after,toplama,efsanesine,efsanesine,topla-NMLZ,topla-ma,14,21,22,32,4,6,7,10,28
3,12,post_cue,False,92,Benzer bir ev toplama efsanesine de Eskişehir'de öğrenciyken şahit olmuştum.,nominalizer,syntactic,after,toplama,efsanesine,efsanesine,topla-NMLZ,topla-ma,14,21,22,32,4,6,7,10,28
3,13,post_cue,False,93,Benzer bir ev toplama efsanesine de Eskişehir'de öğrenciyken şahit olmuştum.,nominalizer,syntactic,after,toplama,efsanesine,efsanesine,topla-NMLZ,topla-ma,14,21,22,32,4,6,7,10,28
3,14,post_cue,False,94,Benzer bir ev toplama efsanesine de Eskişehir'de öğrenciyken şahit olmuştum.,nominalizer,syntactic,after,toplama,efsanesine,efsanesine,topla-NMLZ,topla-ma,14,21,22,32,4,6,7,10,28
3,15,post_cue,False,95,Benzer bir ev toplama efsanesine de Eskişehir'de öğrenciyken şahit olmuştum.,nominalizer,syntactic,after,toplama,efsanesine,efsanesine,topla-NMLZ,topla-ma,14,21,22,32,4,6,7,10,28
3,16,post_cue,False,96,Benzer bir ev toplama efsanesine de Eskişehir'de öğrenciyken şahit olmuştum.,nominalizer,syntactic,after,toplama,efsanesine,efsanesine,topla-NMLZ,topla-ma,14,21,22,32,4,6,7,10,28
3,17,post_cue,False,97,Benzer bir ev toplama efsanesine de Eskişehir'de öğrenciyken şahit olmuştum.,nominalizer,syntactic,after,toplama,efsanesine,efsanesine,topla-NMLZ,topla-ma,14,21,22,32,4,6,7,10,28
3,18,post_cue,False,98,Benzer bir ev toplama efsanesine de Eskişehir'de öğrenciyken şahit olmuştum.,nominalizer,syntactic,after,toplama,efsanesine,efsanesine,topla-NMLZ,topla-ma,14,21,22,32,4,6,7,10,28
3,19,post_cue,False,99,Benzer bir ev toplama efsanesine de Eskişehir'de öğrenciyken şahit olmuştum.,nominalizer,syntactic,after,toplama,efsanesine,efsanesine,topla-NMLZ,topla-ma,14,21,22,32,4,6,7,10,28
3,20,post_cue,False,100,Benzer bir ev toplama efsanesine de Eskişehir'de öğrenciyken şahit olmuştum.,nominalizer,syntactic,after,toplama,efsanesine,efsanesine,topla-NMLZ,topla-ma,14,21,22,32,4,6,7,10,28
3,21,post_cue,False,101,Benzer bir ev toplama efsanesine de Eskişehir'de öğrenciyken şahit olmuştum.,nominalizer,syntactic,after,toplama,efsanesine,efsanesine,topla-NMLZ,topla-ma,14,21,22,32,4,6,7,10,28
3,22,post_cue,False,102,Benzer bir ev toplama efsanesine de Eskişehir'de öğrenciyken şahit olmuştum.,nominalizer,syntactic,after,toplama,efsanesine,efsanesine,topla-NMLZ,topla-ma,14,21,22,32,4,6,7,10,28
3,23,post_cue,False,103,Benzer bir ev toplama efsanesine de Eskişehir'de öğrenciyken şahit olmuştum.,nominalizer,syntactic,after,toplama,efsanesine,efsanesine,topla-NMLZ,topla-ma,14,21,22,32,4,6,7,10,28
3,24,post_cue,False,104,Benzer bir ev toplama efsanesine de Eskişehir'de öğrenciyken şahit olmuştum.,nominalizer,syntactic,after,toplama,efsanesine,efsanesine,topla-NMLZ,topla-ma,14,21,22,32,4,6,7,10,28
3,25,post_cue,False,105,Benzer bir ev toplama efsanesine de Eskişehir'de öğrenciyken şahit olmuştum.,nominalizer,syntactic,after,toplama,efsanesine,efsanesine,topla-NMLZ,topla-ma,14,21,22,32,4,6,7,10,28
3,26,post_cue,False,106,Benzer bir ev toplama efsanesine de Eskişehir'de öğrenciyken şahit olmuştum.,nominalizer,syntactic,after,toplama,efsanesine,efsanesine,topla-NMLZ,topla-ma,14,21,22,32,4,6,7,10,28
3,27,full_sentence,True,107,Benzer bir ev toplama efsanesine de Eskişehir'de öğrenciyken şahit olmuştum.,nominalizer,syntactic,after,toplama,efsanesine,efsanesine,topla-NMLZ,topla-ma,14,21,22,32,4,6,7,10,28
4,0,cue_onset,False,108,"Benzer bir ev toplama, ben bu efsaneye Eskişehir'de öğrenciyken şahit olmuştum.",negation,syntactic,after,toplama,ben,efsaneye,topla-NEG.IMP.2SG,topla-ma,14,21,0,38,4,6,0,13,30
4,1,cue_onset,False,109,"Benzer bir ev toplama, ben bu efsaneye Eskişehir'de öğrenciyken şahit olmuştum.",negation,syntactic,after,toplama,ben,efsaneye,topla-NEG.IMP.2SG,topla-ma,14,21,0,38,4,6,0,13,30
4,2,cue_onset,False,110,"Benzer bir ev toplama, ben bu efsaneye Eskişehir'de öğrenciyken şahit olmuştum.",negation,syntactic,after,toplama,ben,efsaneye,topla-NEG.IMP.2SG,topla-ma,14,21,0,38,4,6,0,13,30
4,3,cue_onset,False,111,"Benzer bir ev toplama, ben bu efsaneye Eskişehir'de öğrenciyken şahit olmuştum.",negation,syntactic,after,toplama,ben,efsaneye,topla-NEG.IMP.2SG,topla-ma,14,21,0,38,4,6,0,13,30
4,4,ambiguity_onset,False,112,"Benzer bir ev toplama, ben bu efsaneye Eskişehir'de öğrenciyken şahit olmuştum.",negation,syntactic,after,toplama,ben,efsaneye,topla-NEG.IMP.2SG,topla-ma,14,21,0,38,4,6,0,13,30
4,5,ambiguity_onset,False,113,"Benzer bir ev toplama, ben bu efsaneye Eskişehir'de öğrenciyken şahit olmuştum.",negation,syntactic,after,toplama,ben,efsaneye,topla-NEG.IMP.2SG,topla-ma,14,21,0,38,4,6,0,13,30
4,6,ambiguity_onset,False,114,"Benzer bir ev toplama, ben bu efsaneye Eskişehir'de öğrenciyken şahit olmuştum.",negation,syntactic,after,toplama,ben,efsaneye,topla-NEG.IMP.2SG,topla-ma,14,21,0,38,4,6,0,13,30
4,7,cue_onset,False,115,"Benzer bir ev toplama, ben bu efsaneye Eskişehir'de öğrenciyken şahit olmuştum.",negation,syntactic,after,toplama,ben,efsaneye,topla-NEG.IMP.2SG,topla-ma,14,21,0,38,4,6,0,13,30
4,8,cue_onset,False,116,"Benzer bir ev toplama, ben bu efsaneye Eskişehir'de öğrenciyken şahit olmuştum.",negation,syntactic,after,toplama,ben,efsaneye,topla-NEG.IMP.2SG,topla-ma,14,21,0,38,4,6,0,13,30
4,9,cue_onset,False,117,"Benzer bir ev toplama, ben bu efsaneye Eskişehir'de öğrenciyken şahit olmuştum.",negation,syntactic,after,toplama,ben,efsaneye,topla-NEG.IMP.2SG,topla-ma,14,21,0,38,4,6,0,13,30
4,10,cue_onset,False,118,"Benzer bir ev toplama, ben bu efsaneye Eskişehir'de öğrenciyken şahit olmuştum.",negation,syntactic,after,toplama,ben,efsaneye,topla-NEG.IMP.2SG,topla-ma,14,21,0,38,4,6,0,13,30
4,11,cue_onset,False,119,"Benzer bir ev toplama, ben bu efsaneye Eskişehir'de öğrenciyken şahit olmuştum.",negation,syntactic,after,toplama,ben,efsaneye,topla-NEG.IMP.2SG,topla-ma,14,21,0,38,4,6,0,13,30
4,12,cue_onset,False,120,"Benzer bir ev toplama, ben bu efsaneye Eskişehir'de öğrenciyken şahit olmuştum.",negation,syntactic,after,toplama,ben,efsaneye,topla-NEG.IMP.2SG,topla-ma,14,21,0,38,4,6,0,13,30
4,13,cue_onset,False,121,"Benzer bir ev toplama, ben bu efsaneye Eskişehir'de öğrenciyken şahit olmuştum.",negation,syntactic,after,toplama,ben,efsaneye,topla-NEG.IMP.2SG,topla-ma,14,21,0,38,4,6,0,13,30
4,14,post_cue,False,122,"Benzer bir ev toplama, ben bu efsaneye Eskişehir'de öğrenciyken şahit olmuştum.",negation,syntactic,after,toplama,ben,efsaneye,topla-NEG.IMP.2SG,topla-ma,14,21,0,38,4,6,0,13,30
4,15,post_cue,False,123,"Benzer bir ev toplama, ben bu efsaneye Eskişehir'de öğrenciyken şahit olmuştum.",negation,syntactic,after,toplama,ben,efsaneye,topla-NEG.IMP.2SG,topla-ma,14,21,0,38,4,6,0,13,30
4,16,post_cue,False,124,"Benzer bir ev toplama, ben bu efsaneye Eskişehir'de öğrenciyken şahit olmuştum.",negation,syntactic,after,toplama,ben,efsaneye,topla-NEG.IMP.2SG,topla-ma,14,21,0,38,4,6,0,13,30
4,17,post_cue,False,125,"Benzer bir ev toplama, ben bu efsaneye Eskişehir'de öğrenciyken şahit olmuştum.",negation,syntactic,after,toplama,ben,efsaneye,topla-NEG.IMP.2SG,topla-ma,14,21,0,38,4,6,0,13,30
4,18,post_cue,False,126,"Benzer bir ev toplama, ben bu efsaneye Eskişehir'de öğrenciyken şahit olmuştum.",negation,syntactic,after,toplama,ben,efsaneye,topla-NEG.IMP.2SG,topla-ma,14,21,0,38,4,6,0,13,30
4,19,post_cue,False,127,"Benzer bir ev toplama, ben bu efsaneye Eskişehir'de öğrenciyken şahit olmuştum.",negation,syntactic,after,toplama,ben,efsaneye,topla-NEG.IMP.2SG,topla-ma,14,21,0,38,4,6,0,13,30
4,20,post_cue,False,128,"Benzer bir ev toplama, ben bu efsaneye Eskişehir'de öğrenciyken şahit olmuştum.",negation,syntactic,after,toplama,ben,efsaneye,topla-NEG.IMP.2SG,topla-ma,14,21,0,38,4,6,0,13,30
4,21,post_cue,False,129,"Benzer bir ev toplama, ben bu efsaneye Eskişehir'de öğrenciyken şahit olmuştum.",negation,syntactic,after,toplama,ben,efsaneye,topla-NEG.IMP.2SG,topla-ma,14,21,0,38,4,6,0,13,30
4,22,post_cue,False,130,"Benzer bir ev toplama, ben bu efsaneye Eskişehir'de öğrenciyken şahit olmuştum.",negation,syntactic,after,toplama,ben,efsaneye,topla-NEG.IMP.2SG,topla-ma,14,21,0,38,4,6,0,13,30
4,23,post_cue,False,131,"Benzer bir ev toplama, ben bu efsaneye Eskişehir'de öğrenciyken şahit olmuştum.",negation,syntactic,after,toplama,ben,efsaneye,topla-NEG.IMP.2SG,topla-ma,14,21,0,38,4,6,0,13,30
4,24,post_cue,False,132,"Benzer bir ev toplama, ben bu efsaneye Eskişehir'de öğrenciyken şahit olmuştum.",negation,syntactic,after,toplama,ben,efsaneye,topla-NEG.IMP.2SG,topla-ma,14,21,0,38,4,6,0,13,30
4,25,post_cue,False,133,"Benzer bir ev toplama, ben bu efsaneye Eskişehir'de öğrenciyken şahit olmuştum.",negation,syntactic,after,toplama,ben,efsaneye,topla-NEG.IMP.2SG,topla-ma,14,21,0,38,4,6,0,13,30
4,26,post_cue,False,134,"Benzer bir ev toplama, ben bu efsaneye Eskişehir'de öğrenciyken şahit olmuştum.",negation,syntactic,after,toplama,ben,efsaneye,topla-NEG.IMP.2SG,topla-ma,14,21,0,38,4,6,0,13,30
4,27,post_cue,False,135,"Benzer bir ev toplama, ben bu efsaneye Eskişehir'de öğrenciyken şahit olmuştum.",negation,syntactic,after,toplama,ben,efsaneye,topla-NEG.IMP.2SG,topla-ma,14,21,0,38,4,6,0,13,30
4,28,post_cue,False,136,"Benzer bir ev toplama, ben bu efsaneye Eskişehir'de öğrenciyken şahit olmuştum.",negation,syntactic,after,toplama,ben,efsaneye,topla-NEG.IMP.2SG,topla-ma,14,21,0,38,4,6,0,13,30
4,29,full_sentence,True,137,"Benzer bir ev toplama, ben bu efsaneye Eskişehir'de öğrenciyken şahit olmuştum.",negation,syntactic,after,toplama,ben,efsaneye,topla-NEG.IMP.2SG,topla-ma,14,21,0,38,4,6,0,13,30
5,0,pre_ambiguity,False,138,"Eskişehir’de öğrenciyken herkes aynı şeyi söylerdi: Ev toplama, değmez.",negation,syntactic,after,toplama,değmez.,değmez.,topla-NEG.IMP.2SG,topla-ma,55,62,64,71,19,21,23,25,26
5,1,pre_ambiguity,False,139,"Eskişehir’de öğrenciyken herkes aynı şeyi söylerdi: Ev toplama, değmez.",negation,syntactic,after,toplama,değmez.,değmez.,topla-NEG.IMP.2SG,topla-ma,55,62,64,71,19,21,23,25,26
5,2,pre_ambiguity,False,140,"Eskişehir’de öğrenciyken herkes aynı şeyi söylerdi: Ev toplama, değmez.",negation,syntactic,after,toplama,değmez.,değmez.,topla-NEG.IMP.2SG,topla-ma,55,62,64,71,19,21,23,25,26
5,3,pre_ambiguity,False,141,"Eskişehir’de öğrenciyken herkes aynı şeyi söylerdi: Ev toplama, değmez.",negation,syntactic,after,toplama,değmez.,değmez.,topla-NEG.IMP.2SG,topla-ma,55,62,64,71,19,21,23,25,26
5,4,pre_ambiguity,False,142,"Eskişehir’de öğrenciyken herkes aynı şeyi söylerdi: Ev toplama, değmez.",negation,syntactic,after,toplama,değmez.,değmez.,topla-NEG.IMP.2SG,topla-ma,55,62,64,71,19,21,23,25,26
5,5,pre_ambiguity,False,143,"Eskişehir’de öğrenciyken herkes aynı şeyi söylerdi: Ev toplama, değmez.",negation,syntactic,after,toplama,değmez.,değmez.,topla-NEG.IMP.2SG,topla-ma,55,62,64,71,19,21,23,25,26
5,6,pre_ambiguity,False,144,"Eskişehir’de öğrenciyken herkes aynı şeyi söylerdi: Ev toplama, değmez.",negation,syntactic,after,toplama,değmez.,değmez.,topla-NEG.IMP.2SG,topla-ma,55,62,64,71,19,21,23,25,26
5,7,pre_ambiguity,False,145,"Eskişehir’de öğrenciyken herkes aynı şeyi söylerdi: Ev toplama, değmez.",negation,syntactic,after,toplama,değmez.,değmez.,topla-NEG.IMP.2SG,topla-ma,55,62,64,71,19,21,23,25,26
5,8,pre_ambiguity,False,146,"Eskişehir’de öğrenciyken herkes aynı şeyi söylerdi: Ev toplama, değmez.",negation,syntactic,after,toplama,değmez.,değmez.,topla-NEG.IMP.2SG,topla-ma,55,62,64,71,19,21,23,25,26
5,9,pre_ambiguity,False,147,"Eskişehir’de öğrenciyken herkes aynı şeyi söylerdi: Ev toplama, değmez.",negation,syntactic,after,toplama,değmez.,değmez.,topla-NEG.IMP.2SG,topla-ma,55,62,64,71,19,21,23,25,26
5,10,pre_ambiguity,False,148,"Eskişehir’de öğrenciyken herkes aynı şeyi söylerdi: Ev toplama, değmez.",negation,syntactic,after,toplama,değmez.,değmez.,topla-NEG.IMP.2SG,topla-ma,55,62,64,71,19,21,23,25,26
5,11,pre_ambiguity,False,149,"Eskişehir’de öğrenciyken herkes aynı şeyi söylerdi: Ev toplama, değmez.",negation,syntactic,after,toplama,değmez.,değmez.,topla-NEG.IMP.2SG,topla-ma,55,62,64,71,19,21,23,25,26
5,12,pre_ambiguity,False,150,"Eskişehir’de öğrenciyken herkes aynı şeyi söylerdi: Ev toplama, değmez.",negation,syntactic,after,toplama,değmez.,değmez.,topla-NEG.IMP.2SG,topla-ma,55,62,64,71,19,21,23,25,26
5,13,pre_ambiguity,False,151,"Eskişehir’de öğrenciyken herkes aynı şeyi söylerdi: Ev toplama, değmez.",negation,syntactic,after,toplama,değmez.,değmez.,topla-NEG.IMP.2SG,topla-ma,55,62,64,71,19,21,23,25,26
5,14,pre_ambiguity,False,152,"Eskişehir’de öğrenciyken herkes aynı şeyi söylerdi: Ev toplama, değmez.",negation,syntactic,after,toplama,değmez.,değmez.,topla-NEG.IMP.2SG,topla-ma,55,62,64,71,19,21,23,25,26
5,15,pre_ambiguity,False,153,"Eskişehir’de öğrenciyken herkes aynı şeyi söylerdi: Ev toplama, değmez.",negation,syntactic,after,toplama,değmez.,değmez.,topla-NEG.IMP.2SG,topla-ma,55,62,64,71,19,21,23,25,26
5,16,pre_ambiguity,False,154,"Eskişehir’de öğrenciyken herkes aynı şeyi söylerdi: Ev toplama, değmez.",negation,syntactic,after,toplama,değmez.,değmez.,topla-NEG.IMP.2SG,topla-ma,55,62,64,71,19,21,23,25,26
5,17,pre_ambiguity,False,155,"Eskişehir’de öğrenciyken herkes aynı şeyi söylerdi: Ev toplama, değmez.",negation,syntactic,after,toplama,değmez.,değmez.,topla-NEG.IMP.2SG,topla-ma,55,62,64,71,19,21,23,25,26
5,18,pre_ambiguity,False,156,"Eskişehir’de öğrenciyken herkes aynı şeyi söylerdi: Ev toplama, değmez.",negation,syntactic,after,toplama,değmez.,değmez.,topla-NEG.IMP.2SG,topla-ma,55,62,64,71,19,21,23,25,26
5,19,ambiguity_onset,False,157,"Eskişehir’de öğrenciyken herkes aynı şeyi söylerdi: Ev toplama, değmez.",negation,syntactic,after,toplama,değmez.,değmez.,topla-NEG.IMP.2SG,topla-ma,55,62,64,71,19,21,23,25,26
5,20,ambiguity_onset,False,158,"Eskişehir’de öğrenciyken herkes aynı şeyi söylerdi: Ev toplama, değmez.",negation,syntactic,after,toplama,değmez.,değmez.,topla-NEG.IMP.2SG,topla-ma,55,62,64,71,19,21,23,25,26
5,21,ambiguity_onset,False,159,"Eskişehir’de öğrenciyken herkes aynı şeyi söylerdi: Ev toplama, değmez.",negation,syntactic,after,toplama,değmez.,değmez.,topla-NEG.IMP.2SG,topla-ma,55,62,64,71,19,21,23,25,26
5,22,post_ambiguity_pre_cue,False,160,"Eskişehir’de öğrenciyken herkes aynı şeyi söylerdi: Ev toplama, değmez.",negation,syntactic,after,toplama,değmez.,değmez.,topla-NEG.IMP.2SG,topla-ma,55,62,64,71,19,21,23,25,26
5,23,cue_onset,False,161,"Eskişehir’de öğrenciyken herkes aynı şeyi söylerdi: Ev toplama, değmez.",negation,syntactic,after,toplama,değmez.,değmez.,topla-NEG.IMP.2SG,topla-ma,55,62,64,71,19,21,23,25,26
5,24,cue_onset,False,162,"Eskişehir’de öğrenciyken herkes aynı şeyi söylerdi: Ev toplama, değmez.",negation,syntactic,after,toplama,değmez.,değmez.,topla-NEG.IMP.2SG,topla-ma,55,62,64,71,19,21,23,25,26
5,25,full_sentence,True,163,"Eskişehir’de öğrenciyken herkes aynı şeyi söylerdi: Ev toplama, değmez.",negation,syntactic,after,toplama,değmez.,değmez.,topla-NEG.IMP.2SG,topla-ma,55,62,64,71,19,21,23,25,26
6,0,pre_ambiguity,False,164,"Frenkçe kitapların yazarı, genç kadına dedi ki: Evlilik öncesi çıkma biriyle sakın!",negation,syntactic,after,çıkma,sakın!,sakın!,çık-NEG.IMP.2SG,çık-ma,63,68,77,83,24,24,28,30,31
6,1,pre_ambiguity,False,165,"Frenkçe kitapların yazarı, genç kadına dedi ki: Evlilik öncesi çıkma biriyle sakın!",negation,syntactic,after,çıkma,sakın!,sakın!,çık-NEG.IMP.2SG,çık-ma,63,68,77,83,24,24,28,30,31
6,2,pre_ambiguity,False,166,"Frenkçe kitapların yazarı, genç kadına dedi ki: Evlilik öncesi çıkma biriyle sakın!",negation,syntactic,after,çıkma,sakın!,sakın!,çık-NEG.IMP.2SG,çık-ma,63,68,77,83,24,24,28,30,31
6,3,pre_ambiguity,False,167,"Frenkçe kitapların yazarı, genç kadına dedi ki: Evlilik öncesi çıkma biriyle sakın!",negation,syntactic,after,çıkma,sakın!,sakın!,çık-NEG.IMP.2SG,çık-ma,63,68,77,83,24,24,28,30,31
6,4,pre_ambiguity,False,168,"Frenkçe kitapların yazarı, genç kadına dedi ki: Evlilik öncesi çıkma biriyle sakın!",negation,syntactic,after,çıkma,sakın!,sakın!,çık-NEG.IMP.2SG,çık-ma,63,68,77,83,24,24,28,30,31
6,5,pre_ambiguity,False,169,"Frenkçe kitapların yazarı, genç kadına dedi ki: Evlilik öncesi çıkma biriyle sakın!",negation,syntactic,after,çıkma,sakın!,sakın!,çık-NEG.IMP.2SG,çık-ma,63,68,77,83,24,24,28,30,31
6,6,pre_ambiguity,False,170,"Frenkçe kitapların yazarı, genç kadına dedi ki: Evlilik öncesi çıkma biriyle sakın!",negation,syntactic,after,çıkma,sakın!,sakın!,çık-NEG.IMP.2SG,çık-ma,63,68,77,83,24,24,28,30,31
6,7,pre_ambiguity,False,171,"Frenkçe kitapların yazarı, genç kadına dedi ki: Evlilik öncesi çıkma biriyle sakın!",negation,syntactic,after,çıkma,sakın!,sakın!,çık-NEG.IMP.2SG,çık-ma,63,68,77,83,24,24,28,30,31
6,8,pre_ambiguity,False,172,"Frenkçe kitapların yazarı, genç kadına dedi ki: Evlilik öncesi çıkma biriyle sakın!",negation,syntactic,after,çıkma,sakın!,sakın!,çık-NEG.IMP.2SG,çık-ma,63,68,77,83,24,24,28,30,31
6,9,pre_ambiguity,False,173,"Frenkçe kitapların yazarı, genç kadına dedi ki: Evlilik öncesi çıkma biriyle sakın!",negation,syntactic,after,çıkma,sakın!,sakın!,çık-NEG.IMP.2SG,çık-ma,63,68,77,83,24,24,28,30,31
6,10,pre_ambiguity,False,174,"Frenkçe kitapların yazarı, genç kadına dedi ki: Evlilik öncesi çıkma biriyle sakın!",negation,syntactic,after,çıkma,sakın!,sakın!,çık-NEG.IMP.2SG,çık-ma,63,68,77,83,24,24,28,30,31
6,11,pre_ambiguity,False,175,"Frenkçe kitapların yazarı, genç kadına dedi ki: Evlilik öncesi çıkma biriyle sakın!",negation,syntactic,after,çıkma,sakın!,sakın!,çık-NEG.IMP.2SG,çık-ma,63,68,77,83,24,24,28,30,31
6,12,pre_ambiguity,False,176,"Frenkçe kitapların yazarı, genç kadına dedi ki: Evlilik öncesi çıkma biriyle sakın!",negation,syntactic,after,çıkma,sakın!,sakın!,çık-NEG.IMP.2SG,çık-ma,63,68,77,83,24,24,28,30,31
6,13,pre_ambiguity,False,177,"Frenkçe kitapların yazarı, genç kadına dedi ki: Evlilik öncesi çıkma biriyle sakın!",negation,syntactic,after,çıkma,sakın!,sakın!,çık-NEG.IMP.2SG,çık-ma,63,68,77,83,24,24,28,30,31
6,14,pre_ambiguity,False,178,"Frenkçe kitapların yazarı, genç kadına dedi ki: Evlilik öncesi çıkma biriyle sakın!",negation,syntactic,after,çıkma,sakın!,sakın!,çık-NEG.IMP.2SG,çık-ma,63,68,77,83,24,24,28,30,31
6,15,pre_ambiguity,False,179,"Frenkçe kitapların yazarı, genç kadına dedi ki: Evlilik öncesi çıkma biriyle sakın!",negation,syntactic,after,çıkma,sakın!,sakın!,çık-NEG.IMP.2SG,çık-ma,63,68,77,83,24,24,28,30,31
6,16,pre_ambiguity,False,180,"Frenkçe kitapların yazarı, genç kadına dedi ki: Evlilik öncesi çıkma biriyle sakın!",negation,syntactic,after,çıkma,sakın!,sakın!,çık-NEG.IMP.2SG,çık-ma,63,68,77,83,24,24,28,30,31
6,17,pre_ambiguity,False,181,"Frenkçe kitapların yazarı, genç kadına dedi ki: Evlilik öncesi çıkma biriyle sakın!",negation,syntactic,after,çıkma,sakın!,sakın!,çık-NEG.IMP.2SG,çık-ma,63,68,77,83,24,24,28,30,31
6,18,pre_ambiguity,False,182,"Frenkçe kitapların yazarı, genç kadına dedi ki: Evlilik öncesi çıkma biriyle sakın!",negation,syntactic,after,çıkma,sakın!,sakın!,çık-NEG.IMP.2SG,çık-ma,63,68,77,83,24,24,28,30,31
6,19,pre_ambiguity,False,183,"Frenkçe kitapların yazarı, genç kadına dedi ki: Evlilik öncesi çıkma biriyle sakın!",negation,syntactic,after,çıkma,sakın!,sakın!,çık-NEG.IMP.2SG,çık-ma,63,68,77,83,24,24,28,30,31
6,20,pre_ambiguity,False,184,"Frenkçe kitapların yazarı, genç kadına dedi ki: Evlilik öncesi çıkma biriyle sakın!",negation,syntactic,after,çıkma,sakın!,sakın!,çık-NEG.IMP.2SG,çık-ma,63,68,77,83,24,24,28,30,31
6,21,pre_ambiguity,False,185,"Frenkçe kitapların yazarı, genç kadına dedi ki: Evlilik öncesi çıkma biriyle sakın!",negation,syntactic,after,çıkma,sakın!,sakın!,çık-NEG.IMP.2SG,çık-ma,63,68,77,83,24,24,28,30,31
6,22,pre_ambiguity,False,186,"Frenkçe kitapların yazarı, genç kadına dedi ki: Evlilik öncesi çıkma biriyle sakın!",negation,syntactic,after,çıkma,sakın!,sakın!,çık-NEG.IMP.2SG,çık-ma,63,68,77,83,24,24,28,30,31
6,23,pre_ambiguity,False,187,"Frenkçe kitapların yazarı, genç kadına dedi ki: Evlilik öncesi çıkma biriyle sakın!",negation,syntactic,after,çıkma,sakın!,sakın!,çık-NEG.IMP.2SG,çık-ma,63,68,77,83,24,24,28,30,31
6,24,ambiguity_onset,False,188,"Frenkçe kitapların yazarı, genç kadına dedi ki: Evlilik öncesi çıkma biriyle sakın!",negation,syntactic,after,çıkma,sakın!,sakın!,çık-NEG.IMP.2SG,çık-ma,63,68,77,83,24,24,28,30,31
6,25,post_ambiguity_pre_cue,False,189,"Frenkçe kitapların yazarı, genç kadına dedi ki: Evlilik öncesi çıkma biriyle sakın!",negation,syntactic,after,çıkma,sakın!,sakın!,çık-NEG.IMP.2SG,çık-ma,63,68,77,83,24,24,28,30,31
6,26,post_ambiguity_pre_cue,False,190,"Frenkçe kitapların yazarı, genç kadına dedi ki: Evlilik öncesi çıkma biriyle sakın!",negation,syntactic,after,çıkma,sakın!,sakın!,çık-NEG.IMP.2SG,çık-ma,63,68,77,83,24,24,28,30,31
6,27,post_ambiguity_pre_cue,False,191,"Frenkçe kitapların yazarı, genç kadına dedi ki: Evlilik öncesi çıkma biriyle sakın!",negation,syntactic,after,çıkma,sakın!,sakın!,çık-NEG.IMP.2SG,çık-ma,63,68,77,83,24,24,28,30,31
6,28,cue_onset,False,192,"Frenkçe kitapların yazarı, genç kadına dedi ki: Evlilik öncesi çıkma biriyle sakın!",negation,syntactic,after,çıkma,sakın!,sakın!,çık-NEG.IMP.2SG,çık-ma,63,68,77,83,24,24,28,30,31
6,29,cue_onset,False,193,"Frenkçe kitapların yazarı, genç kadına dedi ki: Evlilik öncesi çıkma biriyle sakın!",negation,syntactic,after,çıkma,sakın!,sakın!,çık-NEG.IMP.2SG,çık-ma,63,68,77,83,24,24,28,30,31
6,30,full_sentence,True,194,"Frenkçe kitapların yazarı, genç kadına dedi ki: Evlilik öncesi çıkma biriyle sakın!",negation,syntactic,after,çıkma,sakın!,sakın!,çık-NEG.IMP.2SG,çık-ma,63,68,77,83,24,24,28,30,31
7,0,pre_ambiguity,False,195,İşte evlilik öncesi nişan bozma gibi ilişkilerle ilgili görgü kurallarının Frenkçe kitaplarda yazanı.,nominalizer,syntactic,after,bozma,gibi,kurallarının,boz-NMLZ,boz-ma,27,32,33,75,12,15,15,30,41
7,1,pre_ambiguity,False,196,İşte evlilik öncesi nişan bozma gibi ilişkilerle ilgili görgü kurallarının Frenkçe kitaplarda yazanı.,nominalizer,syntactic,after,bozma,gibi,kurallarının,boz-NMLZ,boz-ma,27,32,33,75,12,15,15,30,41
7,2,pre_ambiguity,False,197,İşte evlilik öncesi nişan bozma gibi ilişkilerle ilgili görgü kurallarının Frenkçe kitaplarda yazanı.,nominalizer,syntactic,after,bozma,gibi,kurallarının,boz-NMLZ,boz-ma,27,32,33,75,12,15,15,30,41
7,3,pre_ambiguity,False,198,İşte evlilik öncesi nişan bozma gibi ilişkilerle ilgili görgü kurallarının Frenkçe kitaplarda yazanı.,nominalizer,syntactic,after,bozma,gibi,kurallarının,boz-NMLZ,boz-ma,27,32,33,75,12,15,15,30,41
7,4,pre_ambiguity,False,199,İşte evlilik öncesi nişan bozma gibi ilişkilerle ilgili görgü kurallarının Frenkçe kitaplarda yazanı.,nominalizer,syntactic,after,bozma,gibi,kurallarının,boz-NMLZ,boz-ma,27,32,33,75,12,15,15,30,41
7,5,pre_ambiguity,False,200,İşte evlilik öncesi nişan bozma gibi ilişkilerle ilgili görgü kurallarının Frenkçe kitaplarda yazanı.,nominalizer,syntactic,after,bozma,gibi,kurallarının,boz-NMLZ,boz-ma,27,32,33,75,12,15,15,30,41
7,6,pre_ambiguity,False,201,İşte evlilik öncesi nişan bozma gibi ilişkilerle ilgili görgü kurallarının Frenkçe kitaplarda yazanı.,nominalizer,syntactic,after,bozma,gibi,kurallarının,boz-NMLZ,boz-ma,27,32,33,75,12,15,15,30,41
7,7,pre_ambiguity,False,202,İşte evlilik öncesi nişan bozma gibi ilişkilerle ilgili görgü kurallarının Frenkçe kitaplarda yazanı.,nominalizer,syntactic,after,bozma,gibi,kurallarının,boz-NMLZ,boz-ma,27,32,33,75,12,15,15,30,41
7,8,pre_ambiguity,False,203,İşte evlilik öncesi nişan bozma gibi ilişkilerle ilgili görgü kurallarının Frenkçe kitaplarda yazanı.,nominalizer,syntactic,after,bozma,gibi,kurallarının,boz-NMLZ,boz-ma,27,32,33,75,12,15,15,30,41
7,9,pre_ambiguity,False,204,İşte evlilik öncesi nişan bozma gibi ilişkilerle ilgili görgü kurallarının Frenkçe kitaplarda yazanı.,nominalizer,syntactic,after,bozma,gibi,kurallarının,boz-NMLZ,boz-ma,27,32,33,75,12,15,15,30,41
7,10,pre_ambiguity,False,205,İşte evlilik öncesi nişan bozma gibi ilişkilerle ilgili görgü kurallarının Frenkçe kitaplarda yazanı.,nominalizer,syntactic,after,bozma,gibi,kurallarının,boz-NMLZ,boz-ma,27,32,33,75,12,15,15,30,41
7,11,pre_ambiguity,False,206,İşte evlilik öncesi nişan bozma gibi ilişkilerle ilgili görgü kurallarının Frenkçe kitaplarda yazanı.,nominalizer,syntactic,after,bozma,gibi,kurallarının,boz-NMLZ,boz-ma,27,32,33,75,12,15,15,30,41
7,12,ambiguity_onset,False,207,İşte evlilik öncesi nişan bozma gibi ilişkilerle ilgili görgü kurallarının Frenkçe kitaplarda yazanı.,nominalizer,syntactic,after,bozma,gibi,kurallarının,boz-NMLZ,boz-ma,27,32,33,75,12,15,15,30,41
7,13,ambiguity_onset,False,208,İşte evlilik öncesi nişan bozma gibi ilişkilerle ilgili görgü kurallarının Frenkçe kitaplarda yazanı.,nominalizer,syntactic,after,bozma,gibi,kurallarının,boz-NMLZ,boz-ma,27,32,33,75,12,15,15,30,41
7,14,ambiguity_onset,False,209,İşte evlilik öncesi nişan bozma gibi ilişkilerle ilgili görgü kurallarının Frenkçe kitaplarda yazanı.,nominalizer,syntactic,after,bozma,gibi,kurallarının,boz-NMLZ,boz-ma,27,32,33,75,12,15,15,30,41
7,15,ambiguity_onset,False,210,İşte evlilik öncesi nişan bozma gibi ilişkilerle ilgili görgü kurallarının Frenkçe kitaplarda yazanı.,nominalizer,syntactic,after,bozma,gibi,kurallarının,boz-NMLZ,boz-ma,27,32,33,75,12,15,15,30,41
7,16,cue_onset,False,211,İşte evlilik öncesi nişan bozma gibi ilişkilerle ilgili görgü kurallarının Frenkçe kitaplarda yazanı.,nominalizer,syntactic,after,bozma,gibi,kurallarının,boz-NMLZ,boz-ma,27,32,33,75,12,15,15,30,41
7,17,cue_onset,False,212,İşte evlilik öncesi nişan bozma gibi ilişkilerle ilgili görgü kurallarının Frenkçe kitaplarda yazanı.,nominalizer,syntactic,after,bozma,gibi,kurallarının,boz-NMLZ,boz-ma,27,32,33,75,12,15,15,30,41
7,18,cue_onset,False,213,İşte evlilik öncesi nişan bozma gibi ilişkilerle ilgili görgü kurallarının Frenkçe kitaplarda yazanı.,nominalizer,syntactic,after,bozma,gibi,kurallarının,boz-NMLZ,boz-ma,27,32,33,75,12,15,15,30,41
7,19,cue_onset,False,214,İşte evlilik öncesi nişan bozma gibi ilişkilerle ilgili görgü kurallarının Frenkçe kitaplarda yazanı.,nominalizer,syntactic,after,bozma,gibi,kurallarının,boz-NMLZ,boz-ma,27,32,33,75,12,15,15,30,41
7,20,cue_onset,False,215,İşte evlilik öncesi nişan bozma gibi ilişkilerle ilgili görgü kurallarının Frenkçe kitaplarda yazanı.,nominalizer,syntactic,after,bozma,gibi,kurallarının,boz-NMLZ,boz-ma,27,32,33,75,12,15,15,30,41
7,21,cue_onset,False,216,İşte evlilik öncesi nişan bozma gibi ilişkilerle ilgili görgü kurallarının Frenkçe kitaplarda yazanı.,nominalizer,syntactic,after,bozma,gibi,kurallarının,boz-NMLZ,boz-ma,27,32,33,75,12,15,15,30,41
7,22,cue_onset,False,217,İşte evlilik öncesi nişan bozma gibi ilişkilerle ilgili görgü kurallarının Frenkçe kitaplarda yazanı.,nominalizer,syntactic,after,bozma,gibi,kurallarının,boz-NMLZ,boz-ma,27,32,33,75,12,15,15,30,41
7,23,cue_onset,False,218,İşte evlilik öncesi nişan bozma gibi ilişkilerle ilgili görgü kurallarının Frenkçe kitaplarda yazanı.,nominalizer,syntactic,after,bozma,gibi,kurallarının,boz-NMLZ,boz-ma,27,32,33,75,12,15,15,30,41
7,24,cue_onset,False,219,İşte evlilik öncesi nişan bozma gibi ilişkilerle ilgili görgü kurallarının Frenkçe kitaplarda yazanı.,nominalizer,syntactic,after,bozma,gibi,kurallarının,boz-NMLZ,boz-ma,27,32,33,75,12,15,15,30,41
7,25,cue_onset,False,220,İşte evlilik öncesi nişan bozma gibi ilişkilerle ilgili görgü kurallarının Frenkçe kitaplarda yazanı.,nominalizer,syntactic,after,bozma,gibi,kurallarının,boz-NMLZ,boz-ma,27,32,33,75,12,15,15,30,41
7,26,cue_onset,False,221,İşte evlilik öncesi nişan bozma gibi ilişkilerle ilgili görgü kurallarının Frenkçe kitaplarda yazanı.,nominalizer,syntactic,after,bozma,gibi,kurallarının,boz-NMLZ,boz-ma,27,32,33,75,12,15,15,30,41
7,27,cue_onset,False,222,İşte evlilik öncesi nişan bozma gibi ilişkilerle ilgili görgü kurallarının Frenkçe kitaplarda yazanı.,nominalizer,syntactic,after,bozma,gibi,kurallarının,boz-NMLZ,boz-ma,27,32,33,75,12,15,15,30,41
7,28,cue_onset,False,223,İşte evlilik öncesi nişan bozma gibi ilişkilerle ilgili görgü kurallarının Frenkçe kitaplarda yazanı.,nominalizer,syntactic,after,bozma,gibi,kurallarının,boz-NMLZ,boz-ma,27,32,33,75,12,15,15,30,41
7,29,cue_onset,False,224,İşte evlilik öncesi nişan bozma gibi ilişkilerle ilgili görgü kurallarının Frenkçe kitaplarda yazanı.,nominalizer,syntactic,after,bozma,gibi,kurallarının,boz-NMLZ,boz-ma,27,32,33,75,12,15,15,30,41
7,30,cue_onset,False,225,İşte evlilik öncesi nişan bozma gibi ilişkilerle ilgili görgü kurallarının Frenkçe kitaplarda yazanı.,nominalizer,syntactic,after,bozma,gibi,kurallarının,boz-NMLZ,boz-ma,27,32,33,75,12,15,15,30,41
7,31,post_cue,False,226,İşte evlilik öncesi nişan bozma gibi ilişkilerle ilgili görgü kurallarının Frenkçe kitaplarda yazanı.,nominalizer,syntactic,after,bozma,gibi,kurallarının,boz-NMLZ,boz-ma,27,32,33,75,12,15,15,30,41
7,32,post_cue,False,227,İşte evlilik öncesi nişan bozma gibi ilişkilerle ilgili görgü kurallarının Frenkçe kitaplarda yazanı.,nominalizer,syntactic,after,bozma,gibi,kurallarının,boz-NMLZ,boz-ma,27,32,33,75,12,15,15,30,41
7,33,post_cue,False,228,İşte evlilik öncesi nişan bozma gibi ilişkilerle ilgili görgü kurallarının Frenkçe kitaplarda yazanı.,nominalizer,syntactic,after,bozma,gibi,kurallarının,boz-NMLZ,boz-ma,27,32,33,75,12,15,15,30,41
7,34,post_cue,False,229,İşte evlilik öncesi nişan bozma gibi ilişkilerle ilgili görgü kurallarının Frenkçe kitaplarda yazanı.,nominalizer,syntactic,after,bozma,gibi,kurallarının,boz-NMLZ,boz-ma,27,32,33,75,12,15,15,30,41
7,35,post_cue,False,230,İşte evlilik öncesi nişan bozma gibi ilişkilerle ilgili görgü kurallarının Frenkçe kitaplarda yazanı.,nominalizer,syntactic,after,bozma,gibi,kurallarının,boz-NMLZ,boz-ma,27,32,33,75,12,15,15,30,41
7,36,post_cue,False,231,İşte evlilik öncesi nişan bozma gibi ilişkilerle ilgili görgü kurallarının Frenkçe kitaplarda yazanı.,nominalizer,syntactic,after,bozma,gibi,kurallarının,boz-NMLZ,boz-ma,27,32,33,75,12,15,15,30,41
7,37,post_cue,False,232,İşte evlilik öncesi nişan bozma gibi ilişkilerle ilgili görgü kurallarının Frenkçe kitaplarda yazanı.,nominalizer,syntactic,after,bozma,gibi,kurallarının,boz-NMLZ,boz-ma,27,32,33,75,12,15,15,30,41
7,38,post_cue,False,233,İşte evlilik öncesi nişan bozma gibi ilişkilerle ilgili görgü kurallarının Frenkçe kitaplarda yazanı.,nominalizer,syntactic,after,bozma,gibi,kurallarının,boz-NMLZ,boz-ma,27,32,33,75,12,15,15,30,41
7,39,post_cue,False,234,İşte evlilik öncesi nişan bozma gibi ilişkilerle ilgili görgü kurallarının Frenkçe kitaplarda yazanı.,nominalizer,syntactic,after,bozma,gibi,kurallarının,boz-NMLZ,boz-ma,27,32,33,75,12,15,15,30,41
7,40,full_sentence,True,235,İşte evlilik öncesi nişan bozma gibi ilişkilerle ilgili görgü kurallarının Frenkçe kitaplarda yazanı.,nominalizer,syntactic,after,bozma,gibi,kurallarının,boz-NMLZ,boz-ma,27,32,33,75,12,15,15,30,41
8,0,pre_ambiguity,False,236,İşte evlilik öncesi nişan bozma gibi ilişkilerle ilgili mevzuları açıklığa kavuşturan yazarın Frenkçe kitapları.,nominalizer,semantic,after,bozma,gibi,mevzuları,boz-NMLZ,boz-ma,27,32,33,66,12,15,15,28,47
8,1,pre_ambiguity,False,237,İşte evlilik öncesi nişan bozma gibi ilişkilerle ilgili mevzuları açıklığa kavuşturan yazarın Frenkçe kitapları.,nominalizer,semantic,after,bozma,gibi,mevzuları,boz-NMLZ,boz-ma,27,32,33,66,12,15,15,28,47
8,2,pre_ambiguity,False,238,İşte evlilik öncesi nişan bozma gibi ilişkilerle ilgili mevzuları açıklığa kavuşturan yazarın Frenkçe kitapları.,nominalizer,semantic,after,bozma,gibi,mevzuları,boz-NMLZ,boz-ma,27,32,33,66,12,15,15,28,47
8,3,pre_ambiguity,False,239,İşte evlilik öncesi nişan bozma gibi ilişkilerle ilgili mevzuları açıklığa kavuşturan yazarın Frenkçe kitapları.,nominalizer,semantic,after,bozma,gibi,mevzuları,boz-NMLZ,boz-ma,27,32,33,66,12,15,15,28,47
8,4,pre_ambiguity,False,240,İşte evlilik öncesi nişan bozma gibi ilişkilerle ilgili mevzuları açıklığa kavuşturan yazarın Frenkçe kitapları.,nominalizer,semantic,after,bozma,gibi,mevzuları,boz-NMLZ,boz-ma,27,32,33,66,12,15,15,28,47
8,5,pre_ambiguity,False,241,İşte evlilik öncesi nişan bozma gibi ilişkilerle ilgili mevzuları açıklığa kavuşturan yazarın Frenkçe kitapları.,nominalizer,semantic,after,bozma,gibi,mevzuları,boz-NMLZ,boz-ma,27,32,33,66,12,15,15,28,47
8,6,pre_ambiguity,False,242,İşte evlilik öncesi nişan bozma gibi ilişkilerle ilgili mevzuları açıklığa kavuşturan yazarın Frenkçe kitapları.,nominalizer,semantic,after,bozma,gibi,mevzuları,boz-NMLZ,boz-ma,27,32,33,66,12,15,15,28,47
8,7,pre_ambiguity,False,243,İşte evlilik öncesi nişan bozma gibi ilişkilerle ilgili mevzuları açıklığa kavuşturan yazarın Frenkçe kitapları.,nominalizer,semantic,after,bozma,gibi,mevzuları,boz-NMLZ,boz-ma,27,32,33,66,12,15,15,28,47
8,8,pre_ambiguity,False,244,İşte evlilik öncesi nişan bozma gibi ilişkilerle ilgili mevzuları açıklığa kavuşturan yazarın Frenkçe kitapları.,nominalizer,semantic,after,bozma,gibi,mevzuları,boz-NMLZ,boz-ma,27,32,33,66,12,15,15,28,47
8,9,pre_ambiguity,False,245,İşte evlilik öncesi nişan bozma gibi ilişkilerle ilgili mevzuları açıklığa kavuşturan yazarın Frenkçe kitapları.,nominalizer,semantic,after,bozma,gibi,mevzuları,boz-NMLZ,boz-ma,27,32,33,66,12,15,15,28,47
8,10,pre_ambiguity,False,246,İşte evlilik öncesi nişan bozma gibi ilişkilerle ilgili mevzuları açıklığa kavuşturan yazarın Frenkçe kitapları.,nominalizer,semantic,after,bozma,gibi,mevzuları,boz-NMLZ,boz-ma,27,32,33,66,12,15,15,28,47
8,11,pre_ambiguity,False,247,İşte evlilik öncesi nişan bozma gibi ilişkilerle ilgili mevzuları açıklığa kavuşturan yazarın Frenkçe kitapları.,nominalizer,semantic,after,bozma,gibi,mevzuları,boz-NMLZ,boz-ma,27,32,33,66,12,15,15,28,47
8,12,ambiguity_onset,False,248,İşte evlilik öncesi nişan bozma gibi ilişkilerle ilgili mevzuları açıklığa kavuşturan yazarın Frenkçe kitapları.,nominalizer,semantic,after,bozma,gibi,mevzuları,boz-NMLZ,boz-ma,27,32,33,66,12,15,15,28,47
8,13,ambiguity_onset,False,249,İşte evlilik öncesi nişan bozma gibi ilişkilerle ilgili mevzuları açıklığa kavuşturan yazarın Frenkçe kitapları.,nominalizer,semantic,after,bozma,gibi,mevzuları,boz-NMLZ,boz-ma,27,32,33,66,12,15,15,28,47
8,14,ambiguity_onset,False,250,İşte evlilik öncesi nişan bozma gibi ilişkilerle ilgili mevzuları açıklığa kavuşturan yazarın Frenkçe kitapları.,nominalizer,semantic,after,bozma,gibi,mevzuları,boz-NMLZ,boz-ma,27,32,33,66,12,15,15,28,47
8,15,ambiguity_onset,False,251,İşte evlilik öncesi nişan bozma gibi ilişkilerle ilgili mevzuları açıklığa kavuşturan yazarın Frenkçe kitapları.,nominalizer,semantic,after,bozma,gibi,mevzuları,boz-NMLZ,boz-ma,27,32,33,66,12,15,15,28,47
8,16,cue_onset,False,252,İşte evlilik öncesi nişan bozma gibi ilişkilerle ilgili mevzuları açıklığa kavuşturan yazarın Frenkçe kitapları.,nominalizer,semantic,after,bozma,gibi,mevzuları,boz-NMLZ,boz-ma,27,32,33,66,12,15,15,28,47
8,17,cue_onset,False,253,İşte evlilik öncesi nişan bozma gibi ilişkilerle ilgili mevzuları açıklığa kavuşturan yazarın Frenkçe kitapları.,nominalizer,semantic,after,bozma,gibi,mevzuları,boz-NMLZ,boz-ma,27,32,33,66,12,15,15,28,47
8,18,cue_onset,False,254,İşte evlilik öncesi nişan bozma gibi ilişkilerle ilgili mevzuları açıklığa kavuşturan yazarın Frenkçe kitapları.,nominalizer,semantic,after,bozma,gibi,mevzuları,boz-NMLZ,boz-ma,27,32,33,66,12,15,15,28,47
8,19,cue_onset,False,255,İşte evlilik öncesi nişan bozma gibi ilişkilerle ilgili mevzuları açıklığa kavuşturan yazarın Frenkçe kitapları.,nominalizer,semantic,after,bozma,gibi,mevzuları,boz-NMLZ,boz-ma,27,32,33,66,12,15,15,28,47
8,20,cue_onset,False,256,İşte evlilik öncesi nişan bozma gibi ilişkilerle ilgili mevzuları açıklığa kavuşturan yazarın Frenkçe kitapları.,nominalizer,semantic,after,bozma,gibi,mevzuları,boz-NMLZ,boz-ma,27,32,33,66,12,15,15,28,47
8,21,cue_onset,False,257,İşte evlilik öncesi nişan bozma gibi ilişkilerle ilgili mevzuları açıklığa kavuşturan yazarın Frenkçe kitapları.,nominalizer,semantic,after,bozma,gibi,mevzuları,boz-NMLZ,boz-ma,27,32,33,66,12,15,15,28,47
8,22,cue_onset,False,258,İşte evlilik öncesi nişan bozma gibi ilişkilerle ilgili mevzuları açıklığa kavuşturan yazarın Frenkçe kitapları.,nominalizer,semantic,after,bozma,gibi,mevzuları,boz-NMLZ,boz-ma,27,32,33,66,12,15,15,28,47
8,23,cue_onset,False,259,İşte evlilik öncesi nişan bozma gibi ilişkilerle ilgili mevzuları açıklığa kavuşturan yazarın Frenkçe kitapları.,nominalizer,semantic,after,bozma,gibi,mevzuları,boz-NMLZ,boz-ma,27,32,33,66,12,15,15,28,47
8,24,cue_onset,False,260,İşte evlilik öncesi nişan bozma gibi ilişkilerle ilgili mevzuları açıklığa kavuşturan yazarın Frenkçe kitapları.,nominalizer,semantic,after,bozma,gibi,mevzuları,boz-NMLZ,boz-ma,27,32,33,66,12,15,15,28,47
8,25,cue_onset,False,261,İşte evlilik öncesi nişan bozma gibi ilişkilerle ilgili mevzuları açıklığa kavuşturan yazarın Frenkçe kitapları.,nominalizer,semantic,after,bozma,gibi,mevzuları,boz-NMLZ,boz-ma,27,32,33,66,12,15,15,28,47
8,26,cue_onset,False,262,İşte evlilik öncesi nişan bozma gibi ilişkilerle ilgili mevzuları açıklığa kavuşturan yazarın Frenkçe kitapları.,nominalizer,semantic,after,bozma,gibi,mevzuları,boz-NMLZ,boz-ma,27,32,33,66,12,15,15,28,47
8,27,cue_onset,False,263,İşte evlilik öncesi nişan bozma gibi ilişkilerle ilgili mevzuları açıklığa kavuşturan yazarın Frenkçe kitapları.,nominalizer,semantic,after,bozma,gibi,mevzuları,boz-NMLZ,boz-ma,27,32,33,66,12,15,15,28,47
8,28,cue_onset,False,264,İşte evlilik öncesi nişan bozma gibi ilişkilerle ilgili mevzuları açıklığa kavuşturan yazarın Frenkçe kitapları.,nominalizer,semantic,after,bozma,gibi,mevzuları,boz-NMLZ,boz-ma,27,32,33,66,12,15,15,28,47
8,29,post_cue,False,265,İşte evlilik öncesi nişan bozma gibi ilişkilerle ilgili mevzuları açıklığa kavuşturan yazarın Frenkçe kitapları.,nominalizer,semantic,after,bozma,gibi,mevzuları,boz-NMLZ,boz-ma,27,32,33,66,12,15,15,28,47
8,30,post_cue,False,266,İşte evlilik öncesi nişan bozma gibi ilişkilerle ilgili mevzuları açıklığa kavuşturan yazarın Frenkçe kitapları.,nominalizer,semantic,after,bozma,gibi,mevzuları,boz-NMLZ,boz-ma,27,32,33,66,12,15,15,28,47
8,31,post_cue,False,267,İşte evlilik öncesi nişan bozma gibi ilişkilerle ilgili mevzuları açıklığa kavuşturan yazarın Frenkçe kitapları.,nominalizer,semantic,after,bozma,gibi,mevzuları,boz-NMLZ,boz-ma,27,32,33,66,12,15,15,28,47
8,32,post_cue,False,268,İşte evlilik öncesi nişan bozma gibi ilişkilerle ilgili mevzuları açıklığa kavuşturan yazarın Frenkçe kitapları.,nominalizer,semantic,after,bozma,gibi,mevzuları,boz-NMLZ,boz-ma,27,32,33,66,12,15,15,28,47
8,33,post_cue,False,269,İşte evlilik öncesi nişan bozma gibi ilişkilerle ilgili mevzuları açıklığa kavuşturan yazarın Frenkçe kitapları.,nominalizer,semantic,after,bozma,gibi,mevzuları,boz-NMLZ,boz-ma,27,32,33,66,12,15,15,28,47
8,34,post_cue,False,270,İşte evlilik öncesi nişan bozma gibi ilişkilerle ilgili mevzuları açıklığa kavuşturan yazarın Frenkçe kitapları.,nominalizer,semantic,after,bozma,gibi,mevzuları,boz-NMLZ,boz-ma,27,32,33,66,12,15,15,28,47
8,35,post_cue,False,271,İşte evlilik öncesi nişan bozma gibi ilişkilerle ilgili mevzuları açıklığa kavuşturan yazarın Frenkçe kitapları.,nominalizer,semantic,after,bozma,gibi,mevzuları,boz-NMLZ,boz-ma,27,32,33,66,12,15,15,28,47
8,36,post_cue,False,272,İşte evlilik öncesi nişan bozma gibi ilişkilerle ilgili mevzuları açıklığa kavuşturan yazarın Frenkçe kitapları.,nominalizer,semantic,after,bozma,gibi,mevzuları,boz-NMLZ,boz-ma,27,32,33,66,12,15,15,28,47
8,37,post_cue,False,273,İşte evlilik öncesi nişan bozma gibi ilişkilerle ilgili mevzuları açıklığa kavuşturan yazarın Frenkçe kitapları.,nominalizer,semantic,after,bozma,gibi,mevzuları,boz-NMLZ,boz-ma,27,32,33,66,12,15,15,28,47
8,38,post_cue,False,274,İşte evlilik öncesi nişan bozma gibi ilişkilerle ilgili mevzuları açıklığa kavuşturan yazarın Frenkçe kitapları.,nominalizer,semantic,after,bozma,gibi,mevzuları,boz-NMLZ,boz-ma,27,32,33,66,12,15,15,28,47
8,39,post_cue,False,275,İşte evlilik öncesi nişan bozma gibi ilişkilerle ilgili mevzuları açıklığa kavuşturan yazarın Frenkçe kitapları.,nominalizer,semantic,after,bozma,gibi,mevzuları,boz-NMLZ,boz-ma,27,32,33,66,12,15,15,28,47
8,40,post_cue,False,276,İşte evlilik öncesi nişan bozma gibi ilişkilerle ilgili mevzuları açıklığa kavuşturan yazarın Frenkçe kitapları.,nominalizer,semantic,after,bozma,gibi,mevzuları,boz-NMLZ,boz-ma,27,32,33,66,12,15,15,28,47
8,41,post_cue,False,277,İşte evlilik öncesi nişan bozma gibi ilişkilerle ilgili mevzuları açıklığa kavuşturan yazarın Frenkçe kitapları.,nominalizer,semantic,after,bozma,gibi,mevzuları,boz-NMLZ,boz-ma,27,32,33,66,12,15,15,28,47
8,42,post_cue,False,278,İşte evlilik öncesi nişan bozma gibi ilişkilerle ilgili mevzuları açıklığa kavuşturan yazarın Frenkçe kitapları.,nominalizer,semantic,after,bozma,gibi,mevzuları,boz-NMLZ,boz-ma,27,32,33,66,12,15,15,28,47
8,43,post_cue,False,279,İşte evlilik öncesi nişan bozma gibi ilişkilerle ilgili mevzuları açıklığa kavuşturan yazarın Frenkçe kitapları.,nominalizer,semantic,after,bozma,gibi,mevzuları,boz-NMLZ,boz-ma,27,32,33,66,12,15,15,28,47
8,44,post_cue,False,280,İşte evlilik öncesi nişan bozma gibi ilişkilerle ilgili mevzuları açıklığa kavuşturan yazarın Frenkçe kitapları.,nominalizer,semantic,after,bozma,gibi,mevzuları,boz-NMLZ,boz-ma,27,32,33,66,12,15,15,28,47
8,45,post_cue,False,281,İşte evlilik öncesi nişan bozma gibi ilişkilerle ilgili mevzuları açıklığa kavuşturan yazarın Frenkçe kitapları.,nominalizer,semantic,after,bozma,gibi,mevzuları,boz-NMLZ,boz-ma,27,32,33,66,12,15,15,28,47
8,46,full_sentence,True,282,İşte evlilik öncesi nişan bozma gibi ilişkilerle ilgili mevzuları açıklığa kavuşturan yazarın Frenkçe kitapları.,nominalizer,semantic,after,bozma,gibi,mevzuları,boz-NMLZ,boz-ma,27,32,33,66,12,15,15,28,47
9,0,cue_onset,False,283,Başladı şaşkın genç kıza nasihatler vermeye: Evlilik öncesi biriyle çıkma!,negation,semantic,before,çıkma,Başladı,vermeye:,çık-NEG.IMP.2SG,çık-ma,68,73,0,44,25,25,0,15,27
9,1,cue_onset,False,284,Başladı şaşkın genç kıza nasihatler vermeye: Evlilik öncesi biriyle çıkma!,negation,semantic,before,çıkma,Başladı,vermeye:,çık-NEG.IMP.2SG,çık-ma,68,73,0,44,25,25,0,15,27
9,2,cue_onset,False,285,Başladı şaşkın genç kıza nasihatler vermeye: Evlilik öncesi biriyle çıkma!,negation,semantic,before,çıkma,Başladı,vermeye:,çık-NEG.IMP.2SG,çık-ma,68,73,0,44,25,25,0,15,27
9,3,cue_onset,False,286,Başladı şaşkın genç kıza nasihatler vermeye: Evlilik öncesi biriyle çıkma!,negation,semantic,before,çıkma,Başladı,vermeye:,çık-NEG.IMP.2SG,çık-ma,68,73,0,44,25,25,0,15,27
9,4,cue_onset,False,287,Başladı şaşkın genç kıza nasihatler vermeye: Evlilik öncesi biriyle çıkma!,negation,semantic,before,çıkma,Başladı,vermeye:,çık-NEG.IMP.2SG,çık-ma,68,73,0,44,25,25,0,15,27
9,5,cue_onset,False,288,Başladı şaşkın genç kıza nasihatler vermeye: Evlilik öncesi biriyle çıkma!,negation,semantic,before,çıkma,Başladı,vermeye:,çık-NEG.IMP.2SG,çık-ma,68,73,0,44,25,25,0,15,27
9,6,cue_onset,False,289,Başladı şaşkın genç kıza nasihatler vermeye: Evlilik öncesi biriyle çıkma!,negation,semantic,before,çıkma,Başladı,vermeye:,çık-NEG.IMP.2SG,çık-ma,68,73,0,44,25,25,0,15,27
9,7,cue_onset,False,290,Başladı şaşkın genç kıza nasihatler vermeye: Evlilik öncesi biriyle çıkma!,negation,semantic,before,çıkma,Başladı,vermeye:,çık-NEG.IMP.2SG,çık-ma,68,73,0,44,25,25,0,15,27
9,8,cue_onset,False,291,Başladı şaşkın genç kıza nasihatler vermeye: Evlilik öncesi biriyle çıkma!,negation,semantic,before,çıkma,Başladı,vermeye:,çık-NEG.IMP.2SG,çık-ma,68,73,0,44,25,25,0,15,27
9,9,cue_onset,False,292,Başladı şaşkın genç kıza nasihatler vermeye: Evlilik öncesi biriyle çıkma!,negation,semantic,before,çıkma,Başladı,vermeye:,çık-NEG.IMP.2SG,çık-ma,68,73,0,44,25,25,0,15,27
9,10,cue_onset,False,293,Başladı şaşkın genç kıza nasihatler vermeye: Evlilik öncesi biriyle çıkma!,negation,semantic,before,çıkma,Başladı,vermeye:,çık-NEG.IMP.2SG,çık-ma,68,73,0,44,25,25,0,15,27
9,11,cue_onset,False,294,Başladı şaşkın genç kıza nasihatler vermeye: Evlilik öncesi biriyle çıkma!,negation,semantic,before,çıkma,Başladı,vermeye:,çık-NEG.IMP.2SG,çık-ma,68,73,0,44,25,25,0,15,27
9,12,cue_onset,False,295,Başladı şaşkın genç kıza nasihatler vermeye: Evlilik öncesi biriyle çıkma!,negation,semantic,before,çıkma,Başladı,vermeye:,çık-NEG.IMP.2SG,çık-ma,68,73,0,44,25,25,0,15,27
9,13,cue_onset,False,296,Başladı şaşkın genç kıza nasihatler vermeye: Evlilik öncesi biriyle çıkma!,negation,semantic,before,çıkma,Başladı,vermeye:,çık-NEG.IMP.2SG,çık-ma,68,73,0,44,25,25,0,15,27
9,14,cue_onset,False,297,Başladı şaşkın genç kıza nasihatler vermeye: Evlilik öncesi biriyle çıkma!,negation,semantic,before,çıkma,Başladı,vermeye:,çık-NEG.IMP.2SG,çık-ma,68,73,0,44,25,25,0,15,27
9,15,cue_onset,False,298,Başladı şaşkın genç kıza nasihatler vermeye: Evlilik öncesi biriyle çıkma!,negation,semantic,before,çıkma,Başladı,vermeye:,çık-NEG.IMP.2SG,çık-ma,68,73,0,44,25,25,0,15,27
9,16,post_cue_pre_ambiguity,False,299,Başladı şaşkın genç kıza nasihatler vermeye: Evlilik öncesi biriyle çıkma!,negation,semantic,before,çıkma,Başladı,vermeye:,çık-NEG.IMP.2SG,çık-ma,68,73,0,44,25,25,0,15,27
9,17,post_cue_pre_ambiguity,False,300,Başladı şaşkın genç kıza nasihatler vermeye: Evlilik öncesi biriyle çıkma!,negation,semantic,before,çıkma,Başladı,vermeye:,çık-NEG.IMP.2SG,çık-ma,68,73,0,44,25,25,0,15,27
9,18,post_cue_pre_ambiguity,False,301,Başladı şaşkın genç kıza nasihatler vermeye: Evlilik öncesi biriyle çıkma!,negation,semantic,before,çıkma,Başladı,vermeye:,çık-NEG.IMP.2SG,çık-ma,68,73,0,44,25,25,0,15,27
9,19,post_cue_pre_ambiguity,False,302,Başladı şaşkın genç kıza nasihatler vermeye: Evlilik öncesi biriyle çıkma!,negation,semantic,before,çıkma,Başladı,vermeye:,çık-NEG.IMP.2SG,çık-ma,68,73,0,44,25,25,0,15,27
9,20,post_cue_pre_ambiguity,False,303,Başladı şaşkın genç kıza nasihatler vermeye: Evlilik öncesi biriyle çıkma!,negation,semantic,before,çıkma,Başladı,vermeye:,çık-NEG.IMP.2SG,çık-ma,68,73,0,44,25,25,0,15,27
9,21,post_cue_pre_ambiguity,False,304,Başladı şaşkın genç kıza nasihatler vermeye: Evlilik öncesi biriyle çıkma!,negation,semantic,before,çıkma,Başladı,vermeye:,çık-NEG.IMP.2SG,çık-ma,68,73,0,44,25,25,0,15,27
9,22,post_cue_pre_ambiguity,False,305,Başladı şaşkın genç kıza nasihatler vermeye: Evlilik öncesi biriyle çıkma!,negation,semantic,before,çıkma,Başladı,vermeye:,çık-NEG.IMP.2SG,çık-ma,68,73,0,44,25,25,0,15,27
9,23,post_cue_pre_ambiguity,False,306,Başladı şaşkın genç kıza nasihatler vermeye: Evlilik öncesi biriyle çıkma!,negation,semantic,before,çıkma,Başladı,vermeye:,çık-NEG.IMP.2SG,çık-ma,68,73,0,44,25,25,0,15,27
9,24,post_cue_pre_ambiguity,False,307,Başladı şaşkın genç kıza nasihatler vermeye: Evlilik öncesi biriyle çıkma!,negation,semantic,before,çıkma,Başladı,vermeye:,çık-NEG.IMP.2SG,çık-ma,68,73,0,44,25,25,0,15,27
9,25,ambiguity_onset,False,308,Başladı şaşkın genç kıza nasihatler vermeye: Evlilik öncesi biriyle çıkma!,negation,semantic,before,çıkma,Başladı,vermeye:,çık-NEG.IMP.2SG,çık-ma,68,73,0,44,25,25,0,15,27
9,26,full_sentence,True,309,Başladı şaşkın genç kıza nasihatler vermeye: Evlilik öncesi biriyle çıkma!,negation,semantic,before,çıkma,Başladı,vermeye:,çık-NEG.IMP.2SG,çık-ma,68,73,0,44,25,25,0,15,27
10,0,pre_ambiguity,False,310,"Adabı muaşerete çok dikkat ederdi, bu yüzden sahaftan aldığı Frenkçe kitapta yazanları emir bellemişti: Evlilik öncesi biriyle çıkma!",negation,semantic,before,çıkma,sahaftan,bellemişti:,çık-NEG.IMP.2SG,çık-ma,127,132,45,103,47,47,17,37,49
10,1,pre_ambiguity,False,311,"Adabı muaşerete çok dikkat ederdi, bu yüzden sahaftan aldığı Frenkçe kitapta yazanları emir bellemişti: Evlilik öncesi biriyle çıkma!",negation,semantic,before,çıkma,sahaftan,bellemişti:,çık-NEG.IMP.2SG,çık-ma,127,132,45,103,47,47,17,37,49
10,2,pre_ambiguity,False,312,"Adabı muaşerete çok dikkat ederdi, bu yüzden sahaftan aldığı Frenkçe kitapta yazanları emir bellemişti: Evlilik öncesi biriyle çıkma!",negation,semantic,before,çıkma,sahaftan,bellemişti:,çık-NEG.IMP.2SG,çık-ma,127,132,45,103,47,47,17,37,49
10,3,pre_ambiguity,False,313,"Adabı muaşerete çok dikkat ederdi, bu yüzden sahaftan aldığı Frenkçe kitapta yazanları emir bellemişti: Evlilik öncesi biriyle çıkma!",negation,semantic,before,çıkma,sahaftan,bellemişti:,çık-NEG.IMP.2SG,çık-ma,127,132,45,103,47,47,17,37,49
10,4,pre_ambiguity,False,314,"Adabı muaşerete çok dikkat ederdi, bu yüzden sahaftan aldığı Frenkçe kitapta yazanları emir bellemişti: Evlilik öncesi biriyle çıkma!",negation,semantic,before,çıkma,sahaftan,bellemişti:,çık-NEG.IMP.2SG,çık-ma,127,132,45,103,47,47,17,37,49
10,5,pre_ambiguity,False,315,"Adabı muaşerete çok dikkat ederdi, bu yüzden sahaftan aldığı Frenkçe kitapta yazanları emir bellemişti: Evlilik öncesi biriyle çıkma!",negation,semantic,before,çıkma,sahaftan,bellemişti:,çık-NEG.IMP.2SG,çık-ma,127,132,45,103,47,47,17,37,49
10,6,pre_ambiguity,False,316,"Adabı muaşerete çok dikkat ederdi, bu yüzden sahaftan aldığı Frenkçe kitapta yazanları emir bellemişti: Evlilik öncesi biriyle çıkma!",negation,semantic,before,çıkma,sahaftan,bellemişti:,çık-NEG.IMP.2SG,çık-ma,127,132,45,103,47,47,17,37,49
10,7,pre_ambiguity,False,317,"Adabı muaşerete çok dikkat ederdi, bu yüzden sahaftan aldığı Frenkçe kitapta yazanları emir bellemişti: Evlilik öncesi biriyle çıkma!",negation,semantic,before,çıkma,sahaftan,bellemişti:,çık-NEG.IMP.2SG,çık-ma,127,132,45,103,47,47,17,37,49
10,8,pre_ambiguity,False,318,"Adabı muaşerete çok dikkat ederdi, bu yüzden sahaftan aldığı Frenkçe kitapta yazanları emir bellemişti: Evlilik öncesi biriyle çıkma!",negation,semantic,before,çıkma,sahaftan,bellemişti:,çık-NEG.IMP.2SG,çık-ma,127,132,45,103,47,47,17,37,49
10,9,pre_ambiguity,False,319,"Adabı muaşerete çok dikkat ederdi, bu yüzden sahaftan aldığı Frenkçe kitapta yazanları emir bellemişti: Evlilik öncesi biriyle çıkma!",negation,semantic,before,çıkma,sahaftan,bellemişti:,çık-NEG.IMP.2SG,çık-ma,127,132,45,103,47,47,17,37,49
10,10,pre_ambiguity,False,320,"Adabı muaşerete çok dikkat ederdi, bu yüzden sahaftan aldığı Frenkçe kitapta yazanları emir bellemişti: Evlilik öncesi biriyle çıkma!",negation,semantic,before,çıkma,sahaftan,bellemişti:,çık-NEG.IMP.2SG,çık-ma,127,132,45,103,47,47,17,37,49
10,11,pre_ambiguity,False,321,"Adabı muaşerete çok dikkat ederdi, bu yüzden sahaftan aldığı Frenkçe kitapta yazanları emir bellemişti: Evlilik öncesi biriyle çıkma!",negation,semantic,before,çıkma,sahaftan,bellemişti:,çık-NEG.IMP.2SG,çık-ma,127,132,45,103,47,47,17,37,49
10,12,pre_ambiguity,False,322,"Adabı muaşerete çok dikkat ederdi, bu yüzden sahaftan aldığı Frenkçe kitapta yazanları emir bellemişti: Evlilik öncesi biriyle çıkma!",negation,semantic,before,çıkma,sahaftan,bellemişti:,çık-NEG.IMP.2SG,çık-ma,127,132,45,103,47,47,17,37,49
10,13,pre_ambiguity,False,323,"Adabı muaşerete çok dikkat ederdi, bu yüzden sahaftan aldığı Frenkçe kitapta yazanları emir bellemişti: Evlilik öncesi biriyle çıkma!",negation,semantic,before,çıkma,sahaftan,bellemişti:,çık-NEG.IMP.2SG,çık-ma,127,132,45,103,47,47,17,37,49
10,14,pre_ambiguity,False,324,"Adabı muaşerete çok dikkat ederdi, bu yüzden sahaftan aldığı Frenkçe kitapta yazanları emir bellemişti: Evlilik öncesi biriyle çıkma!",negation,semantic,before,çıkma,sahaftan,bellemişti:,çık-NEG.IMP.2SG,çık-ma,127,132,45,103,47,47,17,37,49
10,15,pre_ambiguity,False,325,"Adabı muaşerete çok dikkat ederdi, bu yüzden sahaftan aldığı Frenkçe kitapta yazanları emir bellemişti: Evlilik öncesi biriyle çıkma!",negation,semantic,before,çıkma,sahaftan,bellemişti:,çık-NEG.IMP.2SG,çık-ma,127,132,45,103,47,47,17,37,49
10,16,pre_ambiguity,False,326,"Adabı muaşerete çok dikkat ederdi, bu yüzden sahaftan aldığı Frenkçe kitapta yazanları emir bellemişti: Evlilik öncesi biriyle çıkma!",negation,semantic,before,çıkma,sahaftan,bellemişti:,çık-NEG.IMP.2SG,çık-ma,127,132,45,103,47,47,17,37,49
10,17,cue_onset,False,327,"Adabı muaşerete çok dikkat ederdi, bu yüzden sahaftan aldığı Frenkçe kitapta yazanları emir bellemişti: Evlilik öncesi biriyle çıkma!",negation,semantic,before,çıkma,sahaftan,bellemişti:,çık-NEG.IMP.2SG,çık-ma,127,132,45,103,47,47,17,37,49
10,18,cue_onset,False,328,"Adabı muaşerete çok dikkat ederdi, bu yüzden sahaftan aldığı Frenkçe kitapta yazanları emir bellemişti: Evlilik öncesi biriyle çıkma!",negation,semantic,before,çıkma,sahaftan,bellemişti:,çık-NEG.IMP.2SG,çık-ma,127,132,45,103,47,47,17,37,49
10,19,cue_onset,False,329,"Adabı muaşerete çok dikkat ederdi, bu yüzden sahaftan aldığı Frenkçe kitapta yazanları emir bellemişti: Evlilik öncesi biriyle çıkma!",negation,semantic,before,çıkma,sahaftan,bellemişti:,çık-NEG.IMP.2SG,çık-ma,127,132,45,103,47,47,17,37,49
10,20,cue_onset,False,330,"Adabı muaşerete çok dikkat ederdi, bu yüzden sahaftan aldığı Frenkçe kitapta yazanları emir bellemişti: Evlilik öncesi biriyle çıkma!",negation,semantic,before,çıkma,sahaftan,bellemişti:,çık-NEG.IMP.2SG,çık-ma,127,132,45,103,47,47,17,37,49
10,21,cue_onset,False,331,"Adabı muaşerete çok dikkat ederdi, bu yüzden sahaftan aldığı Frenkçe kitapta yazanları emir bellemişti: Evlilik öncesi biriyle çıkma!",negation,semantic,before,çıkma,sahaftan,bellemişti:,çık-NEG.IMP.2SG,çık-ma,127,132,45,103,47,47,17,37,49
10,22,cue_onset,False,332,"Adabı muaşerete çok dikkat ederdi, bu yüzden sahaftan aldığı Frenkçe kitapta yazanları emir bellemişti: Evlilik öncesi biriyle çıkma!",negation,semantic,before,çıkma,sahaftan,bellemişti:,çık-NEG.IMP.2SG,çık-ma,127,132,45,103,47,47,17,37,49
10,23,cue_onset,False,333,"Adabı muaşerete çok dikkat ederdi, bu yüzden sahaftan aldığı Frenkçe kitapta yazanları emir bellemişti: Evlilik öncesi biriyle çıkma!",negation,semantic,before,çıkma,sahaftan,bellemişti:,çık-NEG.IMP.2SG,çık-ma,127,132,45,103,47,47,17,37,49
10,24,cue_onset,False,334,"Adabı muaşerete çok dikkat ederdi, bu yüzden sahaftan aldığı Frenkçe kitapta yazanları emir bellemişti: Evlilik öncesi biriyle çıkma!",negation,semantic,before,çıkma,sahaftan,bellemişti:,çık-NEG.IMP.2SG,çık-ma,127,132,45,103,47,47,17,37,49
10,25,cue_onset,False,335,"Adabı muaşerete çok dikkat ederdi, bu yüzden sahaftan aldığı Frenkçe kitapta yazanları emir bellemişti: Evlilik öncesi biriyle çıkma!",negation,semantic,before,çıkma,sahaftan,bellemişti:,çık-NEG.IMP.2SG,çık-ma,127,132,45,103,47,47,17,37,49
10,26,cue_onset,False,336,"Adabı muaşerete çok dikkat ederdi, bu yüzden sahaftan aldığı Frenkçe kitapta yazanları emir bellemişti: Evlilik öncesi biriyle çıkma!",negation,semantic,before,çıkma,sahaftan,bellemişti:,çık-NEG.IMP.2SG,çık-ma,127,132,45,103,47,47,17,37,49
10,27,cue_onset,False,337,"Adabı muaşerete çok dikkat ederdi, bu yüzden sahaftan aldığı Frenkçe kitapta yazanları emir bellemişti: Evlilik öncesi biriyle çıkma!",negation,semantic,before,çıkma,sahaftan,bellemişti:,çık-NEG.IMP.2SG,çık-ma,127,132,45,103,47,47,17,37,49
10,28,cue_onset,False,338,"Adabı muaşerete çok dikkat ederdi, bu yüzden sahaftan aldığı Frenkçe kitapta yazanları emir bellemişti: Evlilik öncesi biriyle çıkma!",negation,semantic,before,çıkma,sahaftan,bellemişti:,çık-NEG.IMP.2SG,çık-ma,127,132,45,103,47,47,17,37,49
10,29,cue_onset,False,339,"Adabı muaşerete çok dikkat ederdi, bu yüzden sahaftan aldığı Frenkçe kitapta yazanları emir bellemişti: Evlilik öncesi biriyle çıkma!",negation,semantic,before,çıkma,sahaftan,bellemişti:,çık-NEG.IMP.2SG,çık-ma,127,132,45,103,47,47,17,37,49
10,30,cue_onset,False,340,"Adabı muaşerete çok dikkat ederdi, bu yüzden sahaftan aldığı Frenkçe kitapta yazanları emir bellemişti: Evlilik öncesi biriyle çıkma!",negation,semantic,before,çıkma,sahaftan,bellemişti:,çık-NEG.IMP.2SG,çık-ma,127,132,45,103,47,47,17,37,49
10,31,cue_onset,False,341,"Adabı muaşerete çok dikkat ederdi, bu yüzden sahaftan aldığı Frenkçe kitapta yazanları emir bellemişti: Evlilik öncesi biriyle çıkma!",negation,semantic,before,çıkma,sahaftan,bellemişti:,çık-NEG.IMP.2SG,çık-ma,127,132,45,103,47,47,17,37,49
10,32,cue_onset,False,342,"Adabı muaşerete çok dikkat ederdi, bu yüzden sahaftan aldığı Frenkçe kitapta yazanları emir bellemişti: Evlilik öncesi biriyle çıkma!",negation,semantic,before,çıkma,sahaftan,bellemişti:,çık-NEG.IMP.2SG,çık-ma,127,132,45,103,47,47,17,37,49
10,33,cue_onset,False,343,"Adabı muaşerete çok dikkat ederdi, bu yüzden sahaftan aldığı Frenkçe kitapta yazanları emir bellemişti: Evlilik öncesi biriyle çıkma!",negation,semantic,before,çıkma,sahaftan,bellemişti:,çık-NEG.IMP.2SG,çık-ma,127,132,45,103,47,47,17,37,49
10,34,cue_onset,False,344,"Adabı muaşerete çok dikkat ederdi, bu yüzden sahaftan aldığı Frenkçe kitapta yazanları emir bellemişti: Evlilik öncesi biriyle çıkma!",negation,semantic,before,çıkma,sahaftan,bellemişti:,çık-NEG.IMP.2SG,çık-ma,127,132,45,103,47,47,17,37,49
10,35,cue_onset,False,345,"Adabı muaşerete çok dikkat ederdi, bu yüzden sahaftan aldığı Frenkçe kitapta yazanları emir bellemişti: Evlilik öncesi biriyle çıkma!",negation,semantic,before,çıkma,sahaftan,bellemişti:,çık-NEG.IMP.2SG,çık-ma,127,132,45,103,47,47,17,37,49
10,36,cue_onset,False,346,"Adabı muaşerete çok dikkat ederdi, bu yüzden sahaftan aldığı Frenkçe kitapta yazanları emir bellemişti: Evlilik öncesi biriyle çıkma!",negation,semantic,before,çıkma,sahaftan,bellemişti:,çık-NEG.IMP.2SG,çık-ma,127,132,45,103,47,47,17,37,49
10,37,cue_onset,False,347,"Adabı muaşerete çok dikkat ederdi, bu yüzden sahaftan aldığı Frenkçe kitapta yazanları emir bellemişti: Evlilik öncesi biriyle çıkma!",negation,semantic,before,çıkma,sahaftan,bellemişti:,çık-NEG.IMP.2SG,çık-ma,127,132,45,103,47,47,17,37,49
10,38,post_cue_pre_ambiguity,False,348,"Adabı muaşerete çok dikkat ederdi, bu yüzden sahaftan aldığı Frenkçe kitapta yazanları emir bellemişti: Evlilik öncesi biriyle çıkma!",negation,semantic,before,çıkma,sahaftan,bellemişti:,çık-NEG.IMP.2SG,çık-ma,127,132,45,103,47,47,17,37,49
10,39,post_cue_pre_ambiguity,False,349,"Adabı muaşerete çok dikkat ederdi, bu yüzden sahaftan aldığı Frenkçe kitapta yazanları emir bellemişti: Evlilik öncesi biriyle çıkma!",negation,semantic,before,çıkma,sahaftan,bellemişti:,çık-NEG.IMP.2SG,çık-ma,127,132,45,103,47,47,17,37,49
10,40,post_cue_pre_ambiguity,False,350,"Adabı muaşerete çok dikkat ederdi, bu yüzden sahaftan aldığı Frenkçe kitapta yazanları emir bellemişti: Evlilik öncesi biriyle çıkma!",negation,semantic,before,çıkma,sahaftan,bellemişti:,çık-NEG.IMP.2SG,çık-ma,127,132,45,103,47,47,17,37,49
10,41,post_cue_pre_ambiguity,False,351,"Adabı muaşerete çok dikkat ederdi, bu yüzden sahaftan aldığı Frenkçe kitapta yazanları emir bellemişti: Evlilik öncesi biriyle çıkma!",negation,semantic,before,çıkma,sahaftan,bellemişti:,çık-NEG.IMP.2SG,çık-ma,127,132,45,103,47,47,17,37,49
10,42,post_cue_pre_ambiguity,False,352,"Adabı muaşerete çok dikkat ederdi, bu yüzden sahaftan aldığı Frenkçe kitapta yazanları emir bellemişti: Evlilik öncesi biriyle çıkma!",negation,semantic,before,çıkma,sahaftan,bellemişti:,çık-NEG.IMP.2SG,çık-ma,127,132,45,103,47,47,17,37,49
10,43,post_cue_pre_ambiguity,False,353,"Adabı muaşerete çok dikkat ederdi, bu yüzden sahaftan aldığı Frenkçe kitapta yazanları emir bellemişti: Evlilik öncesi biriyle çıkma!",negation,semantic,before,çıkma,sahaftan,bellemişti:,çık-NEG.IMP.2SG,çık-ma,127,132,45,103,47,47,17,37,49
10,44,post_cue_pre_ambiguity,False,354,"Adabı muaşerete çok dikkat ederdi, bu yüzden sahaftan aldığı Frenkçe kitapta yazanları emir bellemişti: Evlilik öncesi biriyle çıkma!",negation,semantic,before,çıkma,sahaftan,bellemişti:,çık-NEG.IMP.2SG,çık-ma,127,132,45,103,47,47,17,37,49
10,45,post_cue_pre_ambiguity,False,355,"Adabı muaşerete çok dikkat ederdi, bu yüzden sahaftan aldığı Frenkçe kitapta yazanları emir bellemişti: Evlilik öncesi biriyle çıkma!",negation,semantic,before,çıkma,sahaftan,bellemişti:,çık-NEG.IMP.2SG,çık-ma,127,132,45,103,47,47,17,37,49
10,46,post_cue_pre_ambiguity,False,356,"Adabı muaşerete çok dikkat ederdi, bu yüzden sahaftan aldığı Frenkçe kitapta yazanları emir bellemişti: Evlilik öncesi biriyle çıkma!",negation,semantic,before,çıkma,sahaftan,bellemişti:,çık-NEG.IMP.2SG,çık-ma,127,132,45,103,47,47,17,37,49
10,47,ambiguity_onset,False,357,"Adabı muaşerete çok dikkat ederdi, bu yüzden sahaftan aldığı Frenkçe kitapta yazanları emir bellemişti: Evlilik öncesi biriyle çıkma!",negation,semantic,before,çıkma,sahaftan,bellemişti:,çık-NEG.IMP.2SG,çık-ma,127,132,45,103,47,47,17,37,49
10,48,full_sentence,True,358,"Adabı muaşerete çok dikkat ederdi, bu yüzden sahaftan aldığı Frenkçe kitapta yazanları emir bellemişti: Evlilik öncesi biriyle çıkma!",negation,semantic,before,çıkma,sahaftan,bellemişti:,çık-NEG.IMP.2SG,çık-ma,127,132,45,103,47,47,17,37,49
11,0,pre_ambiguity,False,359,"İşte evlilik öncesi biriyle çıkma gibi emirleri yağdıran kadın, Frenkçe kitaplar yazıyor.",negation,semantic,after,çıkma,gibi,emirleri,çık-NEG.IMP.2SG,çık-ma,29,34,35,48,12,13,13,17,32
11,1,pre_ambiguity,False,360,"İşte evlilik öncesi biriyle çıkma gibi emirleri yağdıran kadın, Frenkçe kitaplar yazıyor.",negation,semantic,after,çıkma,gibi,emirleri,çık-NEG.IMP.2SG,çık-ma,29,34,35,48,12,13,13,17,32
11,2,pre_ambiguity,False,361,"İşte evlilik öncesi biriyle çıkma gibi emirleri yağdıran kadın, Frenkçe kitaplar yazıyor.",negation,semantic,after,çıkma,gibi,emirleri,çık-NEG.IMP.2SG,çık-ma,29,34,35,48,12,13,13,17,32
11,3,pre_ambiguity,False,362,"İşte evlilik öncesi biriyle çıkma gibi emirleri yağdıran kadın, Frenkçe kitaplar yazıyor.",negation,semantic,after,çıkma,gibi,emirleri,çık-NEG.IMP.2SG,çık-ma,29,34,35,48,12,13,13,17,32
11,4,pre_ambiguity,False,363,"İşte evlilik öncesi biriyle çıkma gibi emirleri yağdıran kadın, Frenkçe kitaplar yazıyor.",negation,semantic,after,çıkma,gibi,emirleri,çık-NEG.IMP.2SG,çık-ma,29,34,35,48,12,13,13,17,32
11,5,pre_ambiguity,False,364,"İşte evlilik öncesi biriyle çıkma gibi emirleri yağdıran kadın, Frenkçe kitaplar yazıyor.",negation,semantic,after,çıkma,gibi,emirleri,çık-NEG.IMP.2SG,çık-ma,29,34,35,48,12,13,13,17,32
11,6,pre_ambiguity,False,365,"İşte evlilik öncesi biriyle çıkma gibi emirleri yağdıran kadın, Frenkçe kitaplar yazıyor.",negation,semantic,after,çıkma,gibi,emirleri,çık-NEG.IMP.2SG,çık-ma,29,34,35,48,12,13,13,17,32
11,7,pre_ambiguity,False,366,"İşte evlilik öncesi biriyle çıkma gibi emirleri yağdıran kadın, Frenkçe kitaplar yazıyor.",negation,semantic,after,çıkma,gibi,emirleri,çık-NEG.IMP.2SG,çık-ma,29,34,35,48,12,13,13,17,32
11,8,pre_ambiguity,False,367,"İşte evlilik öncesi biriyle çıkma gibi emirleri yağdıran kadın, Frenkçe kitaplar yazıyor.",negation,semantic,after,çıkma,gibi,emirleri,çık-NEG.IMP.2SG,çık-ma,29,34,35,48,12,13,13,17,32
11,9,pre_ambiguity,False,368,"İşte evlilik öncesi biriyle çıkma gibi emirleri yağdıran kadın, Frenkçe kitaplar yazıyor.",negation,semantic,after,çıkma,gibi,emirleri,çık-NEG.IMP.2SG,çık-ma,29,34,35,48,12,13,13,17,32
11,10,pre_ambiguity,False,369,"İşte evlilik öncesi biriyle çıkma gibi emirleri yağdıran kadın, Frenkçe kitaplar yazıyor.",negation,semantic,after,çıkma,gibi,emirleri,çık-NEG.IMP.2SG,çık-ma,29,34,35,48,12,13,13,17,32
11,11,pre_ambiguity,False,370,"İşte evlilik öncesi biriyle çıkma gibi emirleri yağdıran kadın, Frenkçe kitaplar yazıyor.",negation,semantic,after,çıkma,gibi,emirleri,çık-NEG.IMP.2SG,çık-ma,29,34,35,48,12,13,13,17,32
11,12,ambiguity_onset,False,371,"İşte evlilik öncesi biriyle çıkma gibi emirleri yağdıran kadın, Frenkçe kitaplar yazıyor.",negation,semantic,after,çıkma,gibi,emirleri,çık-NEG.IMP.2SG,çık-ma,29,34,35,48,12,13,13,17,32
11,13,ambiguity_onset,False,372,"İşte evlilik öncesi biriyle çıkma gibi emirleri yağdıran kadın, Frenkçe kitaplar yazıyor.",negation,semantic,after,çıkma,gibi,emirleri,çık-NEG.IMP.2SG,çık-ma,29,34,35,48,12,13,13,17,32
11,14,cue_onset,False,373,"İşte evlilik öncesi biriyle çıkma gibi emirleri yağdıran kadın, Frenkçe kitaplar yazıyor.",negation,semantic,after,çıkma,gibi,emirleri,çık-NEG.IMP.2SG,çık-ma,29,34,35,48,12,13,13,17,32
11,15,cue_onset,False,374,"İşte evlilik öncesi biriyle çıkma gibi emirleri yağdıran kadın, Frenkçe kitaplar yazıyor.",negation,semantic,after,çıkma,gibi,emirleri,çık-NEG.IMP.2SG,çık-ma,29,34,35,48,12,13,13,17,32
11,16,cue_onset,False,375,"İşte evlilik öncesi biriyle çıkma gibi emirleri yağdıran kadın, Frenkçe kitaplar yazıyor.",negation,semantic,after,çıkma,gibi,emirleri,çık-NEG.IMP.2SG,çık-ma,29,34,35,48,12,13,13,17,32
11,17,cue_onset,False,376,"İşte evlilik öncesi biriyle çıkma gibi emirleri yağdıran kadın, Frenkçe kitaplar yazıyor.",negation,semantic,after,çıkma,gibi,emirleri,çık-NEG.IMP.2SG,çık-ma,29,34,35,48,12,13,13,17,32
11,18,post_cue,False,377,"İşte evlilik öncesi biriyle çıkma gibi emirleri yağdıran kadın, Frenkçe kitaplar yazıyor.",negation,semantic,after,çıkma,gibi,emirleri,çık-NEG.IMP.2SG,çık-ma,29,34,35,48,12,13,13,17,32
11,19,post_cue,False,378,"İşte evlilik öncesi biriyle çıkma gibi emirleri yağdıran kadın, Frenkçe kitaplar yazıyor.",negation,semantic,after,çıkma,gibi,emirleri,çık-NEG.IMP.2SG,çık-ma,29,34,35,48,12,13,13,17,32
11,20,post_cue,False,379,"İşte evlilik öncesi biriyle çıkma gibi emirleri yağdıran kadın, Frenkçe kitaplar yazıyor.",negation,semantic,after,çıkma,gibi,emirleri,çık-NEG.IMP.2SG,çık-ma,29,34,35,48,12,13,13,17,32
11,21,post_cue,False,380,"İşte evlilik öncesi biriyle çıkma gibi emirleri yağdıran kadın, Frenkçe kitaplar yazıyor.",negation,semantic,after,çıkma,gibi,emirleri,çık-NEG.IMP.2SG,çık-ma,29,34,35,48,12,13,13,17,32
11,22,post_cue,False,381,"İşte evlilik öncesi biriyle çıkma gibi emirleri yağdıran kadın, Frenkçe kitaplar yazıyor.",negation,semantic,after,çıkma,gibi,emirleri,çık-NEG.IMP.2SG,çık-ma,29,34,35,48,12,13,13,17,32
11,23,post_cue,False,382,"İşte evlilik öncesi biriyle çıkma gibi emirleri yağdıran kadın, Frenkçe kitaplar yazıyor.",negation,semantic,after,çıkma,gibi,emirleri,çık-NEG.IMP.2SG,çık-ma,29,34,35,48,12,13,13,17,32
11,24,post_cue,False,383,"İşte evlilik öncesi biriyle çıkma gibi emirleri yağdıran kadın, Frenkçe kitaplar yazıyor.",negation,semantic,after,çıkma,gibi,emirleri,çık-NEG.IMP.2SG,çık-ma,29,34,35,48,12,13,13,17,32
11,25,post_cue,False,384,"İşte evlilik öncesi biriyle çıkma gibi emirleri yağdıran kadın, Frenkçe kitaplar yazıyor.",negation,semantic,after,çıkma,gibi,emirleri,çık-NEG.IMP.2SG,çık-ma,29,34,35,48,12,13,13,17,32
11,26,post_cue,False,385,"İşte evlilik öncesi biriyle çıkma gibi emirleri yağdıran kadın, Frenkçe kitaplar yazıyor.",negation,semantic,after,çıkma,gibi,emirleri,çık-NEG.IMP.2SG,çık-ma,29,34,35,48,12,13,13,17,32
11,27,post_cue,False,386,"İşte evlilik öncesi biriyle çıkma gibi emirleri yağdıran kadın, Frenkçe kitaplar yazıyor.",negation,semantic,after,çıkma,gibi,emirleri,çık-NEG.IMP.2SG,çık-ma,29,34,35,48,12,13,13,17,32
11,28,post_cue,False,387,"İşte evlilik öncesi biriyle çıkma gibi emirleri yağdıran kadın, Frenkçe kitaplar yazıyor.",negation,semantic,after,çıkma,gibi,emirleri,çık-NEG.IMP.2SG,çık-ma,29,34,35,48,12,13,13,17,32
11,29,post_cue,False,388,"İşte evlilik öncesi biriyle çıkma gibi emirleri yağdıran kadın, Frenkçe kitaplar yazıyor.",negation,semantic,after,çıkma,gibi,emirleri,çık-NEG.IMP.2SG,çık-ma,29,34,35,48,12,13,13,17,32
11,30,post_cue,False,389,"İşte evlilik öncesi biriyle çıkma gibi emirleri yağdıran kadın, Frenkçe kitaplar yazıyor.",negation,semantic,after,çıkma,gibi,emirleri,çık-NEG.IMP.2SG,çık-ma,29,34,35,48,12,13,13,17,32
11,31,full_sentence,True,390,"İşte evlilik öncesi biriyle çıkma gibi emirleri yağdıran kadın, Frenkçe kitaplar yazıyor.",negation,semantic,after,çıkma,gibi,emirleri,çık-NEG.IMP.2SG,çık-ma,29,34,35,48,12,13,13,17,32
12,0,pre_ambiguity,False,391,Aboneye ulaştırılan mesaj diyor ki takma bu yeni SIM kartını.,negation,syntactic,after,takma,bu,kartını.,tak-NEG.IMP.2SG,tak-ma,35,40,41,61,11,12,13,18,19
12,1,pre_ambiguity,False,392,Aboneye ulaştırılan mesaj diyor ki takma bu yeni SIM kartını.,negation,syntactic,after,takma,bu,kartını.,tak-NEG.IMP.2SG,tak-ma,35,40,41,61,11,12,13,18,19
12,2,pre_ambiguity,False,393,Aboneye ulaştırılan mesaj diyor ki takma bu yeni SIM kartını.,negation,syntactic,after,takma,bu,kartını.,tak-NEG.IMP.2SG,tak-ma,35,40,41,61,11,12,13,18,19
12,3,pre_ambiguity,False,394,Aboneye ulaştırılan mesaj diyor ki takma bu yeni SIM kartını.,negation,syntactic,after,takma,bu,kartını.,tak-NEG.IMP.2SG,tak-ma,35,40,41,61,11,12,13,18,19
12,4,pre_ambiguity,False,395,Aboneye ulaştırılan mesaj diyor ki takma bu yeni SIM kartını.,negation,syntactic,after,takma,bu,kartını.,tak-NEG.IMP.2SG,tak-ma,35,40,41,61,11,12,13,18,19
12,5,pre_ambiguity,False,396,Aboneye ulaştırılan mesaj diyor ki takma bu yeni SIM kartını.,negation,syntactic,after,takma,bu,kartını.,tak-NEG.IMP.2SG,tak-ma,35,40,41,61,11,12,13,18,19
12,6,pre_ambiguity,False,397,Aboneye ulaştırılan mesaj diyor ki takma bu yeni SIM kartını.,negation,syntactic,after,takma,bu,kartını.,tak-NEG.IMP.2SG,tak-ma,35,40,41,61,11,12,13,18,19
12,7,pre_ambiguity,False,398,Aboneye ulaştırılan mesaj diyor ki takma bu yeni SIM kartını.,negation,syntactic,after,takma,bu,kartını.,tak-NEG.IMP.2SG,tak-ma,35,40,41,61,11,12,13,18,19
12,8,pre_ambiguity,False,399,Aboneye ulaştırılan mesaj diyor ki takma bu yeni SIM kartını.,negation,syntactic,after,takma,bu,kartını.,tak-NEG.IMP.2SG,tak-ma,35,40,41,61,11,12,13,18,19
12,9,pre_ambiguity,False,400,Aboneye ulaştırılan mesaj diyor ki takma bu yeni SIM kartını.,negation,syntactic,after,takma,bu,kartını.,tak-NEG.IMP.2SG,tak-ma,35,40,41,61,11,12,13,18,19
12,10,pre_ambiguity,False,401,Aboneye ulaştırılan mesaj diyor ki takma bu yeni SIM kartını.,negation,syntactic,after,takma,bu,kartını.,tak-NEG.IMP.2SG,tak-ma,35,40,41,61,11,12,13,18,19
12,11,ambiguity_onset,False,402,Aboneye ulaştırılan mesaj diyor ki takma bu yeni SIM kartını.,negation,syntactic,after,takma,bu,kartını.,tak-NEG.IMP.2SG,tak-ma,35,40,41,61,11,12,13,18,19
12,12,ambiguity_onset,False,403,Aboneye ulaştırılan mesaj diyor ki takma bu yeni SIM kartını.,negation,syntactic,after,takma,bu,kartını.,tak-NEG.IMP.2SG,tak-ma,35,40,41,61,11,12,13,18,19
12,13,cue_onset,False,404,Aboneye ulaştırılan mesaj diyor ki takma bu yeni SIM kartını.,negation,syntactic,after,takma,bu,kartını.,tak-NEG.IMP.2SG,tak-ma,35,40,41,61,11,12,13,18,19
12,14,cue_onset,False,405,Aboneye ulaştırılan mesaj diyor ki takma bu yeni SIM kartını.,negation,syntactic,after,takma,bu,kartını.,tak-NEG.IMP.2SG,tak-ma,35,40,41,61,11,12,13,18,19
12,15,cue_onset,False,406,Aboneye ulaştırılan mesaj diyor ki takma bu yeni SIM kartını.,negation,syntactic,after,takma,bu,kartını.,tak-NEG.IMP.2SG,tak-ma,35,40,41,61,11,12,13,18,19
12,16,cue_onset,False,407,Aboneye ulaştırılan mesaj diyor ki takma bu yeni SIM kartını.,negation,syntactic,after,takma,bu,kartını.,tak-NEG.IMP.2SG,tak-ma,35,40,41,61,11,12,13,18,19
12,17,cue_onset,False,408,Aboneye ulaştırılan mesaj diyor ki takma bu yeni SIM kartını.,negation,syntactic,after,takma,bu,kartını.,tak-NEG.IMP.2SG,tak-ma,35,40,41,61,11,12,13,18,19
12,18,full_sentence,True,409,Aboneye ulaştırılan mesaj diyor ki takma bu yeni SIM kartını.,negation,syntactic,after,takma,bu,kartını.,tak-NEG.IMP.2SG,tak-ma,35,40,41,61,11,12,13,18,19
13,0,pre_ambiguity,False,410,"Abone, kendisine verilen yeni SIM kartını, taşıma zamanı bildirildiğinde makinesine takarak kullanmaya başlıyor.",nominalizer,syntactic,after,taşıma,zamanı,bildirildiğinde,taşı-NMLZ,taşı-ma,43,49,50,72,13,14,15,22,35
13,1,pre_ambiguity,False,411,"Abone, kendisine verilen yeni SIM kartını, taşıma zamanı bildirildiğinde makinesine takarak kullanmaya başlıyor.",nominalizer,syntactic,after,taşıma,zamanı,bildirildiğinde,taşı-NMLZ,taşı-ma,43,49,50,72,13,14,15,22,35
13,2,pre_ambiguity,False,412,"Abone, kendisine verilen yeni SIM kartını, taşıma zamanı bildirildiğinde makinesine takarak kullanmaya başlıyor.",nominalizer,syntactic,after,taşıma,zamanı,bildirildiğinde,taşı-NMLZ,taşı-ma,43,49,50,72,13,14,15,22,35
13,3,pre_ambiguity,False,413,"Abone, kendisine verilen yeni SIM kartını, taşıma zamanı bildirildiğinde makinesine takarak kullanmaya başlıyor.",nominalizer,syntactic,after,taşıma,zamanı,bildirildiğinde,taşı-NMLZ,taşı-ma,43,49,50,72,13,14,15,22,35
13,4,pre_ambiguity,False,414,"Abone, kendisine verilen yeni SIM kartını, taşıma zamanı bildirildiğinde makinesine takarak kullanmaya başlıyor.",nominalizer,syntactic,after,taşıma,zamanı,bildirildiğinde,taşı-NMLZ,taşı-ma,43,49,50,72,13,14,15,22,35
13,5,pre_ambiguity,False,415,"Abone, kendisine verilen yeni SIM kartını, taşıma zamanı bildirildiğinde makinesine takarak kullanmaya başlıyor.",nominalizer,syntactic,after,taşıma,zamanı,bildirildiğinde,taşı-NMLZ,taşı-ma,43,49,50,72,13,14,15,22,35
13,6,pre_ambiguity,False,416,"Abone, kendisine verilen yeni SIM kartını, taşıma zamanı bildirildiğinde makinesine takarak kullanmaya başlıyor.",nominalizer,syntactic,after,taşıma,zamanı,bildirildiğinde,taşı-NMLZ,taşı-ma,43,49,50,72,13,14,15,22,35
13,7,pre_ambiguity,False,417,"Abone, kendisine verilen yeni SIM kartını, taşıma zamanı bildirildiğinde makinesine takarak kullanmaya başlıyor.",nominalizer,syntactic,after,taşıma,zamanı,bildirildiğinde,taşı-NMLZ,taşı-ma,43,49,50,72,13,14,15,22,35
13,8,pre_ambiguity,False,418,"Abone, kendisine verilen yeni SIM kartını, taşıma zamanı bildirildiğinde makinesine takarak kullanmaya başlıyor.",nominalizer,syntactic,after,taşıma,zamanı,bildirildiğinde,taşı-NMLZ,taşı-ma,43,49,50,72,13,14,15,22,35
13,9,pre_ambiguity,False,419,"Abone, kendisine verilen yeni SIM kartını, taşıma zamanı bildirildiğinde makinesine takarak kullanmaya başlıyor.",nominalizer,syntactic,after,taşıma,zamanı,bildirildiğinde,taşı-NMLZ,taşı-ma,43,49,50,72,13,14,15,22,35
13,10,pre_ambiguity,False,420,"Abone, kendisine verilen yeni SIM kartını, taşıma zamanı bildirildiğinde makinesine takarak kullanmaya başlıyor.",nominalizer,syntactic,after,taşıma,zamanı,bildirildiğinde,taşı-NMLZ,taşı-ma,43,49,50,72,13,14,15,22,35
13,11,pre_ambiguity,False,421,"Abone, kendisine verilen yeni SIM kartını, taşıma zamanı bildirildiğinde makinesine takarak kullanmaya başlıyor.",nominalizer,syntactic,after,taşıma,zamanı,bildirildiğinde,taşı-NMLZ,taşı-ma,43,49,50,72,13,14,15,22,35
13,12,pre_ambiguity,False,422,"Abone, kendisine verilen yeni SIM kartını, taşıma zamanı bildirildiğinde makinesine takarak kullanmaya başlıyor.",nominalizer,syntactic,after,taşıma,zamanı,bildirildiğinde,taşı-NMLZ,taşı-ma,43,49,50,72,13,14,15,22,35
13,13,ambiguity_onset,False,423,"Abone, kendisine verilen yeni SIM kartını, taşıma zamanı bildirildiğinde makinesine takarak kullanmaya başlıyor.",nominalizer,syntactic,after,taşıma,zamanı,bildirildiğinde,taşı-NMLZ,taşı-ma,43,49,50,72,13,14,15,22,35
13,14,ambiguity_onset,False,424,"Abone, kendisine verilen yeni SIM kartını, taşıma zamanı bildirildiğinde makinesine takarak kullanmaya başlıyor.",nominalizer,syntactic,after,taşıma,zamanı,bildirildiğinde,taşı-NMLZ,taşı-ma,43,49,50,72,13,14,15,22,35
13,15,cue_onset,False,425,"Abone, kendisine verilen yeni SIM kartını, taşıma zamanı bildirildiğinde makinesine takarak kullanmaya başlıyor.",nominalizer,syntactic,after,taşıma,zamanı,bildirildiğinde,taşı-NMLZ,taşı-ma,43,49,50,72,13,14,15,22,35
13,16,cue_onset,False,426,"Abone, kendisine verilen yeni SIM kartını, taşıma zamanı bildirildiğinde makinesine takarak kullanmaya başlıyor.",nominalizer,syntactic,after,taşıma,zamanı,bildirildiğinde,taşı-NMLZ,taşı-ma,43,49,50,72,13,14,15,22,35
13,17,cue_onset,False,427,"Abone, kendisine verilen yeni SIM kartını, taşıma zamanı bildirildiğinde makinesine takarak kullanmaya başlıyor.",nominalizer,syntactic,after,taşıma,zamanı,bildirildiğinde,taşı-NMLZ,taşı-ma,43,49,50,72,13,14,15,22,35
13,18,cue_onset,False,428,"Abone, kendisine verilen yeni SIM kartını, taşıma zamanı bildirildiğinde makinesine takarak kullanmaya başlıyor.",nominalizer,syntactic,after,taşıma,zamanı,bildirildiğinde,taşı-NMLZ,taşı-ma,43,49,50,72,13,14,15,22,35
13,19,cue_onset,False,429,"Abone, kendisine verilen yeni SIM kartını, taşıma zamanı bildirildiğinde makinesine takarak kullanmaya başlıyor.",nominalizer,syntactic,after,taşıma,zamanı,bildirildiğinde,taşı-NMLZ,taşı-ma,43,49,50,72,13,14,15,22,35
13,20,cue_onset,False,430,"Abone, kendisine verilen yeni SIM kartını, taşıma zamanı bildirildiğinde makinesine takarak kullanmaya başlıyor.",nominalizer,syntactic,after,taşıma,zamanı,bildirildiğinde,taşı-NMLZ,taşı-ma,43,49,50,72,13,14,15,22,35
13,21,cue_onset,False,431,"Abone, kendisine verilen yeni SIM kartını, taşıma zamanı bildirildiğinde makinesine takarak kullanmaya başlıyor.",nominalizer,syntactic,after,taşıma,zamanı,bildirildiğinde,taşı-NMLZ,taşı-ma,43,49,50,72,13,14,15,22,35
13,22,cue_onset,False,432,"Abone, kendisine verilen yeni SIM kartını, taşıma zamanı bildirildiğinde makinesine takarak kullanmaya başlıyor.",nominalizer,syntactic,after,taşıma,zamanı,bildirildiğinde,taşı-NMLZ,taşı-ma,43,49,50,72,13,14,15,22,35
13,23,post_cue,False,433,"Abone, kendisine verilen yeni SIM kartını, taşıma zamanı bildirildiğinde makinesine takarak kullanmaya başlıyor.",nominalizer,syntactic,after,taşıma,zamanı,bildirildiğinde,taşı-NMLZ,taşı-ma,43,49,50,72,13,14,15,22,35
13,24,post_cue,False,434,"Abone, kendisine verilen yeni SIM kartını, taşıma zamanı bildirildiğinde makinesine takarak kullanmaya başlıyor.",nominalizer,syntactic,after,taşıma,zamanı,bildirildiğinde,taşı-NMLZ,taşı-ma,43,49,50,72,13,14,15,22,35
13,25,post_cue,False,435,"Abone, kendisine verilen yeni SIM kartını, taşıma zamanı bildirildiğinde makinesine takarak kullanmaya başlıyor.",nominalizer,syntactic,after,taşıma,zamanı,bildirildiğinde,taşı-NMLZ,taşı-ma,43,49,50,72,13,14,15,22,35
13,26,post_cue,False,436,"Abone, kendisine verilen yeni SIM kartını, taşıma zamanı bildirildiğinde makinesine takarak kullanmaya başlıyor.",nominalizer,syntactic,after,taşıma,zamanı,bildirildiğinde,taşı-NMLZ,taşı-ma,43,49,50,72,13,14,15,22,35
13,27,post_cue,False,437,"Abone, kendisine verilen yeni SIM kartını, taşıma zamanı bildirildiğinde makinesine takarak kullanmaya başlıyor.",nominalizer,syntactic,after,taşıma,zamanı,bildirildiğinde,taşı-NMLZ,taşı-ma,43,49,50,72,13,14,15,22,35
13,28,post_cue,False,438,"Abone, kendisine verilen yeni SIM kartını, taşıma zamanı bildirildiğinde makinesine takarak kullanmaya başlıyor.",nominalizer,syntactic,after,taşıma,zamanı,bildirildiğinde,taşı-NMLZ,taşı-ma,43,49,50,72,13,14,15,22,35
13,29,post_cue,False,439,"Abone, kendisine verilen yeni SIM kartını, taşıma zamanı bildirildiğinde makinesine takarak kullanmaya başlıyor.",nominalizer,syntactic,after,taşıma,zamanı,bildirildiğinde,taşı-NMLZ,taşı-ma,43,49,50,72,13,14,15,22,35
13,30,post_cue,False,440,"Abone, kendisine verilen yeni SIM kartını, taşıma zamanı bildirildiğinde makinesine takarak kullanmaya başlıyor.",nominalizer,syntactic,after,taşıma,zamanı,bildirildiğinde,taşı-NMLZ,taşı-ma,43,49,50,72,13,14,15,22,35
13,31,post_cue,False,441,"Abone, kendisine verilen yeni SIM kartını, taşıma zamanı bildirildiğinde makinesine takarak kullanmaya başlıyor.",nominalizer,syntactic,after,taşıma,zamanı,bildirildiğinde,taşı-NMLZ,taşı-ma,43,49,50,72,13,14,15,22,35
13,32,post_cue,False,442,"Abone, kendisine verilen yeni SIM kartını, taşıma zamanı bildirildiğinde makinesine takarak kullanmaya başlıyor.",nominalizer,syntactic,after,taşıma,zamanı,bildirildiğinde,taşı-NMLZ,taşı-ma,43,49,50,72,13,14,15,22,35
13,33,post_cue,False,443,"Abone, kendisine verilen yeni SIM kartını, taşıma zamanı bildirildiğinde makinesine takarak kullanmaya başlıyor.",nominalizer,syntactic,after,taşıma,zamanı,bildirildiğinde,taşı-NMLZ,taşı-ma,43,49,50,72,13,14,15,22,35
13,34,full_sentence,True,444,"Abone, kendisine verilen yeni SIM kartını, taşıma zamanı bildirildiğinde makinesine takarak kullanmaya başlıyor.",nominalizer,syntactic,after,taşıma,zamanı,bildirildiğinde,taşı-NMLZ,taşı-ma,43,49,50,72,13,14,15,22,35
14,0,pre_ambiguity,False,445,"Abone, kendisine verilen yeni SIM kartını, bu kelimenin sık sık tekrar edildiği mesajlarla taşıma zamanı bildirildiğinde makinesine takarak kullanmaya başlıyor.",nominalizer,semantic,after,taşıma,zamanı,bildirildiğinde,taşı-NMLZ,taşı-ma,91,97,98,120,29,30,31,38,51
14,1,pre_ambiguity,False,446,"Abone, kendisine verilen yeni SIM kartını, bu kelimenin sık sık tekrar edildiği mesajlarla taşıma zamanı bildirildiğinde makinesine takarak kullanmaya başlıyor.",nominalizer,semantic,after,taşıma,zamanı,bildirildiğinde,taşı-NMLZ,taşı-ma,91,97,98,120,29,30,31,38,51
14,2,pre_ambiguity,False,447,"Abone, kendisine verilen yeni SIM kartını, bu kelimenin sık sık tekrar edildiği mesajlarla taşıma zamanı bildirildiğinde makinesine takarak kullanmaya başlıyor.",nominalizer,semantic,after,taşıma,zamanı,bildirildiğinde,taşı-NMLZ,taşı-ma,91,97,98,120,29,30,31,38,51
14,3,pre_ambiguity,False,448,"Abone, kendisine verilen yeni SIM kartını, bu kelimenin sık sık tekrar edildiği mesajlarla taşıma zamanı bildirildiğinde makinesine takarak kullanmaya başlıyor.",nominalizer,semantic,after,taşıma,zamanı,bildirildiğinde,taşı-NMLZ,taşı-ma,91,97,98,120,29,30,31,38,51
14,4,pre_ambiguity,False,449,"Abone, kendisine verilen yeni SIM kartını, bu kelimenin sık sık tekrar edildiği mesajlarla taşıma zamanı bildirildiğinde makinesine takarak kullanmaya başlıyor.",nominalizer,semantic,after,taşıma,zamanı,bildirildiğinde,taşı-NMLZ,taşı-ma,91,97,98,120,29,30,31,38,51
14,5,pre_ambiguity,False,450,"Abone, kendisine verilen yeni SIM kartını, bu kelimenin sık sık tekrar edildiği mesajlarla taşıma zamanı bildirildiğinde makinesine takarak kullanmaya başlıyor.",nominalizer,semantic,after,taşıma,zamanı,bildirildiğinde,taşı-NMLZ,taşı-ma,91,97,98,120,29,30,31,38,51
14,6,pre_ambiguity,False,451,"Abone, kendisine verilen yeni SIM kartını, bu kelimenin sık sık tekrar edildiği mesajlarla taşıma zamanı bildirildiğinde makinesine takarak kullanmaya başlıyor.",nominalizer,semantic,after,taşıma,zamanı,bildirildiğinde,taşı-NMLZ,taşı-ma,91,97,98,120,29,30,31,38,51
14,7,pre_ambiguity,False,452,"Abone, kendisine verilen yeni SIM kartını, bu kelimenin sık sık tekrar edildiği mesajlarla taşıma zamanı bildirildiğinde makinesine takarak kullanmaya başlıyor.",nominalizer,semantic,after,taşıma,zamanı,bildirildiğinde,taşı-NMLZ,taşı-ma,91,97,98,120,29,30,31,38,51
14,8,pre_ambiguity,False,453,"Abone, kendisine verilen yeni SIM kartını, bu kelimenin sık sık tekrar edildiği mesajlarla taşıma zamanı bildirildiğinde makinesine takarak kullanmaya başlıyor.",nominalizer,semantic,after,taşıma,zamanı,bildirildiğinde,taşı-NMLZ,taşı-ma,91,97,98,120,29,30,31,38,51
14,9,pre_ambiguity,False,454,"Abone, kendisine verilen yeni SIM kartını, bu kelimenin sık sık tekrar edildiği mesajlarla taşıma zamanı bildirildiğinde makinesine takarak kullanmaya başlıyor.",nominalizer,semantic,after,taşıma,zamanı,bildirildiğinde,taşı-NMLZ,taşı-ma,91,97,98,120,29,30,31,38,51
14,10,pre_ambiguity,False,455,"Abone, kendisine verilen yeni SIM kartını, bu kelimenin sık sık tekrar edildiği mesajlarla taşıma zamanı bildirildiğinde makinesine takarak kullanmaya başlıyor.",nominalizer,semantic,after,taşıma,zamanı,bildirildiğinde,taşı-NMLZ,taşı-ma,91,97,98,120,29,30,31,38,51
14,11,pre_ambiguity,False,456,"Abone, kendisine verilen yeni SIM kartını, bu kelimenin sık sık tekrar edildiği mesajlarla taşıma zamanı bildirildiğinde makinesine takarak kullanmaya başlıyor.",nominalizer,semantic,after,taşıma,zamanı,bildirildiğinde,taşı-NMLZ,taşı-ma,91,97,98,120,29,30,31,38,51
14,12,pre_ambiguity,False,457,"Abone, kendisine verilen yeni SIM kartını, bu kelimenin sık sık tekrar edildiği mesajlarla taşıma zamanı bildirildiğinde makinesine takarak kullanmaya başlıyor.",nominalizer,semantic,after,taşıma,zamanı,bildirildiğinde,taşı-NMLZ,taşı-ma,91,97,98,120,29,30,31,38,51
14,13,pre_ambiguity,False,458,"Abone, kendisine verilen yeni SIM kartını, bu kelimenin sık sık tekrar edildiği mesajlarla taşıma zamanı bildirildiğinde makinesine takarak kullanmaya başlıyor.",nominalizer,semantic,after,taşıma,zamanı,bildirildiğinde,taşı-NMLZ,taşı-ma,91,97,98,120,29,30,31,38,51
14,14,pre_ambiguity,False,459,"Abone, kendisine verilen yeni SIM kartını, bu kelimenin sık sık tekrar edildiği mesajlarla taşıma zamanı bildirildiğinde makinesine takarak kullanmaya başlıyor.",nominalizer,semantic,after,taşıma,zamanı,bildirildiğinde,taşı-NMLZ,taşı-ma,91,97,98,120,29,30,31,38,51
14,15,pre_ambiguity,False,460,"Abone, kendisine verilen yeni SIM kartını, bu kelimenin sık sık tekrar edildiği mesajlarla taşıma zamanı bildirildiğinde makinesine takarak kullanmaya başlıyor.",nominalizer,semantic,after,taşıma,zamanı,bildirildiğinde,taşı-NMLZ,taşı-ma,91,97,98,120,29,30,31,38,51
14,16,pre_ambiguity,False,461,"Abone, kendisine verilen yeni SIM kartını, bu kelimenin sık sık tekrar edildiği mesajlarla taşıma zamanı bildirildiğinde makinesine takarak kullanmaya başlıyor.",nominalizer,semantic,after,taşıma,zamanı,bildirildiğinde,taşı-NMLZ,taşı-ma,91,97,98,120,29,30,31,38,51
14,17,pre_ambiguity,False,462,"Abone, kendisine verilen yeni SIM kartını, bu kelimenin sık sık tekrar edildiği mesajlarla taşıma zamanı bildirildiğinde makinesine takarak kullanmaya başlıyor.",nominalizer,semantic,after,taşıma,zamanı,bildirildiğinde,taşı-NMLZ,taşı-ma,91,97,98,120,29,30,31,38,51
14,18,pre_ambiguity,False,463,"Abone, kendisine verilen yeni SIM kartını, bu kelimenin sık sık tekrar edildiği mesajlarla taşıma zamanı bildirildiğinde makinesine takarak kullanmaya başlıyor.",nominalizer,semantic,after,taşıma,zamanı,bildirildiğinde,taşı-NMLZ,taşı-ma,91,97,98,120,29,30,31,38,51
14,19,pre_ambiguity,False,464,"Abone, kendisine verilen yeni SIM kartını, bu kelimenin sık sık tekrar edildiği mesajlarla taşıma zamanı bildirildiğinde makinesine takarak kullanmaya başlıyor.",nominalizer,semantic,after,taşıma,zamanı,bildirildiğinde,taşı-NMLZ,taşı-ma,91,97,98,120,29,30,31,38,51
14,20,pre_ambiguity,False,465,"Abone, kendisine verilen yeni SIM kartını, bu kelimenin sık sık tekrar edildiği mesajlarla taşıma zamanı bildirildiğinde makinesine takarak kullanmaya başlıyor.",nominalizer,semantic,after,taşıma,zamanı,bildirildiğinde,taşı-NMLZ,taşı-ma,91,97,98,120,29,30,31,38,51
14,21,pre_ambiguity,False,466,"Abone, kendisine verilen yeni SIM kartını, bu kelimenin sık sık tekrar edildiği mesajlarla taşıma zamanı bildirildiğinde makinesine takarak kullanmaya başlıyor.",nominalizer,semantic,after,taşıma,zamanı,bildirildiğinde,taşı-NMLZ,taşı-ma,91,97,98,120,29,30,31,38,51
14,22,pre_ambiguity,False,467,"Abone, kendisine verilen yeni SIM kartını, bu kelimenin sık sık tekrar edildiği mesajlarla taşıma zamanı bildirildiğinde makinesine takarak kullanmaya başlıyor.",nominalizer,semantic,after,taşıma,zamanı,bildirildiğinde,taşı-NMLZ,taşı-ma,91,97,98,120,29,30,31,38,51
14,23,pre_ambiguity,False,468,"Abone, kendisine verilen yeni SIM kartını, bu kelimenin sık sık tekrar edildiği mesajlarla taşıma zamanı bildirildiğinde makinesine takarak kullanmaya başlıyor.",nominalizer,semantic,after,taşıma,zamanı,bildirildiğinde,taşı-NMLZ,taşı-ma,91,97,98,120,29,30,31,38,51
14,24,pre_ambiguity,False,469,"Abone, kendisine verilen yeni SIM kartını, bu kelimenin sık sık tekrar edildiği mesajlarla taşıma zamanı bildirildiğinde makinesine takarak kullanmaya başlıyor.",nominalizer,semantic,after,taşıma,zamanı,bildirildiğinde,taşı-NMLZ,taşı-ma,91,97,98,120,29,30,31,38,51
14,25,pre_ambiguity,False,470,"Abone, kendisine verilen yeni SIM kartını, bu kelimenin sık sık tekrar edildiği mesajlarla taşıma zamanı bildirildiğinde makinesine takarak kullanmaya başlıyor.",nominalizer,semantic,after,taşıma,zamanı,bildirildiğinde,taşı-NMLZ,taşı-ma,91,97,98,120,29,30,31,38,51
14,26,pre_ambiguity,False,471,"Abone, kendisine verilen yeni SIM kartını, bu kelimenin sık sık tekrar edildiği mesajlarla taşıma zamanı bildirildiğinde makinesine takarak kullanmaya başlıyor.",nominalizer,semantic,after,taşıma,zamanı,bildirildiğinde,taşı-NMLZ,taşı-ma,91,97,98,120,29,30,31,38,51
14,27,pre_ambiguity,False,472,"Abone, kendisine verilen yeni SIM kartını, bu kelimenin sık sık tekrar edildiği mesajlarla taşıma zamanı bildirildiğinde makinesine takarak kullanmaya başlıyor.",nominalizer,semantic,after,taşıma,zamanı,bildirildiğinde,taşı-NMLZ,taşı-ma,91,97,98,120,29,30,31,38,51
14,28,pre_ambiguity,False,473,"Abone, kendisine verilen yeni SIM kartını, bu kelimenin sık sık tekrar edildiği mesajlarla taşıma zamanı bildirildiğinde makinesine takarak kullanmaya başlıyor.",nominalizer,semantic,after,taşıma,zamanı,bildirildiğinde,taşı-NMLZ,taşı-ma,91,97,98,120,29,30,31,38,51
14,29,ambiguity_onset,False,474,"Abone, kendisine verilen yeni SIM kartını, bu kelimenin sık sık tekrar edildiği mesajlarla taşıma zamanı bildirildiğinde makinesine takarak kullanmaya başlıyor.",nominalizer,semantic,after,taşıma,zamanı,bildirildiğinde,taşı-NMLZ,taşı-ma,91,97,98,120,29,30,31,38,51
14,30,ambiguity_onset,False,475,"Abone, kendisine verilen yeni SIM kartını, bu kelimenin sık sık tekrar edildiği mesajlarla taşıma zamanı bildirildiğinde makinesine takarak kullanmaya başlıyor.",nominalizer,semantic,after,taşıma,zamanı,bildirildiğinde,taşı-NMLZ,taşı-ma,91,97,98,120,29,30,31,38,51
14,31,cue_onset,False,476,"Abone, kendisine verilen yeni SIM kartını, bu kelimenin sık sık tekrar edildiği mesajlarla taşıma zamanı bildirildiğinde makinesine takarak kullanmaya başlıyor.",nominalizer,semantic,after,taşıma,zamanı,bildirildiğinde,taşı-NMLZ,taşı-ma,91,97,98,120,29,30,31,38,51
14,32,cue_onset,False,477,"Abone, kendisine verilen yeni SIM kartını, bu kelimenin sık sık tekrar edildiği mesajlarla taşıma zamanı bildirildiğinde makinesine takarak kullanmaya başlıyor.",nominalizer,semantic,after,taşıma,zamanı,bildirildiğinde,taşı-NMLZ,taşı-ma,91,97,98,120,29,30,31,38,51
14,33,cue_onset,False,478,"Abone, kendisine verilen yeni SIM kartını, bu kelimenin sık sık tekrar edildiği mesajlarla taşıma zamanı bildirildiğinde makinesine takarak kullanmaya başlıyor.",nominalizer,semantic,after,taşıma,zamanı,bildirildiğinde,taşı-NMLZ,taşı-ma,91,97,98,120,29,30,31,38,51
14,34,cue_onset,False,479,"Abone, kendisine verilen yeni SIM kartını, bu kelimenin sık sık tekrar edildiği mesajlarla taşıma zamanı bildirildiğinde makinesine takarak kullanmaya başlıyor.",nominalizer,semantic,after,taşıma,zamanı,bildirildiğinde,taşı-NMLZ,taşı-ma,91,97,98,120,29,30,31,38,51
14,35,cue_onset,False,480,"Abone, kendisine verilen yeni SIM kartını, bu kelimenin sık sık tekrar edildiği mesajlarla taşıma zamanı bildirildiğinde makinesine takarak kullanmaya başlıyor.",nominalizer,semantic,after,taşıma,zamanı,bildirildiğinde,taşı-NMLZ,taşı-ma,91,97,98,120,29,30,31,38,51
14,36,cue_onset,False,481,"Abone, kendisine verilen yeni SIM kartını, bu kelimenin sık sık tekrar edildiği mesajlarla taşıma zamanı bildirildiğinde makinesine takarak kullanmaya başlıyor.",nominalizer,semantic,after,taşıma,zamanı,bildirildiğinde,taşı-NMLZ,taşı-ma,91,97,98,120,29,30,31,38,51
14,37,cue_onset,False,482,"Abone, kendisine verilen yeni SIM kartını, bu kelimenin sık sık tekrar edildiği mesajlarla taşıma zamanı bildirildiğinde makinesine takarak kullanmaya başlıyor.",nominalizer,semantic,after,taşıma,zamanı,bildirildiğinde,taşı-NMLZ,taşı-ma,91,97,98,120,29,30,31,38,51
14,38,cue_onset,False,483,"Abone, kendisine verilen yeni SIM kartını, bu kelimenin sık sık tekrar edildiği mesajlarla taşıma zamanı bildirildiğinde makinesine takarak kullanmaya başlıyor.",nominalizer,semantic,after,taşıma,zamanı,bildirildiğinde,taşı-NMLZ,taşı-ma,91,97,98,120,29,30,31,38,51
14,39,post_cue,False,484,"Abone, kendisine verilen yeni SIM kartını, bu kelimenin sık sık tekrar edildiği mesajlarla taşıma zamanı bildirildiğinde makinesine takarak kullanmaya başlıyor.",nominalizer,semantic,after,taşıma,zamanı,bildirildiğinde,taşı-NMLZ,taşı-ma,91,97,98,120,29,30,31,38,51
14,40,post_cue,False,485,"Abone, kendisine verilen yeni SIM kartını, bu kelimenin sık sık tekrar edildiği mesajlarla taşıma zamanı bildirildiğinde makinesine takarak kullanmaya başlıyor.",nominalizer,semantic,after,taşıma,zamanı,bildirildiğinde,taşı-NMLZ,taşı-ma,91,97,98,120,29,30,31,38,51
14,41,post_cue,False,486,"Abone, kendisine verilen yeni SIM kartını, bu kelimenin sık sık tekrar edildiği mesajlarla taşıma zamanı bildirildiğinde makinesine takarak kullanmaya başlıyor.",nominalizer,semantic,after,taşıma,zamanı,bildirildiğinde,taşı-NMLZ,taşı-ma,91,97,98,120,29,30,31,38,51
14,42,post_cue,False,487,"Abone, kendisine verilen yeni SIM kartını, bu kelimenin sık sık tekrar edildiği mesajlarla taşıma zamanı bildirildiğinde makinesine takarak kullanmaya başlıyor.",nominalizer,semantic,after,taşıma,zamanı,bildirildiğinde,taşı-NMLZ,taşı-ma,91,97,98,120,29,30,31,38,51
14,43,post_cue,False,488,"Abone, kendisine verilen yeni SIM kartını, bu kelimenin sık sık tekrar edildiği mesajlarla taşıma zamanı bildirildiğinde makinesine takarak kullanmaya başlıyor.",nominalizer,semantic,after,taşıma,zamanı,bildirildiğinde,taşı-NMLZ,taşı-ma,91,97,98,120,29,30,31,38,51
14,44,post_cue,False,489,"Abone, kendisine verilen yeni SIM kartını, bu kelimenin sık sık tekrar edildiği mesajlarla taşıma zamanı bildirildiğinde makinesine takarak kullanmaya başlıyor.",nominalizer,semantic,after,taşıma,zamanı,bildirildiğinde,taşı-NMLZ,taşı-ma,91,97,98,120,29,30,31,38,51
14,45,post_cue,False,490,"Abone, kendisine verilen yeni SIM kartını, bu kelimenin sık sık tekrar edildiği mesajlarla taşıma zamanı bildirildiğinde makinesine takarak kullanmaya başlıyor.",nominalizer,semantic,after,taşıma,zamanı,bildirildiğinde,taşı-NMLZ,taşı-ma,91,97,98,120,29,30,31,38,51
14,46,post_cue,False,491,"Abone, kendisine verilen yeni SIM kartını, bu kelimenin sık sık tekrar edildiği mesajlarla taşıma zamanı bildirildiğinde makinesine takarak kullanmaya başlıyor.",nominalizer,semantic,after,taşıma,zamanı,bildirildiğinde,taşı-NMLZ,taşı-ma,91,97,98,120,29,30,31,38,51
14,47,post_cue,False,492,"Abone, kendisine verilen yeni SIM kartını, bu kelimenin sık sık tekrar edildiği mesajlarla taşıma zamanı bildirildiğinde makinesine takarak kullanmaya başlıyor.",nominalizer,semantic,after,taşıma,zamanı,bildirildiğinde,taşı-NMLZ,taşı-ma,91,97,98,120,29,30,31,38,51
14,48,post_cue,False,493,"Abone, kendisine verilen yeni SIM kartını, bu kelimenin sık sık tekrar edildiği mesajlarla taşıma zamanı bildirildiğinde makinesine takarak kullanmaya başlıyor.",nominalizer,semantic,after,taşıma,zamanı,bildirildiğinde,taşı-NMLZ,taşı-ma,91,97,98,120,29,30,31,38,51
14,49,post_cue,False,494,"Abone, kendisine verilen yeni SIM kartını, bu kelimenin sık sık tekrar edildiği mesajlarla taşıma zamanı bildirildiğinde makinesine takarak kullanmaya başlıyor.",nominalizer,semantic,after,taşıma,zamanı,bildirildiğinde,taşı-NMLZ,taşı-ma,91,97,98,120,29,30,31,38,51
14,50,full_sentence,True,495,"Abone, kendisine verilen yeni SIM kartını, bu kelimenin sık sık tekrar edildiği mesajlarla taşıma zamanı bildirildiğinde makinesine takarak kullanmaya başlıyor.",nominalizer,semantic,after,taşıma,zamanı,bildirildiğinde,taşı-NMLZ,taşı-ma,91,97,98,120,29,30,31,38,51
15,0,pre_ambiguity,False,496,"İlişkilerle ilgili görgü kuralları şu konuları içerir: evlilik hazırlığı, ailelerin tanışması, nişan bozma.",nominalizer,semantic,before,bozma,şu,içerir:,boz-NMLZ,boz-ma,102,107,36,55,39,42,15,22,43
15,1,pre_ambiguity,False,497,"İlişkilerle ilgili görgü kuralları şu konuları içerir: evlilik hazırlığı, ailelerin tanışması, nişan bozma.",nominalizer,semantic,before,bozma,şu,içerir:,boz-NMLZ,boz-ma,102,107,36,55,39,42,15,22,43
15,2,pre_ambiguity,False,498,"İlişkilerle ilgili görgü kuralları şu konuları içerir: evlilik hazırlığı, ailelerin tanışması, nişan bozma.",nominalizer,semantic,before,bozma,şu,içerir:,boz-NMLZ,boz-ma,102,107,36,55,39,42,15,22,43
15,3,pre_ambiguity,False,499,"İlişkilerle ilgili görgü kuralları şu konuları içerir: evlilik hazırlığı, ailelerin tanışması, nişan bozma.",nominalizer,semantic,before,bozma,şu,içerir:,boz-NMLZ,boz-ma,102,107,36,55,39,42,15,22,43
15,4,pre_ambiguity,False,500,"İlişkilerle ilgili görgü kuralları şu konuları içerir: evlilik hazırlığı, ailelerin tanışması, nişan bozma.",nominalizer,semantic,before,bozma,şu,içerir:,boz-NMLZ,boz-ma,102,107,36,55,39,42,15,22,43
15,5,pre_ambiguity,False,501,"İlişkilerle ilgili görgü kuralları şu konuları içerir: evlilik hazırlığı, ailelerin tanışması, nişan bozma.",nominalizer,semantic,before,bozma,şu,içerir:,boz-NMLZ,boz-ma,102,107,36,55,39,42,15,22,43
15,6,pre_ambiguity,False,502,"İlişkilerle ilgili görgü kuralları şu konuları içerir: evlilik hazırlığı, ailelerin tanışması, nişan bozma.",nominalizer,semantic,before,bozma,şu,içerir:,boz-NMLZ,boz-ma,102,107,36,55,39,42,15,22,43
15,7,pre_ambiguity,False,503,"İlişkilerle ilgili görgü kuralları şu konuları içerir: evlilik hazırlığı, ailelerin tanışması, nişan bozma.",nominalizer,semantic,before,bozma,şu,içerir:,boz-NMLZ,boz-ma,102,107,36,55,39,42,15,22,43
15,8,pre_ambiguity,False,504,"İlişkilerle ilgili görgü kuralları şu konuları içerir: evlilik hazırlığı, ailelerin tanışması, nişan bozma.",nominalizer,semantic,before,bozma,şu,içerir:,boz-NMLZ,boz-ma,102,107,36,55,39,42,15,22,43
15,9,pre_ambiguity,False,505,"İlişkilerle ilgili görgü kuralları şu konuları içerir: evlilik hazırlığı, ailelerin tanışması, nişan bozma.",nominalizer,semantic,before,bozma,şu,içerir:,boz-NMLZ,boz-ma,102,107,36,55,39,42,15,22,43
15,10,pre_ambiguity,False,506,"İlişkilerle ilgili görgü kuralları şu konuları içerir: evlilik hazırlığı, ailelerin tanışması, nişan bozma.",nominalizer,semantic,before,bozma,şu,içerir:,boz-NMLZ,boz-ma,102,107,36,55,39,42,15,22,43
15,11,pre_ambiguity,False,507,"İlişkilerle ilgili görgü kuralları şu konuları içerir: evlilik hazırlığı, ailelerin tanışması, nişan bozma.",nominalizer,semantic,before,bozma,şu,içerir:,boz-NMLZ,boz-ma,102,107,36,55,39,42,15,22,43
15,12,pre_ambiguity,False,508,"İlişkilerle ilgili görgü kuralları şu konuları içerir: evlilik hazırlığı, ailelerin tanışması, nişan bozma.",nominalizer,semantic,before,bozma,şu,içerir:,boz-NMLZ,boz-ma,102,107,36,55,39,42,15,22,43
15,13,pre_ambiguity,False,509,"İlişkilerle ilgili görgü kuralları şu konuları içerir: evlilik hazırlığı, ailelerin tanışması, nişan bozma.",nominalizer,semantic,before,bozma,şu,içerir:,boz-NMLZ,boz-ma,102,107,36,55,39,42,15,22,43
15,14,pre_ambiguity,False,510,"İlişkilerle ilgili görgü kuralları şu konuları içerir: evlilik hazırlığı, ailelerin tanışması, nişan bozma.",nominalizer,semantic,before,bozma,şu,içerir:,boz-NMLZ,boz-ma,102,107,36,55,39,42,15,22,43
15,15,cue_onset,False,511,"İlişkilerle ilgili görgü kuralları şu konuları içerir: evlilik hazırlığı, ailelerin tanışması, nişan bozma.",nominalizer,semantic,before,bozma,şu,içerir:,boz-NMLZ,boz-ma,102,107,36,55,39,42,15,22,43
15,16,cue_onset,False,512,"İlişkilerle ilgili görgü kuralları şu konuları içerir: evlilik hazırlığı, ailelerin tanışması, nişan bozma.",nominalizer,semantic,before,bozma,şu,içerir:,boz-NMLZ,boz-ma,102,107,36,55,39,42,15,22,43
15,17,cue_onset,False,513,"İlişkilerle ilgili görgü kuralları şu konuları içerir: evlilik hazırlığı, ailelerin tanışması, nişan bozma.",nominalizer,semantic,before,bozma,şu,içerir:,boz-NMLZ,boz-ma,102,107,36,55,39,42,15,22,43
15,18,cue_onset,False,514,"İlişkilerle ilgili görgü kuralları şu konuları içerir: evlilik hazırlığı, ailelerin tanışması, nişan bozma.",nominalizer,semantic,before,bozma,şu,içerir:,boz-NMLZ,boz-ma,102,107,36,55,39,42,15,22,43
15,19,cue_onset,False,515,"İlişkilerle ilgili görgü kuralları şu konuları içerir: evlilik hazırlığı, ailelerin tanışması, nişan bozma.",nominalizer,semantic,before,bozma,şu,içerir:,boz-NMLZ,boz-ma,102,107,36,55,39,42,15,22,43
15,20,cue_onset,False,516,"İlişkilerle ilgili görgü kuralları şu konuları içerir: evlilik hazırlığı, ailelerin tanışması, nişan bozma.",nominalizer,semantic,before,bozma,şu,içerir:,boz-NMLZ,boz-ma,102,107,36,55,39,42,15,22,43
15,21,cue_onset,False,517,"İlişkilerle ilgili görgü kuralları şu konuları içerir: evlilik hazırlığı, ailelerin tanışması, nişan bozma.",nominalizer,semantic,before,bozma,şu,içerir:,boz-NMLZ,boz-ma,102,107,36,55,39,42,15,22,43
15,22,cue_onset,False,518,"İlişkilerle ilgili görgü kuralları şu konuları içerir: evlilik hazırlığı, ailelerin tanışması, nişan bozma.",nominalizer,semantic,before,bozma,şu,içerir:,boz-NMLZ,boz-ma,102,107,36,55,39,42,15,22,43
15,23,post_cue_pre_ambiguity,False,519,"İlişkilerle ilgili görgü kuralları şu konuları içerir: evlilik hazırlığı, ailelerin tanışması, nişan bozma.",nominalizer,semantic,before,bozma,şu,içerir:,boz-NMLZ,boz-ma,102,107,36,55,39,42,15,22,43
15,24,post_cue_pre_ambiguity,False,520,"İlişkilerle ilgili görgü kuralları şu konuları içerir: evlilik hazırlığı, ailelerin tanışması, nişan bozma.",nominalizer,semantic,before,bozma,şu,içerir:,boz-NMLZ,boz-ma,102,107,36,55,39,42,15,22,43
15,25,post_cue_pre_ambiguity,False,521,"İlişkilerle ilgili görgü kuralları şu konuları içerir: evlilik hazırlığı, ailelerin tanışması, nişan bozma.",nominalizer,semantic,before,bozma,şu,içerir:,boz-NMLZ,boz-ma,102,107,36,55,39,42,15,22,43
15,26,post_cue_pre_ambiguity,False,522,"İlişkilerle ilgili görgü kuralları şu konuları içerir: evlilik hazırlığı, ailelerin tanışması, nişan bozma.",nominalizer,semantic,before,bozma,şu,içerir:,boz-NMLZ,boz-ma,102,107,36,55,39,42,15,22,43
15,27,post_cue_pre_ambiguity,False,523,"İlişkilerle ilgili görgü kuralları şu konuları içerir: evlilik hazırlığı, ailelerin tanışması, nişan bozma.",nominalizer,semantic,before,bozma,şu,içerir:,boz-NMLZ,boz-ma,102,107,36,55,39,42,15,22,43
15,28,post_cue_pre_ambiguity,False,524,"İlişkilerle ilgili görgü kuralları şu konuları içerir: evlilik hazırlığı, ailelerin tanışması, nişan bozma.",nominalizer,semantic,before,bozma,şu,içerir:,boz-NMLZ,boz-ma,102,107,36,55,39,42,15,22,43
15,29,post_cue_pre_ambiguity,False,525,"İlişkilerle ilgili görgü kuralları şu konuları içerir: evlilik hazırlığı, ailelerin tanışması, nişan bozma.",nominalizer,semantic,before,bozma,şu,içerir:,boz-NMLZ,boz-ma,102,107,36,55,39,42,15,22,43
15,30,post_cue_pre_ambiguity,False,526,"İlişkilerle ilgili görgü kuralları şu konuları içerir: evlilik hazırlığı, ailelerin tanışması, nişan bozma.",nominalizer,semantic,before,bozma,şu,içerir:,boz-NMLZ,boz-ma,102,107,36,55,39,42,15,22,43
15,31,post_cue_pre_ambiguity,False,527,"İlişkilerle ilgili görgü kuralları şu konuları içerir: evlilik hazırlığı, ailelerin tanışması, nişan bozma.",nominalizer,semantic,before,bozma,şu,içerir:,boz-NMLZ,boz-ma,102,107,36,55,39,42,15,22,43
15,32,post_cue_pre_ambiguity,False,528,"İlişkilerle ilgili görgü kuralları şu konuları içerir: evlilik hazırlığı, ailelerin tanışması, nişan bozma.",nominalizer,semantic,before,bozma,şu,içerir:,boz-NMLZ,boz-ma,102,107,36,55,39,42,15,22,43
15,33,post_cue_pre_ambiguity,False,529,"İlişkilerle ilgili görgü kuralları şu konuları içerir: evlilik hazırlığı, ailelerin tanışması, nişan bozma.",nominalizer,semantic,before,bozma,şu,içerir:,boz-NMLZ,boz-ma,102,107,36,55,39,42,15,22,43
15,34,post_cue_pre_ambiguity,False,530,"İlişkilerle ilgili görgü kuralları şu konuları içerir: evlilik hazırlığı, ailelerin tanışması, nişan bozma.",nominalizer,semantic,before,bozma,şu,içerir:,boz-NMLZ,boz-ma,102,107,36,55,39,42,15,22,43
15,35,post_cue_pre_ambiguity,False,531,"İlişkilerle ilgili görgü kuralları şu konuları içerir: evlilik hazırlığı, ailelerin tanışması, nişan bozma.",nominalizer,semantic,before,bozma,şu,içerir:,boz-NMLZ,boz-ma,102,107,36,55,39,42,15,22,43
15,36,post_cue_pre_ambiguity,False,532,"İlişkilerle ilgili görgü kuralları şu konuları içerir: evlilik hazırlığı, ailelerin tanışması, nişan bozma.",nominalizer,semantic,before,bozma,şu,içerir:,boz-NMLZ,boz-ma,102,107,36,55,39,42,15,22,43
15,37,post_cue_pre_ambiguity,False,533,"İlişkilerle ilgili görgü kuralları şu konuları içerir: evlilik hazırlığı, ailelerin tanışması, nişan bozma.",nominalizer,semantic,before,bozma,şu,içerir:,boz-NMLZ,boz-ma,102,107,36,55,39,42,15,22,43
15,38,post_cue_pre_ambiguity,False,534,"İlişkilerle ilgili görgü kuralları şu konuları içerir: evlilik hazırlığı, ailelerin tanışması, nişan bozma.",nominalizer,semantic,before,bozma,şu,içerir:,boz-NMLZ,boz-ma,102,107,36,55,39,42,15,22,43
15,39,ambiguity_onset,False,535,"İlişkilerle ilgili görgü kuralları şu konuları içerir: evlilik hazırlığı, ailelerin tanışması, nişan bozma.",nominalizer,semantic,before,bozma,şu,içerir:,boz-NMLZ,boz-ma,102,107,36,55,39,42,15,22,43
15,40,ambiguity_onset,False,536,"İlişkilerle ilgili görgü kuralları şu konuları içerir: evlilik hazırlığı, ailelerin tanışması, nişan bozma.",nominalizer,semantic,before,bozma,şu,içerir:,boz-NMLZ,boz-ma,102,107,36,55,39,42,15,22,43
15,41,ambiguity_onset,False,537,"İlişkilerle ilgili görgü kuralları şu konuları içerir: evlilik hazırlığı, ailelerin tanışması, nişan bozma.",nominalizer,semantic,before,bozma,şu,içerir:,boz-NMLZ,boz-ma,102,107,36,55,39,42,15,22,43
15,42,full_sentence,True,538,"İlişkilerle ilgili görgü kuralları şu konuları içerir: evlilik hazırlığı, ailelerin tanışması, nişan bozma.",nominalizer,semantic,before,bozma,şu,içerir:,boz-NMLZ,boz-ma,102,107,36,55,39,42,15,22,43
16,0,cue_onset,False,539,"Abone SIM kart hakkında uyarılıyor, taşıma deniyor kendisine, hem yazılı hem de sözlü olarak.",negation,semantic,before,taşıma,Abone,"uyarılıyor,",taşı-NEG.IMP.2SG,taşı-ma,36,42,0,35,8,9,0,7,25
16,1,cue_onset,False,540,"Abone SIM kart hakkında uyarılıyor, taşıma deniyor kendisine, hem yazılı hem de sözlü olarak.",negation,semantic,before,taşıma,Abone,"uyarılıyor,",taşı-NEG.IMP.2SG,taşı-ma,36,42,0,35,8,9,0,7,25
16,2,cue_onset,False,541,"Abone SIM kart hakkında uyarılıyor, taşıma deniyor kendisine, hem yazılı hem de sözlü olarak.",negation,semantic,before,taşıma,Abone,"uyarılıyor,",taşı-NEG.IMP.2SG,taşı-ma,36,42,0,35,8,9,0,7,25
16,3,cue_onset,False,542,"Abone SIM kart hakkında uyarılıyor, taşıma deniyor kendisine, hem yazılı hem de sözlü olarak.",negation,semantic,before,taşıma,Abone,"uyarılıyor,",taşı-NEG.IMP.2SG,taşı-ma,36,42,0,35,8,9,0,7,25
16,4,cue_onset,False,543,"Abone SIM kart hakkında uyarılıyor, taşıma deniyor kendisine, hem yazılı hem de sözlü olarak.",negation,semantic,before,taşıma,Abone,"uyarılıyor,",taşı-NEG.IMP.2SG,taşı-ma,36,42,0,35,8,9,0,7,25
16,5,cue_onset,False,544,"Abone SIM kart hakkında uyarılıyor, taşıma deniyor kendisine, hem yazılı hem de sözlü olarak.",negation,semantic,before,taşıma,Abone,"uyarılıyor,",taşı-NEG.IMP.2SG,taşı-ma,36,42,0,35,8,9,0,7,25
16,6,cue_onset,False,545,"Abone SIM kart hakkında uyarılıyor, taşıma deniyor kendisine, hem yazılı hem de sözlü olarak.",negation,semantic,before,taşıma,Abone,"uyarılıyor,",taşı-NEG.IMP.2SG,taşı-ma,36,42,0,35,8,9,0,7,25
16,7,cue_onset,False,546,"Abone SIM kart hakkında uyarılıyor, taşıma deniyor kendisine, hem yazılı hem de sözlü olarak.",negation,semantic,before,taşıma,Abone,"uyarılıyor,",taşı-NEG.IMP.2SG,taşı-ma,36,42,0,35,8,9,0,7,25
16,8,ambiguity_onset,False,547,"Abone SIM kart hakkında uyarılıyor, taşıma deniyor kendisine, hem yazılı hem de sözlü olarak.",negation,semantic,before,taşıma,Abone,"uyarılıyor,",taşı-NEG.IMP.2SG,taşı-ma,36,42,0,35,8,9,0,7,25
16,9,ambiguity_onset,False,548,"Abone SIM kart hakkında uyarılıyor, taşıma deniyor kendisine, hem yazılı hem de sözlü olarak.",negation,semantic,before,taşıma,Abone,"uyarılıyor,",taşı-NEG.IMP.2SG,taşı-ma,36,42,0,35,8,9,0,7,25
16,10,post_cue,False,549,"Abone SIM kart hakkında uyarılıyor, taşıma deniyor kendisine, hem yazılı hem de sözlü olarak.",negation,semantic,before,taşıma,Abone,"uyarılıyor,",taşı-NEG.IMP.2SG,taşı-ma,36,42,0,35,8,9,0,7,25
16,11,post_cue,False,550,"Abone SIM kart hakkında uyarılıyor, taşıma deniyor kendisine, hem yazılı hem de sözlü olarak.",negation,semantic,before,taşıma,Abone,"uyarılıyor,",taşı-NEG.IMP.2SG,taşı-ma,36,42,0,35,8,9,0,7,25
16,12,post_cue,False,551,"Abone SIM kart hakkında uyarılıyor, taşıma deniyor kendisine, hem yazılı hem de sözlü olarak.",negation,semantic,before,taşıma,Abone,"uyarılıyor,",taşı-NEG.IMP.2SG,taşı-ma,36,42,0,35,8,9,0,7,25
16,13,post_cue,False,552,"Abone SIM kart hakkında uyarılıyor, taşıma deniyor kendisine, hem yazılı hem de sözlü olarak.",negation,semantic,before,taşıma,Abone,"uyarılıyor,",taşı-NEG.IMP.2SG,taşı-ma,36,42,0,35,8,9,0,7,25
16,14,post_cue,False,553,"Abone SIM kart hakkında uyarılıyor, taşıma deniyor kendisine, hem yazılı hem de sözlü olarak.",negation,semantic,before,taşıma,Abone,"uyarılıyor,",taşı-NEG.IMP.2SG,taşı-ma,36,42,0,35,8,9,0,7,25
16,15,post_cue,False,554,"Abone SIM kart hakkında uyarılıyor, taşıma deniyor kendisine, hem yazılı hem de sözlü olarak.",negation,semantic,before,taşıma,Abone,"uyarılıyor,",taşı-NEG.IMP.2SG,taşı-ma,36,42,0,35,8,9,0,7,25
16,16,post_cue,False,555,"Abone SIM kart hakkında uyarılıyor, taşıma deniyor kendisine, hem yazılı hem de sözlü olarak.",negation,semantic,before,taşıma,Abone,"uyarılıyor,",taşı-NEG.IMP.2SG,taşı-ma,36,42,0,35,8,9,0,7,25
16,17,post_cue,False,556,"Abone SIM kart hakkında uyarılıyor, taşıma deniyor kendisine, hem yazılı hem de sözlü olarak.",negation,semantic,before,taşıma,Abone,"uyarılıyor,",taşı-NEG.IMP.2SG,taşı-ma,36,42,0,35,8,9,0,7,25
16,18,post_cue,False,557,"Abone SIM kart hakkında uyarılıyor, taşıma deniyor kendisine, hem yazılı hem de sözlü olarak.",negation,semantic,before,taşıma,Abone,"uyarılıyor,",taşı-NEG.IMP.2SG,taşı-ma,36,42,0,35,8,9,0,7,25
16,19,post_cue,False,558,"Abone SIM kart hakkında uyarılıyor, taşıma deniyor kendisine, hem yazılı hem de sözlü olarak.",negation,semantic,before,taşıma,Abone,"uyarılıyor,",taşı-NEG.IMP.2SG,taşı-ma,36,42,0,35,8,9,0,7,25
16,20,post_cue,False,559,"Abone SIM kart hakkında uyarılıyor, taşıma deniyor kendisine, hem yazılı hem de sözlü olarak.",negation,semantic,before,taşıma,Abone,"uyarılıyor,",taşı-NEG.IMP.2SG,taşı-ma,36,42,0,35,8,9,0,7,25
16,21,post_cue,False,560,"Abone SIM kart hakkında uyarılıyor, taşıma deniyor kendisine, hem yazılı hem de sözlü olarak.",negation,semantic,before,taşıma,Abone,"uyarılıyor,",taşı-NEG.IMP.2SG,taşı-ma,36,42,0,35,8,9,0,7,25
16,22,post_cue,False,561,"Abone SIM kart hakkında uyarılıyor, taşıma deniyor kendisine, hem yazılı hem de sözlü olarak.",negation,semantic,before,taşıma,Abone,"uyarılıyor,",taşı-NEG.IMP.2SG,taşı-ma,36,42,0,35,8,9,0,7,25
16,23,post_cue,False,562,"Abone SIM kart hakkında uyarılıyor, taşıma deniyor kendisine, hem yazılı hem de sözlü olarak.",negation,semantic,before,taşıma,Abone,"uyarılıyor,",taşı-NEG.IMP.2SG,taşı-ma,36,42,0,35,8,9,0,7,25
16,24,full_sentence,True,563,"Abone SIM kart hakkında uyarılıyor, taşıma deniyor kendisine, hem yazılı hem de sözlü olarak.",negation,semantic,before,taşıma,Abone,"uyarılıyor,",taşı-NEG.IMP.2SG,taşı-ma,36,42,0,35,8,9,0,7,25
17,0,pre_ambiguity,False,564,"Abone, kendisine verilen yeni SIM kartını, sakın bu kartı taşıma diye uyarılmadığı için makinesine takarak kullanmaya başlıyor.",negation,syntactic,before,taşıma,bu,için,taşı-NEG.IMP.2SG,taşı-ma,58,64,49,87,18,19,15,26,39
17,1,pre_ambiguity,False,565,"Abone, kendisine verilen yeni SIM kartını, sakın bu kartı taşıma diye uyarılmadığı için makinesine takarak kullanmaya başlıyor.",negation,syntactic,before,taşıma,bu,için,taşı-NEG.IMP.2SG,taşı-ma,58,64,49,87,18,19,15,26,39
17,2,pre_ambiguity,False,566,"Abone, kendisine verilen yeni SIM kartını, sakın bu kartı taşıma diye uyarılmadığı için makinesine takarak kullanmaya başlıyor.",negation,syntactic,before,taşıma,bu,için,taşı-NEG.IMP.2SG,taşı-ma,58,64,49,87,18,19,15,26,39
17,3,pre_ambiguity,False,567,"Abone, kendisine verilen yeni SIM kartını, sakın bu kartı taşıma diye uyarılmadığı için makinesine takarak kullanmaya başlıyor.",negation,syntactic,before,taşıma,bu,için,taşı-NEG.IMP.2SG,taşı-ma,58,64,49,87,18,19,15,26,39
17,4,pre_ambiguity,False,568,"Abone, kendisine verilen yeni SIM kartını, sakın bu kartı taşıma diye uyarılmadığı için makinesine takarak kullanmaya başlıyor.",negation,syntactic,before,taşıma,bu,için,taşı-NEG.IMP.2SG,taşı-ma,58,64,49,87,18,19,15,26,39
17,5,pre_ambiguity,False,569,"Abone, kendisine verilen yeni SIM kartını, sakın bu kartı taşıma diye uyarılmadığı için makinesine takarak kullanmaya başlıyor.",negation,syntactic,before,taşıma,bu,için,taşı-NEG.IMP.2SG,taşı-ma,58,64,49,87,18,19,15,26,39
17,6,pre_ambiguity,False,570,"Abone, kendisine verilen yeni SIM kartını, sakın bu kartı taşıma diye uyarılmadığı için makinesine takarak kullanmaya başlıyor.",negation,syntactic,before,taşıma,bu,için,taşı-NEG.IMP.2SG,taşı-ma,58,64,49,87,18,19,15,26,39
17,7,pre_ambiguity,False,571,"Abone, kendisine verilen yeni SIM kartını, sakın bu kartı taşıma diye uyarılmadığı için makinesine takarak kullanmaya başlıyor.",negation,syntactic,before,taşıma,bu,için,taşı-NEG.IMP.2SG,taşı-ma,58,64,49,87,18,19,15,26,39
17,8,pre_ambiguity,False,572,"Abone, kendisine verilen yeni SIM kartını, sakın bu kartı taşıma diye uyarılmadığı için makinesine takarak kullanmaya başlıyor.",negation,syntactic,before,taşıma,bu,için,taşı-NEG.IMP.2SG,taşı-ma,58,64,49,87,18,19,15,26,39
17,9,pre_ambiguity,False,573,"Abone, kendisine verilen yeni SIM kartını, sakın bu kartı taşıma diye uyarılmadığı için makinesine takarak kullanmaya başlıyor.",negation,syntactic,before,taşıma,bu,için,taşı-NEG.IMP.2SG,taşı-ma,58,64,49,87,18,19,15,26,39
17,10,pre_ambiguity,False,574,"Abone, kendisine verilen yeni SIM kartını, sakın bu kartı taşıma diye uyarılmadığı için makinesine takarak kullanmaya başlıyor.",negation,syntactic,before,taşıma,bu,için,taşı-NEG.IMP.2SG,taşı-ma,58,64,49,87,18,19,15,26,39
17,11,pre_ambiguity,False,575,"Abone, kendisine verilen yeni SIM kartını, sakın bu kartı taşıma diye uyarılmadığı için makinesine takarak kullanmaya başlıyor.",negation,syntactic,before,taşıma,bu,için,taşı-NEG.IMP.2SG,taşı-ma,58,64,49,87,18,19,15,26,39
17,12,pre_ambiguity,False,576,"Abone, kendisine verilen yeni SIM kartını, sakın bu kartı taşıma diye uyarılmadığı için makinesine takarak kullanmaya başlıyor.",negation,syntactic,before,taşıma,bu,için,taşı-NEG.IMP.2SG,taşı-ma,58,64,49,87,18,19,15,26,39
17,13,pre_ambiguity,False,577,"Abone, kendisine verilen yeni SIM kartını, sakın bu kartı taşıma diye uyarılmadığı için makinesine takarak kullanmaya başlıyor.",negation,syntactic,before,taşıma,bu,için,taşı-NEG.IMP.2SG,taşı-ma,58,64,49,87,18,19,15,26,39
17,14,pre_ambiguity,False,578,"Abone, kendisine verilen yeni SIM kartını, sakın bu kartı taşıma diye uyarılmadığı için makinesine takarak kullanmaya başlıyor.",negation,syntactic,before,taşıma,bu,için,taşı-NEG.IMP.2SG,taşı-ma,58,64,49,87,18,19,15,26,39
17,15,cue_onset,False,579,"Abone, kendisine verilen yeni SIM kartını, sakın bu kartı taşıma diye uyarılmadığı için makinesine takarak kullanmaya başlıyor.",negation,syntactic,before,taşıma,bu,için,taşı-NEG.IMP.2SG,taşı-ma,58,64,49,87,18,19,15,26,39
17,16,cue_onset,False,580,"Abone, kendisine verilen yeni SIM kartını, sakın bu kartı taşıma diye uyarılmadığı için makinesine takarak kullanmaya başlıyor.",negation,syntactic,before,taşıma,bu,için,taşı-NEG.IMP.2SG,taşı-ma,58,64,49,87,18,19,15,26,39
17,17,cue_onset,False,581,"Abone, kendisine verilen yeni SIM kartını, sakın bu kartı taşıma diye uyarılmadığı için makinesine takarak kullanmaya başlıyor.",negation,syntactic,before,taşıma,bu,için,taşı-NEG.IMP.2SG,taşı-ma,58,64,49,87,18,19,15,26,39
17,18,ambiguity_onset,False,582,"Abone, kendisine verilen yeni SIM kartını, sakın bu kartı taşıma diye uyarılmadığı için makinesine takarak kullanmaya başlıyor.",negation,syntactic,before,taşıma,bu,için,taşı-NEG.IMP.2SG,taşı-ma,58,64,49,87,18,19,15,26,39
17,19,ambiguity_onset,False,583,"Abone, kendisine verilen yeni SIM kartını, sakın bu kartı taşıma diye uyarılmadığı için makinesine takarak kullanmaya başlıyor.",negation,syntactic,before,taşıma,bu,için,taşı-NEG.IMP.2SG,taşı-ma,58,64,49,87,18,19,15,26,39
17,20,cue_onset,False,584,"Abone, kendisine verilen yeni SIM kartını, sakın bu kartı taşıma diye uyarılmadığı için makinesine takarak kullanmaya başlıyor.",negation,syntactic,before,taşıma,bu,için,taşı-NEG.IMP.2SG,taşı-ma,58,64,49,87,18,19,15,26,39
17,21,cue_onset,False,585,"Abone, kendisine verilen yeni SIM kartını, sakın bu kartı taşıma diye uyarılmadığı için makinesine takarak kullanmaya başlıyor.",negation,syntactic,before,taşıma,bu,için,taşı-NEG.IMP.2SG,taşı-ma,58,64,49,87,18,19,15,26,39
17,22,cue_onset,False,586,"Abone, kendisine verilen yeni SIM kartını, sakın bu kartı taşıma diye uyarılmadığı için makinesine takarak kullanmaya başlıyor.",negation,syntactic,before,taşıma,bu,için,taşı-NEG.IMP.2SG,taşı-ma,58,64,49,87,18,19,15,26,39
17,23,cue_onset,False,587,"Abone, kendisine verilen yeni SIM kartını, sakın bu kartı taşıma diye uyarılmadığı için makinesine takarak kullanmaya başlıyor.",negation,syntactic,before,taşıma,bu,için,taşı-NEG.IMP.2SG,taşı-ma,58,64,49,87,18,19,15,26,39
17,24,cue_onset,False,588,"Abone, kendisine verilen yeni SIM kartını, sakın bu kartı taşıma diye uyarılmadığı için makinesine takarak kullanmaya başlıyor.",negation,syntactic,before,taşıma,bu,için,taşı-NEG.IMP.2SG,taşı-ma,58,64,49,87,18,19,15,26,39
17,25,cue_onset,False,589,"Abone, kendisine verilen yeni SIM kartını, sakın bu kartı taşıma diye uyarılmadığı için makinesine takarak kullanmaya başlıyor.",negation,syntactic,before,taşıma,bu,için,taşı-NEG.IMP.2SG,taşı-ma,58,64,49,87,18,19,15,26,39
17,26,cue_onset,False,590,"Abone, kendisine verilen yeni SIM kartını, sakın bu kartı taşıma diye uyarılmadığı için makinesine takarak kullanmaya başlıyor.",negation,syntactic,before,taşıma,bu,için,taşı-NEG.IMP.2SG,taşı-ma,58,64,49,87,18,19,15,26,39
17,27,post_cue,False,591,"Abone, kendisine verilen yeni SIM kartını, sakın bu kartı taşıma diye uyarılmadığı için makinesine takarak kullanmaya başlıyor.",negation,syntactic,before,taşıma,bu,için,taşı-NEG.IMP.2SG,taşı-ma,58,64,49,87,18,19,15,26,39
17,28,post_cue,False,592,"Abone, kendisine verilen yeni SIM kartını, sakın bu kartı taşıma diye uyarılmadığı için makinesine takarak kullanmaya başlıyor.",negation,syntactic,before,taşıma,bu,için,taşı-NEG.IMP.2SG,taşı-ma,58,64,49,87,18,19,15,26,39
17,29,post_cue,False,593,"Abone, kendisine verilen yeni SIM kartını, sakın bu kartı taşıma diye uyarılmadığı için makinesine takarak kullanmaya başlıyor.",negation,syntactic,before,taşıma,bu,için,taşı-NEG.IMP.2SG,taşı-ma,58,64,49,87,18,19,15,26,39
17,30,post_cue,False,594,"Abone, kendisine verilen yeni SIM kartını, sakın bu kartı taşıma diye uyarılmadığı için makinesine takarak kullanmaya başlıyor.",negation,syntactic,before,taşıma,bu,için,taşı-NEG.IMP.2SG,taşı-ma,58,64,49,87,18,19,15,26,39
17,31,post_cue,False,595,"Abone, kendisine verilen yeni SIM kartını, sakın bu kartı taşıma diye uyarılmadığı için makinesine takarak kullanmaya başlıyor.",negation,syntactic,before,taşıma,bu,için,taşı-NEG.IMP.2SG,taşı-ma,58,64,49,87,18,19,15,26,39
17,32,post_cue,False,596,"Abone, kendisine verilen yeni SIM kartını, sakın bu kartı taşıma diye uyarılmadığı için makinesine takarak kullanmaya başlıyor.",negation,syntactic,before,taşıma,bu,için,taşı-NEG.IMP.2SG,taşı-ma,58,64,49,87,18,19,15,26,39
17,33,post_cue,False,597,"Abone, kendisine verilen yeni SIM kartını, sakın bu kartı taşıma diye uyarılmadığı için makinesine takarak kullanmaya başlıyor.",negation,syntactic,before,taşıma,bu,için,taşı-NEG.IMP.2SG,taşı-ma,58,64,49,87,18,19,15,26,39
17,34,post_cue,False,598,"Abone, kendisine verilen yeni SIM kartını, sakın bu kartı taşıma diye uyarılmadığı için makinesine takarak kullanmaya başlıyor.",negation,syntactic,before,taşıma,bu,için,taşı-NEG.IMP.2SG,taşı-ma,58,64,49,87,18,19,15,26,39
17,35,post_cue,False,599,"Abone, kendisine verilen yeni SIM kartını, sakın bu kartı taşıma diye uyarılmadığı için makinesine takarak kullanmaya başlıyor.",negation,syntactic,before,taşıma,bu,için,taşı-NEG.IMP.2SG,taşı-ma,58,64,49,87,18,19,15,26,39
17,36,post_cue,False,600,"Abone, kendisine verilen yeni SIM kartını, sakın bu kartı taşıma diye uyarılmadığı için makinesine takarak kullanmaya başlıyor.",negation,syntactic,before,taşıma,bu,için,taşı-NEG.IMP.2SG,taşı-ma,58,64,49,87,18,19,15,26,39
17,37,post_cue,False,601,"Abone, kendisine verilen yeni SIM kartını, sakın bu kartı taşıma diye uyarılmadığı için makinesine takarak kullanmaya başlıyor.",negation,syntactic,before,taşıma,bu,için,taşı-NEG.IMP.2SG,taşı-ma,58,64,49,87,18,19,15,26,39
17,38,full_sentence,True,602,"Abone, kendisine verilen yeni SIM kartını, sakın bu kartı taşıma diye uyarılmadığı için makinesine takarak kullanmaya başlıyor.",negation,syntactic,before,taşıma,bu,için,taşı-NEG.IMP.2SG,taşı-ma,58,64,49,87,18,19,15,26,39
18,0,pre_ambiguity,False,603,Stüdyoda bomba arama filan gibi uyarılarda bulundu.,negation,semantic,after,arama,filan,uyarılarda,ara-NEG.IMP.2SG,ara-ma,15,20,21,42,6,7,8,13,17
18,1,pre_ambiguity,False,604,Stüdyoda bomba arama filan gibi uyarılarda bulundu.,negation,semantic,after,arama,filan,uyarılarda,ara-NEG.IMP.2SG,ara-ma,15,20,21,42,6,7,8,13,17
18,2,pre_ambiguity,False,605,Stüdyoda bomba arama filan gibi uyarılarda bulundu.,negation,semantic,after,arama,filan,uyarılarda,ara-NEG.IMP.2SG,ara-ma,15,20,21,42,6,7,8,13,17
18,3,pre_ambiguity,False,606,Stüdyoda bomba arama filan gibi uyarılarda bulundu.,negation,semantic,after,arama,filan,uyarılarda,ara-NEG.IMP.2SG,ara-ma,15,20,21,42,6,7,8,13,17
18,4,pre_ambiguity,False,607,Stüdyoda bomba arama filan gibi uyarılarda bulundu.,negation,semantic,after,arama,filan,uyarılarda,ara-NEG.IMP.2SG,ara-ma,15,20,21,42,6,7,8,13,17
18,5,pre_ambiguity,False,608,Stüdyoda bomba arama filan gibi uyarılarda bulundu.,negation,semantic,after,arama,filan,uyarılarda,ara-NEG.IMP.2SG,ara-ma,15,20,21,42,6,7,8,13,17
18,6,ambiguity_onset,False,609,Stüdyoda bomba arama filan gibi uyarılarda bulundu.,negation,semantic,after,arama,filan,uyarılarda,ara-NEG.IMP.2SG,ara-ma,15,20,21,42,6,7,8,13,17
18,7,ambiguity_onset,False,610,Stüdyoda bomba arama filan gibi uyarılarda bulundu.,negation,semantic,after,arama,filan,uyarılarda,ara-NEG.IMP.2SG,ara-ma,15,20,21,42,6,7,8,13,17
18,8,cue_onset,False,611,Stüdyoda bomba arama filan gibi uyarılarda bulundu.,negation,semantic,after,arama,filan,uyarılarda,ara-NEG.IMP.2SG,ara-ma,15,20,21,42,6,7,8,13,17
18,9,cue_onset,False,612,Stüdyoda bomba arama filan gibi uyarılarda bulundu.,negation,semantic,after,arama,filan,uyarılarda,ara-NEG.IMP.2SG,ara-ma,15,20,21,42,6,7,8,13,17
18,10,cue_onset,False,613,Stüdyoda bomba arama filan gibi uyarılarda bulundu.,negation,semantic,after,arama,filan,uyarılarda,ara-NEG.IMP.2SG,ara-ma,15,20,21,42,6,7,8,13,17
18,11,cue_onset,False,614,Stüdyoda bomba arama filan gibi uyarılarda bulundu.,negation,semantic,after,arama,filan,uyarılarda,ara-NEG.IMP.2SG,ara-ma,15,20,21,42,6,7,8,13,17
18,12,cue_onset,False,615,Stüdyoda bomba arama filan gibi uyarılarda bulundu.,negation,semantic,after,arama,filan,uyarılarda,ara-NEG.IMP.2SG,ara-ma,15,20,21,42,6,7,8,13,17
18,13,cue_onset,False,616,Stüdyoda bomba arama filan gibi uyarılarda bulundu.,negation,semantic,after,arama,filan,uyarılarda,ara-NEG.IMP.2SG,ara-ma,15,20,21,42,6,7,8,13,17
18,14,post_cue,False,617,Stüdyoda bomba arama filan gibi uyarılarda bulundu.,negation,semantic,after,arama,filan,uyarılarda,ara-NEG.IMP.2SG,ara-ma,15,20,21,42,6,7,8,13,17
18,15,post_cue,False,618,Stüdyoda bomba arama filan gibi uyarılarda bulundu.,negation,semantic,after,arama,filan,uyarılarda,ara-NEG.IMP.2SG,ara-ma,15,20,21,42,6,7,8,13,17
18,16,full_sentence,True,619,Stüdyoda bomba arama filan gibi uyarılarda bulundu.,negation,semantic,after,arama,filan,uyarılarda,ara-NEG.IMP.2SG,ara-ma,15,20,21,42,6,7,8,13,17
19,0,pre_ambiguity,False,620,Stüdyoda bomba arama filan gibi konular konuşuldu.,nominalizer,semantic,after,arama,filan,konular,ara-NMLZ,ara-ma,15,20,21,39,6,7,8,12,17
19,1,pre_ambiguity,False,621,Stüdyoda bomba arama filan gibi konular konuşuldu.,nominalizer,semantic,after,arama,filan,konular,ara-NMLZ,ara-ma,15,20,21,39,6,7,8,12,17
19,2,pre_ambiguity,False,622,Stüdyoda bomba arama filan gibi konular konuşuldu.,nominalizer,semantic,after,arama,filan,konular,ara-NMLZ,ara-ma,15,20,21,39,6,7,8,12,17
19,3,pre_ambiguity,False,623,Stüdyoda bomba arama filan gibi konular konuşuldu.,nominalizer,semantic,after,arama,filan,konular,ara-NMLZ,ara-ma,15,20,21,39,6,7,8,12,17
19,4,pre_ambiguity,False,624,Stüdyoda bomba arama filan gibi konular konuşuldu.,nominalizer,semantic,after,arama,filan,konular,ara-NMLZ,ara-ma,15,20,21,39,6,7,8,12,17
19,5,pre_ambiguity,False,625,Stüdyoda bomba arama filan gibi konular konuşuldu.,nominalizer,semantic,after,arama,filan,konular,ara-NMLZ,ara-ma,15,20,21,39,6,7,8,12,17
19,6,ambiguity_onset,False,626,Stüdyoda bomba arama filan gibi konular konuşuldu.,nominalizer,semantic,after,arama,filan,konular,ara-NMLZ,ara-ma,15,20,21,39,6,7,8,12,17
19,7,ambiguity_onset,False,627,Stüdyoda bomba arama filan gibi konular konuşuldu.,nominalizer,semantic,after,arama,filan,konular,ara-NMLZ,ara-ma,15,20,21,39,6,7,8,12,17
19,8,cue_onset,False,628,Stüdyoda bomba arama filan gibi konular konuşuldu.,nominalizer,semantic,after,arama,filan,konular,ara-NMLZ,ara-ma,15,20,21,39,6,7,8,12,17
19,9,cue_onset,False,629,Stüdyoda bomba arama filan gibi konular konuşuldu.,nominalizer,semantic,after,arama,filan,konular,ara-NMLZ,ara-ma,15,20,21,39,6,7,8,12,17
19,10,cue_onset,False,630,Stüdyoda bomba arama filan gibi konular konuşuldu.,nominalizer,semantic,after,arama,filan,konular,ara-NMLZ,ara-ma,15,20,21,39,6,7,8,12,17
19,11,cue_onset,False,631,Stüdyoda bomba arama filan gibi konular konuşuldu.,nominalizer,semantic,after,arama,filan,konular,ara-NMLZ,ara-ma,15,20,21,39,6,7,8,12,17
19,12,cue_onset,False,632,Stüdyoda bomba arama filan gibi konular konuşuldu.,nominalizer,semantic,after,arama,filan,konular,ara-NMLZ,ara-ma,15,20,21,39,6,7,8,12,17
19,13,post_cue,False,633,Stüdyoda bomba arama filan gibi konular konuşuldu.,nominalizer,semantic,after,arama,filan,konular,ara-NMLZ,ara-ma,15,20,21,39,6,7,8,12,17
19,14,post_cue,False,634,Stüdyoda bomba arama filan gibi konular konuşuldu.,nominalizer,semantic,after,arama,filan,konular,ara-NMLZ,ara-ma,15,20,21,39,6,7,8,12,17
19,15,post_cue,False,635,Stüdyoda bomba arama filan gibi konular konuşuldu.,nominalizer,semantic,after,arama,filan,konular,ara-NMLZ,ara-ma,15,20,21,39,6,7,8,12,17
19,16,full_sentence,True,636,Stüdyoda bomba arama filan gibi konular konuşuldu.,nominalizer,semantic,after,arama,filan,konular,ara-NMLZ,ara-ma,15,20,21,39,6,7,8,12,17
20,0,pre_ambiguity,False,637,"İngilizce ve Fransızca konuşuyor, dünyayı gezmiş, görmüş geçirmiş, kulak vermiş 'Olma sen diğerleri gibi!' diyenlere.",negation,syntactic,after,olma,sen,gibi!',ol-NEG.IMP.2SG,ol-ma,82,86,87,107,30,32,32,37,42
20,1,pre_ambiguity,False,638,"İngilizce ve Fransızca konuşuyor, dünyayı gezmiş, görmüş geçirmiş, kulak vermiş 'Olma sen diğerleri gibi!' diyenlere.",negation,syntactic,after,olma,sen,gibi!',ol-NEG.IMP.2SG,ol-ma,82,86,87,107,30,32,32,37,42
20,2,pre_ambiguity,False,639,"İngilizce ve Fransızca konuşuyor, dünyayı gezmiş, görmüş geçirmiş, kulak vermiş 'Olma sen diğerleri gibi!' diyenlere.",negation,syntactic,after,olma,sen,gibi!',ol-NEG.IMP.2SG,ol-ma,82,86,87,107,30,32,32,37,42
20,3,pre_ambiguity,False,640,"İngilizce ve Fransızca konuşuyor, dünyayı gezmiş, görmüş geçirmiş, kulak vermiş 'Olma sen diğerleri gibi!' diyenlere.",negation,syntactic,after,olma,sen,gibi!',ol-NEG.IMP.2SG,ol-ma,82,86,87,107,30,32,32,37,42
20,4,pre_ambiguity,False,641,"İngilizce ve Fransızca konuşuyor, dünyayı gezmiş, görmüş geçirmiş, kulak vermiş 'Olma sen diğerleri gibi!' diyenlere.",negation,syntactic,after,olma,sen,gibi!',ol-NEG.IMP.2SG,ol-ma,82,86,87,107,30,32,32,37,42
20,5,pre_ambiguity,False,642,"İngilizce ve Fransızca konuşuyor, dünyayı gezmiş, görmüş geçirmiş, kulak vermiş 'Olma sen diğerleri gibi!' diyenlere.",negation,syntactic,after,olma,sen,gibi!',ol-NEG.IMP.2SG,ol-ma,82,86,87,107,30,32,32,37,42
20,6,pre_ambiguity,False,643,"İngilizce ve Fransızca konuşuyor, dünyayı gezmiş, görmüş geçirmiş, kulak vermiş 'Olma sen diğerleri gibi!' diyenlere.",negation,syntactic,after,olma,sen,gibi!',ol-NEG.IMP.2SG,ol-ma,82,86,87,107,30,32,32,37,42
20,7,pre_ambiguity,False,644,"İngilizce ve Fransızca konuşuyor, dünyayı gezmiş, görmüş geçirmiş, kulak vermiş 'Olma sen diğerleri gibi!' diyenlere.",negation,syntactic,after,olma,sen,gibi!',ol-NEG.IMP.2SG,ol-ma,82,86,87,107,30,32,32,37,42
20,8,pre_ambiguity,False,645,"İngilizce ve Fransızca konuşuyor, dünyayı gezmiş, görmüş geçirmiş, kulak vermiş 'Olma sen diğerleri gibi!' diyenlere.",negation,syntactic,after,olma,sen,gibi!',ol-NEG.IMP.2SG,ol-ma,82,86,87,107,30,32,32,37,42
20,9,pre_ambiguity,False,646,"İngilizce ve Fransızca konuşuyor, dünyayı gezmiş, görmüş geçirmiş, kulak vermiş 'Olma sen diğerleri gibi!' diyenlere.",negation,syntactic,after,olma,sen,gibi!',ol-NEG.IMP.2SG,ol-ma,82,86,87,107,30,32,32,37,42
20,10,pre_ambiguity,False,647,"İngilizce ve Fransızca konuşuyor, dünyayı gezmiş, görmüş geçirmiş, kulak vermiş 'Olma sen diğerleri gibi!' diyenlere.",negation,syntactic,after,olma,sen,gibi!',ol-NEG.IMP.2SG,ol-ma,82,86,87,107,30,32,32,37,42
20,11,pre_ambiguity,False,648,"İngilizce ve Fransızca konuşuyor, dünyayı gezmiş, görmüş geçirmiş, kulak vermiş 'Olma sen diğerleri gibi!' diyenlere.",negation,syntactic,after,olma,sen,gibi!',ol-NEG.IMP.2SG,ol-ma,82,86,87,107,30,32,32,37,42
20,12,pre_ambiguity,False,649,"İngilizce ve Fransızca konuşuyor, dünyayı gezmiş, görmüş geçirmiş, kulak vermiş 'Olma sen diğerleri gibi!' diyenlere.",negation,syntactic,after,olma,sen,gibi!',ol-NEG.IMP.2SG,ol-ma,82,86,87,107,30,32,32,37,42
20,13,pre_ambiguity,False,650,"İngilizce ve Fransızca konuşuyor, dünyayı gezmiş, görmüş geçirmiş, kulak vermiş 'Olma sen diğerleri gibi!' diyenlere.",negation,syntactic,after,olma,sen,gibi!',ol-NEG.IMP.2SG,ol-ma,82,86,87,107,30,32,32,37,42
20,14,pre_ambiguity,False,651,"İngilizce ve Fransızca konuşuyor, dünyayı gezmiş, görmüş geçirmiş, kulak vermiş 'Olma sen diğerleri gibi!' diyenlere.",negation,syntactic,after,olma,sen,gibi!',ol-NEG.IMP.2SG,ol-ma,82,86,87,107,30,32,32,37,42
20,15,pre_ambiguity,False,652,"İngilizce ve Fransızca konuşuyor, dünyayı gezmiş, görmüş geçirmiş, kulak vermiş 'Olma sen diğerleri gibi!' diyenlere.",negation,syntactic,after,olma,sen,gibi!',ol-NEG.IMP.2SG,ol-ma,82,86,87,107,30,32,32,37,42
20,16,pre_ambiguity,False,653,"İngilizce ve Fransızca konuşuyor, dünyayı gezmiş, görmüş geçirmiş, kulak vermiş 'Olma sen diğerleri gibi!' diyenlere.",negation,syntactic,after,olma,sen,gibi!',ol-NEG.IMP.2SG,ol-ma,82,86,87,107,30,32,32,37,42
20,17,pre_ambiguity,False,654,"İngilizce ve Fransızca konuşuyor, dünyayı gezmiş, görmüş geçirmiş, kulak vermiş 'Olma sen diğerleri gibi!' diyenlere.",negation,syntactic,after,olma,sen,gibi!',ol-NEG.IMP.2SG,ol-ma,82,86,87,107,30,32,32,37,42
20,18,pre_ambiguity,False,655,"İngilizce ve Fransızca konuşuyor, dünyayı gezmiş, görmüş geçirmiş, kulak vermiş 'Olma sen diğerleri gibi!' diyenlere.",negation,syntactic,after,olma,sen,gibi!',ol-NEG.IMP.2SG,ol-ma,82,86,87,107,30,32,32,37,42
20,19,pre_ambiguity,False,656,"İngilizce ve Fransızca konuşuyor, dünyayı gezmiş, görmüş geçirmiş, kulak vermiş 'Olma sen diğerleri gibi!' diyenlere.",negation,syntactic,after,olma,sen,gibi!',ol-NEG.IMP.2SG,ol-ma,82,86,87,107,30,32,32,37,42
20,20,pre_ambiguity,False,657,"İngilizce ve Fransızca konuşuyor, dünyayı gezmiş, görmüş geçirmiş, kulak vermiş 'Olma sen diğerleri gibi!' diyenlere.",negation,syntactic,after,olma,sen,gibi!',ol-NEG.IMP.2SG,ol-ma,82,86,87,107,30,32,32,37,42
20,21,pre_ambiguity,False,658,"İngilizce ve Fransızca konuşuyor, dünyayı gezmiş, görmüş geçirmiş, kulak vermiş 'Olma sen diğerleri gibi!' diyenlere.",negation,syntactic,after,olma,sen,gibi!',ol-NEG.IMP.2SG,ol-ma,82,86,87,107,30,32,32,37,42
20,22,pre_ambiguity,False,659,"İngilizce ve Fransızca konuşuyor, dünyayı gezmiş, görmüş geçirmiş, kulak vermiş 'Olma sen diğerleri gibi!' diyenlere.",negation,syntactic,after,olma,sen,gibi!',ol-NEG.IMP.2SG,ol-ma,82,86,87,107,30,32,32,37,42
20,23,pre_ambiguity,False,660,"İngilizce ve Fransızca konuşuyor, dünyayı gezmiş, görmüş geçirmiş, kulak vermiş 'Olma sen diğerleri gibi!' diyenlere.",negation,syntactic,after,olma,sen,gibi!',ol-NEG.IMP.2SG,ol-ma,82,86,87,107,30,32,32,37,42
20,24,pre_ambiguity,False,661,"İngilizce ve Fransızca konuşuyor, dünyayı gezmiş, görmüş geçirmiş, kulak vermiş 'Olma sen diğerleri gibi!' diyenlere.",negation,syntactic,after,olma,sen,gibi!',ol-NEG.IMP.2SG,ol-ma,82,86,87,107,30,32,32,37,42
20,25,pre_ambiguity,False,662,"İngilizce ve Fransızca konuşuyor, dünyayı gezmiş, görmüş geçirmiş, kulak vermiş 'Olma sen diğerleri gibi!' diyenlere.",negation,syntactic,after,olma,sen,gibi!',ol-NEG.IMP.2SG,ol-ma,82,86,87,107,30,32,32,37,42
20,26,pre_ambiguity,False,663,"İngilizce ve Fransızca konuşuyor, dünyayı gezmiş, görmüş geçirmiş, kulak vermiş 'Olma sen diğerleri gibi!' diyenlere.",negation,syntactic,after,olma,sen,gibi!',ol-NEG.IMP.2SG,ol-ma,82,86,87,107,30,32,32,37,42
20,27,pre_ambiguity,False,664,"İngilizce ve Fransızca konuşuyor, dünyayı gezmiş, görmüş geçirmiş, kulak vermiş 'Olma sen diğerleri gibi!' diyenlere.",negation,syntactic,after,olma,sen,gibi!',ol-NEG.IMP.2SG,ol-ma,82,86,87,107,30,32,32,37,42
20,28,pre_ambiguity,False,665,"İngilizce ve Fransızca konuşuyor, dünyayı gezmiş, görmüş geçirmiş, kulak vermiş 'Olma sen diğerleri gibi!' diyenlere.",negation,syntactic,after,olma,sen,gibi!',ol-NEG.IMP.2SG,ol-ma,82,86,87,107,30,32,32,37,42
20,29,pre_ambiguity,False,666,"İngilizce ve Fransızca konuşuyor, dünyayı gezmiş, görmüş geçirmiş, kulak vermiş 'Olma sen diğerleri gibi!' diyenlere.",negation,syntactic,after,olma,sen,gibi!',ol-NEG.IMP.2SG,ol-ma,82,86,87,107,30,32,32,37,42
20,30,ambiguity_onset,False,667,"İngilizce ve Fransızca konuşuyor, dünyayı gezmiş, görmüş geçirmiş, kulak vermiş 'Olma sen diğerleri gibi!' diyenlere.",negation,syntactic,after,olma,sen,gibi!',ol-NEG.IMP.2SG,ol-ma,82,86,87,107,30,32,32,37,42
20,31,ambiguity_onset,False,668,"İngilizce ve Fransızca konuşuyor, dünyayı gezmiş, görmüş geçirmiş, kulak vermiş 'Olma sen diğerleri gibi!' diyenlere.",negation,syntactic,after,olma,sen,gibi!',ol-NEG.IMP.2SG,ol-ma,82,86,87,107,30,32,32,37,42
20,32,ambiguity_onset,False,669,"İngilizce ve Fransızca konuşuyor, dünyayı gezmiş, görmüş geçirmiş, kulak vermiş 'Olma sen diğerleri gibi!' diyenlere.",negation,syntactic,after,olma,sen,gibi!',ol-NEG.IMP.2SG,ol-ma,82,86,87,107,30,32,32,37,42
20,33,cue_onset,False,670,"İngilizce ve Fransızca konuşuyor, dünyayı gezmiş, görmüş geçirmiş, kulak vermiş 'Olma sen diğerleri gibi!' diyenlere.",negation,syntactic,after,olma,sen,gibi!',ol-NEG.IMP.2SG,ol-ma,82,86,87,107,30,32,32,37,42
20,34,cue_onset,False,671,"İngilizce ve Fransızca konuşuyor, dünyayı gezmiş, görmüş geçirmiş, kulak vermiş 'Olma sen diğerleri gibi!' diyenlere.",negation,syntactic,after,olma,sen,gibi!',ol-NEG.IMP.2SG,ol-ma,82,86,87,107,30,32,32,37,42
20,35,cue_onset,False,672,"İngilizce ve Fransızca konuşuyor, dünyayı gezmiş, görmüş geçirmiş, kulak vermiş 'Olma sen diğerleri gibi!' diyenlere.",negation,syntactic,after,olma,sen,gibi!',ol-NEG.IMP.2SG,ol-ma,82,86,87,107,30,32,32,37,42
20,36,cue_onset,False,673,"İngilizce ve Fransızca konuşuyor, dünyayı gezmiş, görmüş geçirmiş, kulak vermiş 'Olma sen diğerleri gibi!' diyenlere.",negation,syntactic,after,olma,sen,gibi!',ol-NEG.IMP.2SG,ol-ma,82,86,87,107,30,32,32,37,42
20,37,cue_onset,False,674,"İngilizce ve Fransızca konuşuyor, dünyayı gezmiş, görmüş geçirmiş, kulak vermiş 'Olma sen diğerleri gibi!' diyenlere.",negation,syntactic,after,olma,sen,gibi!',ol-NEG.IMP.2SG,ol-ma,82,86,87,107,30,32,32,37,42
20,38,post_cue,False,675,"İngilizce ve Fransızca konuşuyor, dünyayı gezmiş, görmüş geçirmiş, kulak vermiş 'Olma sen diğerleri gibi!' diyenlere.",negation,syntactic,after,olma,sen,gibi!',ol-NEG.IMP.2SG,ol-ma,82,86,87,107,30,32,32,37,42
20,39,post_cue,False,676,"İngilizce ve Fransızca konuşuyor, dünyayı gezmiş, görmüş geçirmiş, kulak vermiş 'Olma sen diğerleri gibi!' diyenlere.",negation,syntactic,after,olma,sen,gibi!',ol-NEG.IMP.2SG,ol-ma,82,86,87,107,30,32,32,37,42
20,40,post_cue,False,677,"İngilizce ve Fransızca konuşuyor, dünyayı gezmiş, görmüş geçirmiş, kulak vermiş 'Olma sen diğerleri gibi!' diyenlere.",negation,syntactic,after,olma,sen,gibi!',ol-NEG.IMP.2SG,ol-ma,82,86,87,107,30,32,32,37,42
20,41,full_sentence,True,678,"İngilizce ve Fransızca konuşuyor, dünyayı gezmiş, görmüş geçirmiş, kulak vermiş 'Olma sen diğerleri gibi!' diyenlere.",negation,syntactic,after,olma,sen,gibi!',ol-NEG.IMP.2SG,ol-ma,82,86,87,107,30,32,32,37,42
21,0,pre_ambiguity,False,679,"İngilizce ve Fransızca konuşuyor, dünyayı gezmiş, görmüş geçirmiş, insan olma okulunu genç yaşında başarıyla bitirmiş bir güzel adam.",nominalizer,syntactic,after,olma,okulunu,okulunu,ol-NMLZ,ol-ma,74,78,79,86,26,28,28,31,42
21,1,pre_ambiguity,False,680,"İngilizce ve Fransızca konuşuyor, dünyayı gezmiş, görmüş geçirmiş, insan olma okulunu genç yaşında başarıyla bitirmiş bir güzel adam.",nominalizer,syntactic,after,olma,okulunu,okulunu,ol-NMLZ,ol-ma,74,78,79,86,26,28,28,31,42
21,2,pre_ambiguity,False,681,"İngilizce ve Fransızca konuşuyor, dünyayı gezmiş, görmüş geçirmiş, insan olma okulunu genç yaşında başarıyla bitirmiş bir güzel adam.",nominalizer,syntactic,after,olma,okulunu,okulunu,ol-NMLZ,ol-ma,74,78,79,86,26,28,28,31,42
21,3,pre_ambiguity,False,682,"İngilizce ve Fransızca konuşuyor, dünyayı gezmiş, görmüş geçirmiş, insan olma okulunu genç yaşında başarıyla bitirmiş bir güzel adam.",nominalizer,syntactic,after,olma,okulunu,okulunu,ol-NMLZ,ol-ma,74,78,79,86,26,28,28,31,42
21,4,pre_ambiguity,False,683,"İngilizce ve Fransızca konuşuyor, dünyayı gezmiş, görmüş geçirmiş, insan olma okulunu genç yaşında başarıyla bitirmiş bir güzel adam.",nominalizer,syntactic,after,olma,okulunu,okulunu,ol-NMLZ,ol-ma,74,78,79,86,26,28,28,31,42
21,5,pre_ambiguity,False,684,"İngilizce ve Fransızca konuşuyor, dünyayı gezmiş, görmüş geçirmiş, insan olma okulunu genç yaşında başarıyla bitirmiş bir güzel adam.",nominalizer,syntactic,after,olma,okulunu,okulunu,ol-NMLZ,ol-ma,74,78,79,86,26,28,28,31,42
21,6,pre_ambiguity,False,685,"İngilizce ve Fransızca konuşuyor, dünyayı gezmiş, görmüş geçirmiş, insan olma okulunu genç yaşında başarıyla bitirmiş bir güzel adam.",nominalizer,syntactic,after,olma,okulunu,okulunu,ol-NMLZ,ol-ma,74,78,79,86,26,28,28,31,42
21,7,pre_ambiguity,False,686,"İngilizce ve Fransızca konuşuyor, dünyayı gezmiş, görmüş geçirmiş, insan olma okulunu genç yaşında başarıyla bitirmiş bir güzel adam.",nominalizer,syntactic,after,olma,okulunu,okulunu,ol-NMLZ,ol-ma,74,78,79,86,26,28,28,31,42
21,8,pre_ambiguity,False,687,"İngilizce ve Fransızca konuşuyor, dünyayı gezmiş, görmüş geçirmiş, insan olma okulunu genç yaşında başarıyla bitirmiş bir güzel adam.",nominalizer,syntactic,after,olma,okulunu,okulunu,ol-NMLZ,ol-ma,74,78,79,86,26,28,28,31,42
21,9,pre_ambiguity,False,688,"İngilizce ve Fransızca konuşuyor, dünyayı gezmiş, görmüş geçirmiş, insan olma okulunu genç yaşında başarıyla bitirmiş bir güzel adam.",nominalizer,syntactic,after,olma,okulunu,okulunu,ol-NMLZ,ol-ma,74,78,79,86,26,28,28,31,42
21,10,pre_ambiguity,False,689,"İngilizce ve Fransızca konuşuyor, dünyayı gezmiş, görmüş geçirmiş, insan olma okulunu genç yaşında başarıyla bitirmiş bir güzel adam.",nominalizer,syntactic,after,olma,okulunu,okulunu,ol-NMLZ,ol-ma,74,78,79,86,26,28,28,31,42
21,11,pre_ambiguity,False,690,"İngilizce ve Fransızca konuşuyor, dünyayı gezmiş, görmüş geçirmiş, insan olma okulunu genç yaşında başarıyla bitirmiş bir güzel adam.",nominalizer,syntactic,after,olma,okulunu,okulunu,ol-NMLZ,ol-ma,74,78,79,86,26,28,28,31,42
21,12,pre_ambiguity,False,691,"İngilizce ve Fransızca konuşuyor, dünyayı gezmiş, görmüş geçirmiş, insan olma okulunu genç yaşında başarıyla bitirmiş bir güzel adam.",nominalizer,syntactic,after,olma,okulunu,okulunu,ol-NMLZ,ol-ma,74,78,79,86,26,28,28,31,42
21,13,pre_ambiguity,False,692,"İngilizce ve Fransızca konuşuyor, dünyayı gezmiş, görmüş geçirmiş, insan olma okulunu genç yaşında başarıyla bitirmiş bir güzel adam.",nominalizer,syntactic,after,olma,okulunu,okulunu,ol-NMLZ,ol-ma,74,78,79,86,26,28,28,31,42
21,14,pre_ambiguity,False,693,"İngilizce ve Fransızca konuşuyor, dünyayı gezmiş, görmüş geçirmiş, insan olma okulunu genç yaşında başarıyla bitirmiş bir güzel adam.",nominalizer,syntactic,after,olma,okulunu,okulunu,ol-NMLZ,ol-ma,74,78,79,86,26,28,28,31,42
21,15,pre_ambiguity,False,694,"İngilizce ve Fransızca konuşuyor, dünyayı gezmiş, görmüş geçirmiş, insan olma okulunu genç yaşında başarıyla bitirmiş bir güzel adam.",nominalizer,syntactic,after,olma,okulunu,okulunu,ol-NMLZ,ol-ma,74,78,79,86,26,28,28,31,42
21,16,pre_ambiguity,False,695,"İngilizce ve Fransızca konuşuyor, dünyayı gezmiş, görmüş geçirmiş, insan olma okulunu genç yaşında başarıyla bitirmiş bir güzel adam.",nominalizer,syntactic,after,olma,okulunu,okulunu,ol-NMLZ,ol-ma,74,78,79,86,26,28,28,31,42
21,17,pre_ambiguity,False,696,"İngilizce ve Fransızca konuşuyor, dünyayı gezmiş, görmüş geçirmiş, insan olma okulunu genç yaşında başarıyla bitirmiş bir güzel adam.",nominalizer,syntactic,after,olma,okulunu,okulunu,ol-NMLZ,ol-ma,74,78,79,86,26,28,28,31,42
21,18,pre_ambiguity,False,697,"İngilizce ve Fransızca konuşuyor, dünyayı gezmiş, görmüş geçirmiş, insan olma okulunu genç yaşında başarıyla bitirmiş bir güzel adam.",nominalizer,syntactic,after,olma,okulunu,okulunu,ol-NMLZ,ol-ma,74,78,79,86,26,28,28,31,42
21,19,pre_ambiguity,False,698,"İngilizce ve Fransızca konuşuyor, dünyayı gezmiş, görmüş geçirmiş, insan olma okulunu genç yaşında başarıyla bitirmiş bir güzel adam.",nominalizer,syntactic,after,olma,okulunu,okulunu,ol-NMLZ,ol-ma,74,78,79,86,26,28,28,31,42
21,20,pre_ambiguity,False,699,"İngilizce ve Fransızca konuşuyor, dünyayı gezmiş, görmüş geçirmiş, insan olma okulunu genç yaşında başarıyla bitirmiş bir güzel adam.",nominalizer,syntactic,after,olma,okulunu,okulunu,ol-NMLZ,ol-ma,74,78,79,86,26,28,28,31,42
21,21,pre_ambiguity,False,700,"İngilizce ve Fransızca konuşuyor, dünyayı gezmiş, görmüş geçirmiş, insan olma okulunu genç yaşında başarıyla bitirmiş bir güzel adam.",nominalizer,syntactic,after,olma,okulunu,okulunu,ol-NMLZ,ol-ma,74,78,79,86,26,28,28,31,42
21,22,pre_ambiguity,False,701,"İngilizce ve Fransızca konuşuyor, dünyayı gezmiş, görmüş geçirmiş, insan olma okulunu genç yaşında başarıyla bitirmiş bir güzel adam.",nominalizer,syntactic,after,olma,okulunu,okulunu,ol-NMLZ,ol-ma,74,78,79,86,26,28,28,31,42
21,23,pre_ambiguity,False,702,"İngilizce ve Fransızca konuşuyor, dünyayı gezmiş, görmüş geçirmiş, insan olma okulunu genç yaşında başarıyla bitirmiş bir güzel adam.",nominalizer,syntactic,after,olma,okulunu,okulunu,ol-NMLZ,ol-ma,74,78,79,86,26,28,28,31,42
21,24,pre_ambiguity,False,703,"İngilizce ve Fransızca konuşuyor, dünyayı gezmiş, görmüş geçirmiş, insan olma okulunu genç yaşında başarıyla bitirmiş bir güzel adam.",nominalizer,syntactic,after,olma,okulunu,okulunu,ol-NMLZ,ol-ma,74,78,79,86,26,28,28,31,42
21,25,pre_ambiguity,False,704,"İngilizce ve Fransızca konuşuyor, dünyayı gezmiş, görmüş geçirmiş, insan olma okulunu genç yaşında başarıyla bitirmiş bir güzel adam.",nominalizer,syntactic,after,olma,okulunu,okulunu,ol-NMLZ,ol-ma,74,78,79,86,26,28,28,31,42
21,26,ambiguity_onset,False,705,"İngilizce ve Fransızca konuşuyor, dünyayı gezmiş, görmüş geçirmiş, insan olma okulunu genç yaşında başarıyla bitirmiş bir güzel adam.",nominalizer,syntactic,after,olma,okulunu,okulunu,ol-NMLZ,ol-ma,74,78,79,86,26,28,28,31,42
21,27,ambiguity_onset,False,706,"İngilizce ve Fransızca konuşuyor, dünyayı gezmiş, görmüş geçirmiş, insan olma okulunu genç yaşında başarıyla bitirmiş bir güzel adam.",nominalizer,syntactic,after,olma,okulunu,okulunu,ol-NMLZ,ol-ma,74,78,79,86,26,28,28,31,42
21,28,ambiguity_onset,False,707,"İngilizce ve Fransızca konuşuyor, dünyayı gezmiş, görmüş geçirmiş, insan olma okulunu genç yaşında başarıyla bitirmiş bir güzel adam.",nominalizer,syntactic,after,olma,okulunu,okulunu,ol-NMLZ,ol-ma,74,78,79,86,26,28,28,31,42
21,29,cue_onset,False,708,"İngilizce ve Fransızca konuşuyor, dünyayı gezmiş, görmüş geçirmiş, insan olma okulunu genç yaşında başarıyla bitirmiş bir güzel adam.",nominalizer,syntactic,after,olma,okulunu,okulunu,ol-NMLZ,ol-ma,74,78,79,86,26,28,28,31,42
21,30,cue_onset,False,709,"İngilizce ve Fransızca konuşuyor, dünyayı gezmiş, görmüş geçirmiş, insan olma okulunu genç yaşında başarıyla bitirmiş bir güzel adam.",nominalizer,syntactic,after,olma,okulunu,okulunu,ol-NMLZ,ol-ma,74,78,79,86,26,28,28,31,42
21,31,cue_onset,False,710,"İngilizce ve Fransızca konuşuyor, dünyayı gezmiş, görmüş geçirmiş, insan olma okulunu genç yaşında başarıyla bitirmiş bir güzel adam.",nominalizer,syntactic,after,olma,okulunu,okulunu,ol-NMLZ,ol-ma,74,78,79,86,26,28,28,31,42
21,32,post_cue,False,711,"İngilizce ve Fransızca konuşuyor, dünyayı gezmiş, görmüş geçirmiş, insan olma okulunu genç yaşında başarıyla bitirmiş bir güzel adam.",nominalizer,syntactic,after,olma,okulunu,okulunu,ol-NMLZ,ol-ma,74,78,79,86,26,28,28,31,42
21,33,post_cue,False,712,"İngilizce ve Fransızca konuşuyor, dünyayı gezmiş, görmüş geçirmiş, insan olma okulunu genç yaşında başarıyla bitirmiş bir güzel adam.",nominalizer,syntactic,after,olma,okulunu,okulunu,ol-NMLZ,ol-ma,74,78,79,86,26,28,28,31,42
21,34,post_cue,False,713,"İngilizce ve Fransızca konuşuyor, dünyayı gezmiş, görmüş geçirmiş, insan olma okulunu genç yaşında başarıyla bitirmiş bir güzel adam.",nominalizer,syntactic,after,olma,okulunu,okulunu,ol-NMLZ,ol-ma,74,78,79,86,26,28,28,31,42
21,35,post_cue,False,714,"İngilizce ve Fransızca konuşuyor, dünyayı gezmiş, görmüş geçirmiş, insan olma okulunu genç yaşında başarıyla bitirmiş bir güzel adam.",nominalizer,syntactic,after,olma,okulunu,okulunu,ol-NMLZ,ol-ma,74,78,79,86,26,28,28,31,42
21,36,post_cue,False,715,"İngilizce ve Fransızca konuşuyor, dünyayı gezmiş, görmüş geçirmiş, insan olma okulunu genç yaşında başarıyla bitirmiş bir güzel adam.",nominalizer,syntactic,after,olma,okulunu,okulunu,ol-NMLZ,ol-ma,74,78,79,86,26,28,28,31,42
21,37,post_cue,False,716,"İngilizce ve Fransızca konuşuyor, dünyayı gezmiş, görmüş geçirmiş, insan olma okulunu genç yaşında başarıyla bitirmiş bir güzel adam.",nominalizer,syntactic,after,olma,okulunu,okulunu,ol-NMLZ,ol-ma,74,78,79,86,26,28,28,31,42
21,38,post_cue,False,717,"İngilizce ve Fransızca konuşuyor, dünyayı gezmiş, görmüş geçirmiş, insan olma okulunu genç yaşında başarıyla bitirmiş bir güzel adam.",nominalizer,syntactic,after,olma,okulunu,okulunu,ol-NMLZ,ol-ma,74,78,79,86,26,28,28,31,42
21,39,post_cue,False,718,"İngilizce ve Fransızca konuşuyor, dünyayı gezmiş, görmüş geçirmiş, insan olma okulunu genç yaşında başarıyla bitirmiş bir güzel adam.",nominalizer,syntactic,after,olma,okulunu,okulunu,ol-NMLZ,ol-ma,74,78,79,86,26,28,28,31,42
21,40,post_cue,False,719,"İngilizce ve Fransızca konuşuyor, dünyayı gezmiş, görmüş geçirmiş, insan olma okulunu genç yaşında başarıyla bitirmiş bir güzel adam.",nominalizer,syntactic,after,olma,okulunu,okulunu,ol-NMLZ,ol-ma,74,78,79,86,26,28,28,31,42
21,41,full_sentence,True,720,"İngilizce ve Fransızca konuşuyor, dünyayı gezmiş, görmüş geçirmiş, insan olma okulunu genç yaşında başarıyla bitirmiş bir güzel adam.",nominalizer,syntactic,after,olma,okulunu,okulunu,ol-NMLZ,ol-ma,74,78,79,86,26,28,28,31,42
22,0,pre_ambiguity,False,721,"İngilizce ve Fransızca konuşuyor, dünyayı gezmiş, görmüş geçirmiş, öküz olma sen diye çabalıyor adamcağız.",negation,syntactic,after,olma,sen,diye,ol-NEG.IMP.2SG,ol-ma,73,77,78,86,28,30,30,33,41
22,1,pre_ambiguity,False,722,"İngilizce ve Fransızca konuşuyor, dünyayı gezmiş, görmüş geçirmiş, öküz olma sen diye çabalıyor adamcağız.",negation,syntactic,after,olma,sen,diye,ol-NEG.IMP.2SG,ol-ma,73,77,78,86,28,30,30,33,41
22,2,pre_ambiguity,False,723,"İngilizce ve Fransızca konuşuyor, dünyayı gezmiş, görmüş geçirmiş, öküz olma sen diye çabalıyor adamcağız.",negation,syntactic,after,olma,sen,diye,ol-NEG.IMP.2SG,ol-ma,73,77,78,86,28,30,30,33,41
22,3,pre_ambiguity,False,724,"İngilizce ve Fransızca konuşuyor, dünyayı gezmiş, görmüş geçirmiş, öküz olma sen diye çabalıyor adamcağız.",negation,syntactic,after,olma,sen,diye,ol-NEG.IMP.2SG,ol-ma,73,77,78,86,28,30,30,33,41
22,4,pre_ambiguity,False,725,"İngilizce ve Fransızca konuşuyor, dünyayı gezmiş, görmüş geçirmiş, öküz olma sen diye çabalıyor adamcağız.",negation,syntactic,after,olma,sen,diye,ol-NEG.IMP.2SG,ol-ma,73,77,78,86,28,30,30,33,41
22,5,pre_ambiguity,False,726,"İngilizce ve Fransızca konuşuyor, dünyayı gezmiş, görmüş geçirmiş, öküz olma sen diye çabalıyor adamcağız.",negation,syntactic,after,olma,sen,diye,ol-NEG.IMP.2SG,ol-ma,73,77,78,86,28,30,30,33,41
22,6,pre_ambiguity,False,727,"İngilizce ve Fransızca konuşuyor, dünyayı gezmiş, görmüş geçirmiş, öküz olma sen diye çabalıyor adamcağız.",negation,syntactic,after,olma,sen,diye,ol-NEG.IMP.2SG,ol-ma,73,77,78,86,28,30,30,33,41
22,7,pre_ambiguity,False,728,"İngilizce ve Fransızca konuşuyor, dünyayı gezmiş, görmüş geçirmiş, öküz olma sen diye çabalıyor adamcağız.",negation,syntactic,after,olma,sen,diye,ol-NEG.IMP.2SG,ol-ma,73,77,78,86,28,30,30,33,41
22,8,pre_ambiguity,False,729,"İngilizce ve Fransızca konuşuyor, dünyayı gezmiş, görmüş geçirmiş, öküz olma sen diye çabalıyor adamcağız.",negation,syntactic,after,olma,sen,diye,ol-NEG.IMP.2SG,ol-ma,73,77,78,86,28,30,30,33,41
22,9,pre_ambiguity,False,730,"İngilizce ve Fransızca konuşuyor, dünyayı gezmiş, görmüş geçirmiş, öküz olma sen diye çabalıyor adamcağız.",negation,syntactic,after,olma,sen,diye,ol-NEG.IMP.2SG,ol-ma,73,77,78,86,28,30,30,33,41
22,10,pre_ambiguity,False,731,"İngilizce ve Fransızca konuşuyor, dünyayı gezmiş, görmüş geçirmiş, öküz olma sen diye çabalıyor adamcağız.",negation,syntactic,after,olma,sen,diye,ol-NEG.IMP.2SG,ol-ma,73,77,78,86,28,30,30,33,41
22,11,pre_ambiguity,False,732,"İngilizce ve Fransızca konuşuyor, dünyayı gezmiş, görmüş geçirmiş, öküz olma sen diye çabalıyor adamcağız.",negation,syntactic,after,olma,sen,diye,ol-NEG.IMP.2SG,ol-ma,73,77,78,86,28,30,30,33,41
22,12,pre_ambiguity,False,733,"İngilizce ve Fransızca konuşuyor, dünyayı gezmiş, görmüş geçirmiş, öküz olma sen diye çabalıyor adamcağız.",negation,syntactic,after,olma,sen,diye,ol-NEG.IMP.2SG,ol-ma,73,77,78,86,28,30,30,33,41
22,13,pre_ambiguity,False,734,"İngilizce ve Fransızca konuşuyor, dünyayı gezmiş, görmüş geçirmiş, öküz olma sen diye çabalıyor adamcağız.",negation,syntactic,after,olma,sen,diye,ol-NEG.IMP.2SG,ol-ma,73,77,78,86,28,30,30,33,41
22,14,pre_ambiguity,False,735,"İngilizce ve Fransızca konuşuyor, dünyayı gezmiş, görmüş geçirmiş, öküz olma sen diye çabalıyor adamcağız.",negation,syntactic,after,olma,sen,diye,ol-NEG.IMP.2SG,ol-ma,73,77,78,86,28,30,30,33,41
22,15,pre_ambiguity,False,736,"İngilizce ve Fransızca konuşuyor, dünyayı gezmiş, görmüş geçirmiş, öküz olma sen diye çabalıyor adamcağız.",negation,syntactic,after,olma,sen,diye,ol-NEG.IMP.2SG,ol-ma,73,77,78,86,28,30,30,33,41
22,16,pre_ambiguity,False,737,"İngilizce ve Fransızca konuşuyor, dünyayı gezmiş, görmüş geçirmiş, öküz olma sen diye çabalıyor adamcağız.",negation,syntactic,after,olma,sen,diye,ol-NEG.IMP.2SG,ol-ma,73,77,78,86,28,30,30,33,41
22,17,pre_ambiguity,False,738,"İngilizce ve Fransızca konuşuyor, dünyayı gezmiş, görmüş geçirmiş, öküz olma sen diye çabalıyor adamcağız.",negation,syntactic,after,olma,sen,diye,ol-NEG.IMP.2SG,ol-ma,73,77,78,86,28,30,30,33,41
22,18,pre_ambiguity,False,739,"İngilizce ve Fransızca konuşuyor, dünyayı gezmiş, görmüş geçirmiş, öküz olma sen diye çabalıyor adamcağız.",negation,syntactic,after,olma,sen,diye,ol-NEG.IMP.2SG,ol-ma,73,77,78,86,28,30,30,33,41
22,19,pre_ambiguity,False,740,"İngilizce ve Fransızca konuşuyor, dünyayı gezmiş, görmüş geçirmiş, öküz olma sen diye çabalıyor adamcağız.",negation,syntactic,after,olma,sen,diye,ol-NEG.IMP.2SG,ol-ma,73,77,78,86,28,30,30,33,41
22,20,pre_ambiguity,False,741,"İngilizce ve Fransızca konuşuyor, dünyayı gezmiş, görmüş geçirmiş, öküz olma sen diye çabalıyor adamcağız.",negation,syntactic,after,olma,sen,diye,ol-NEG.IMP.2SG,ol-ma,73,77,78,86,28,30,30,33,41
22,21,pre_ambiguity,False,742,"İngilizce ve Fransızca konuşuyor, dünyayı gezmiş, görmüş geçirmiş, öküz olma sen diye çabalıyor adamcağız.",negation,syntactic,after,olma,sen,diye,ol-NEG.IMP.2SG,ol-ma,73,77,78,86,28,30,30,33,41
22,22,pre_ambiguity,False,743,"İngilizce ve Fransızca konuşuyor, dünyayı gezmiş, görmüş geçirmiş, öküz olma sen diye çabalıyor adamcağız.",negation,syntactic,after,olma,sen,diye,ol-NEG.IMP.2SG,ol-ma,73,77,78,86,28,30,30,33,41
22,23,pre_ambiguity,False,744,"İngilizce ve Fransızca konuşuyor, dünyayı gezmiş, görmüş geçirmiş, öküz olma sen diye çabalıyor adamcağız.",negation,syntactic,after,olma,sen,diye,ol-NEG.IMP.2SG,ol-ma,73,77,78,86,28,30,30,33,41
22,24,pre_ambiguity,False,745,"İngilizce ve Fransızca konuşuyor, dünyayı gezmiş, görmüş geçirmiş, öküz olma sen diye çabalıyor adamcağız.",negation,syntactic,after,olma,sen,diye,ol-NEG.IMP.2SG,ol-ma,73,77,78,86,28,30,30,33,41
22,25,pre_ambiguity,False,746,"İngilizce ve Fransızca konuşuyor, dünyayı gezmiş, görmüş geçirmiş, öküz olma sen diye çabalıyor adamcağız.",negation,syntactic,after,olma,sen,diye,ol-NEG.IMP.2SG,ol-ma,73,77,78,86,28,30,30,33,41
22,26,pre_ambiguity,False,747,"İngilizce ve Fransızca konuşuyor, dünyayı gezmiş, görmüş geçirmiş, öküz olma sen diye çabalıyor adamcağız.",negation,syntactic,after,olma,sen,diye,ol-NEG.IMP.2SG,ol-ma,73,77,78,86,28,30,30,33,41
22,27,pre_ambiguity,False,748,"İngilizce ve Fransızca konuşuyor, dünyayı gezmiş, görmüş geçirmiş, öküz olma sen diye çabalıyor adamcağız.",negation,syntactic,after,olma,sen,diye,ol-NEG.IMP.2SG,ol-ma,73,77,78,86,28,30,30,33,41
22,28,ambiguity_onset,False,749,"İngilizce ve Fransızca konuşuyor, dünyayı gezmiş, görmüş geçirmiş, öküz olma sen diye çabalıyor adamcağız.",negation,syntactic,after,olma,sen,diye,ol-NEG.IMP.2SG,ol-ma,73,77,78,86,28,30,30,33,41
22,29,ambiguity_onset,False,750,"İngilizce ve Fransızca konuşuyor, dünyayı gezmiş, görmüş geçirmiş, öküz olma sen diye çabalıyor adamcağız.",negation,syntactic,after,olma,sen,diye,ol-NEG.IMP.2SG,ol-ma,73,77,78,86,28,30,30,33,41
22,30,ambiguity_onset,False,751,"İngilizce ve Fransızca konuşuyor, dünyayı gezmiş, görmüş geçirmiş, öküz olma sen diye çabalıyor adamcağız.",negation,syntactic,after,olma,sen,diye,ol-NEG.IMP.2SG,ol-ma,73,77,78,86,28,30,30,33,41
22,31,cue_onset,False,752,"İngilizce ve Fransızca konuşuyor, dünyayı gezmiş, görmüş geçirmiş, öküz olma sen diye çabalıyor adamcağız.",negation,syntactic,after,olma,sen,diye,ol-NEG.IMP.2SG,ol-ma,73,77,78,86,28,30,30,33,41
22,32,cue_onset,False,753,"İngilizce ve Fransızca konuşuyor, dünyayı gezmiş, görmüş geçirmiş, öküz olma sen diye çabalıyor adamcağız.",negation,syntactic,after,olma,sen,diye,ol-NEG.IMP.2SG,ol-ma,73,77,78,86,28,30,30,33,41
22,33,cue_onset,False,754,"İngilizce ve Fransızca konuşuyor, dünyayı gezmiş, görmüş geçirmiş, öküz olma sen diye çabalıyor adamcağız.",negation,syntactic,after,olma,sen,diye,ol-NEG.IMP.2SG,ol-ma,73,77,78,86,28,30,30,33,41
22,34,post_cue,False,755,"İngilizce ve Fransızca konuşuyor, dünyayı gezmiş, görmüş geçirmiş, öküz olma sen diye çabalıyor adamcağız.",negation,syntactic,after,olma,sen,diye,ol-NEG.IMP.2SG,ol-ma,73,77,78,86,28,30,30,33,41
22,35,post_cue,False,756,"İngilizce ve Fransızca konuşuyor, dünyayı gezmiş, görmüş geçirmiş, öküz olma sen diye çabalıyor adamcağız.",negation,syntactic,after,olma,sen,diye,ol-NEG.IMP.2SG,ol-ma,73,77,78,86,28,30,30,33,41
22,36,post_cue,False,757,"İngilizce ve Fransızca konuşuyor, dünyayı gezmiş, görmüş geçirmiş, öküz olma sen diye çabalıyor adamcağız.",negation,syntactic,after,olma,sen,diye,ol-NEG.IMP.2SG,ol-ma,73,77,78,86,28,30,30,33,41
22,37,post_cue,False,758,"İngilizce ve Fransızca konuşuyor, dünyayı gezmiş, görmüş geçirmiş, öküz olma sen diye çabalıyor adamcağız.",negation,syntactic,after,olma,sen,diye,ol-NEG.IMP.2SG,ol-ma,73,77,78,86,28,30,30,33,41
22,38,post_cue,False,759,"İngilizce ve Fransızca konuşuyor, dünyayı gezmiş, görmüş geçirmiş, öküz olma sen diye çabalıyor adamcağız.",negation,syntactic,after,olma,sen,diye,ol-NEG.IMP.2SG,ol-ma,73,77,78,86,28,30,30,33,41
22,39,post_cue,False,760,"İngilizce ve Fransızca konuşuyor, dünyayı gezmiş, görmüş geçirmiş, öküz olma sen diye çabalıyor adamcağız.",negation,syntactic,after,olma,sen,diye,ol-NEG.IMP.2SG,ol-ma,73,77,78,86,28,30,30,33,41
22,40,full_sentence,True,761,"İngilizce ve Fransızca konuşuyor, dünyayı gezmiş, görmüş geçirmiş, öküz olma sen diye çabalıyor adamcağız.",negation,syntactic,after,olma,sen,diye,ol-NEG.IMP.2SG,ol-ma,73,77,78,86,28,30,30,33,41
23,0,pre_ambiguity,False,762,"Annen emir veriyor pilot olma, okuluna yazıl diye!",negation,semantic,before,olma,emir,veriyor,ol-NEG.IMP.2SG,ol-ma,25,29,6,18,7,8,2,5,18
23,1,pre_ambiguity,False,763,"Annen emir veriyor pilot olma, okuluna yazıl diye!",negation,semantic,before,olma,emir,veriyor,ol-NEG.IMP.2SG,ol-ma,25,29,6,18,7,8,2,5,18
23,2,cue_onset,False,764,"Annen emir veriyor pilot olma, okuluna yazıl diye!",negation,semantic,before,olma,emir,veriyor,ol-NEG.IMP.2SG,ol-ma,25,29,6,18,7,8,2,5,18
23,3,cue_onset,False,765,"Annen emir veriyor pilot olma, okuluna yazıl diye!",negation,semantic,before,olma,emir,veriyor,ol-NEG.IMP.2SG,ol-ma,25,29,6,18,7,8,2,5,18
23,4,cue_onset,False,766,"Annen emir veriyor pilot olma, okuluna yazıl diye!",negation,semantic,before,olma,emir,veriyor,ol-NEG.IMP.2SG,ol-ma,25,29,6,18,7,8,2,5,18
23,5,cue_onset,False,767,"Annen emir veriyor pilot olma, okuluna yazıl diye!",negation,semantic,before,olma,emir,veriyor,ol-NEG.IMP.2SG,ol-ma,25,29,6,18,7,8,2,5,18
23,6,post_cue_pre_ambiguity,False,768,"Annen emir veriyor pilot olma, okuluna yazıl diye!",negation,semantic,before,olma,emir,veriyor,ol-NEG.IMP.2SG,ol-ma,25,29,6,18,7,8,2,5,18
23,7,ambiguity_onset,False,769,"Annen emir veriyor pilot olma, okuluna yazıl diye!",negation,semantic,before,olma,emir,veriyor,ol-NEG.IMP.2SG,ol-ma,25,29,6,18,7,8,2,5,18
23,8,ambiguity_onset,False,770,"Annen emir veriyor pilot olma, okuluna yazıl diye!",negation,semantic,before,olma,emir,veriyor,ol-NEG.IMP.2SG,ol-ma,25,29,6,18,7,8,2,5,18
23,9,post_cue,False,771,"Annen emir veriyor pilot olma, okuluna yazıl diye!",negation,semantic,before,olma,emir,veriyor,ol-NEG.IMP.2SG,ol-ma,25,29,6,18,7,8,2,5,18
23,10,post_cue,False,772,"Annen emir veriyor pilot olma, okuluna yazıl diye!",negation,semantic,before,olma,emir,veriyor,ol-NEG.IMP.2SG,ol-ma,25,29,6,18,7,8,2,5,18
23,11,post_cue,False,773,"Annen emir veriyor pilot olma, okuluna yazıl diye!",negation,semantic,before,olma,emir,veriyor,ol-NEG.IMP.2SG,ol-ma,25,29,6,18,7,8,2,5,18
23,12,post_cue,False,774,"Annen emir veriyor pilot olma, okuluna yazıl diye!",negation,semantic,before,olma,emir,veriyor,ol-NEG.IMP.2SG,ol-ma,25,29,6,18,7,8,2,5,18
23,13,post_cue,False,775,"Annen emir veriyor pilot olma, okuluna yazıl diye!",negation,semantic,before,olma,emir,veriyor,ol-NEG.IMP.2SG,ol-ma,25,29,6,18,7,8,2,5,18
23,14,post_cue,False,776,"Annen emir veriyor pilot olma, okuluna yazıl diye!",negation,semantic,before,olma,emir,veriyor,ol-NEG.IMP.2SG,ol-ma,25,29,6,18,7,8,2,5,18
23,15,post_cue,False,777,"Annen emir veriyor pilot olma, okuluna yazıl diye!",negation,semantic,before,olma,emir,veriyor,ol-NEG.IMP.2SG,ol-ma,25,29,6,18,7,8,2,5,18
23,16,post_cue,False,778,"Annen emir veriyor pilot olma, okuluna yazıl diye!",negation,semantic,before,olma,emir,veriyor,ol-NEG.IMP.2SG,ol-ma,25,29,6,18,7,8,2,5,18
23,17,full_sentence,True,779,"Annen emir veriyor pilot olma, okuluna yazıl diye!",negation,semantic,before,olma,emir,veriyor,ol-NEG.IMP.2SG,ol-ma,25,29,6,18,7,8,2,5,18
24,0,pre_ambiguity,False,780,Manastır Askeri Lisesinde Mustafa'nın okuma ilgisi arttı.,nominalizer,syntactic,after,okuma,ilgisi,ilgisi,oku-NMLZ,oku-ma,38,43,44,50,13,14,15,17,21
24,1,pre_ambiguity,False,781,Manastır Askeri Lisesinde Mustafa'nın okuma ilgisi arttı.,nominalizer,syntactic,after,okuma,ilgisi,ilgisi,oku-NMLZ,oku-ma,38,43,44,50,13,14,15,17,21
24,2,pre_ambiguity,False,782,Manastır Askeri Lisesinde Mustafa'nın okuma ilgisi arttı.,nominalizer,syntactic,after,okuma,ilgisi,ilgisi,oku-NMLZ,oku-ma,38,43,44,50,13,14,15,17,21
24,3,pre_ambiguity,False,783,Manastır Askeri Lisesinde Mustafa'nın okuma ilgisi arttı.,nominalizer,syntactic,after,okuma,ilgisi,ilgisi,oku-NMLZ,oku-ma,38,43,44,50,13,14,15,17,21
24,4,pre_ambiguity,False,784,Manastır Askeri Lisesinde Mustafa'nın okuma ilgisi arttı.,nominalizer,syntactic,after,okuma,ilgisi,ilgisi,oku-NMLZ,oku-ma,38,43,44,50,13,14,15,17,21
24,5,pre_ambiguity,False,785,Manastır Askeri Lisesinde Mustafa'nın okuma ilgisi arttı.,nominalizer,syntactic,after,okuma,ilgisi,ilgisi,oku-NMLZ,oku-ma,38,43,44,50,13,14,15,17,21
24,6,pre_ambiguity,False,786,Manastır Askeri Lisesinde Mustafa'nın okuma ilgisi arttı.,nominalizer,syntactic,after,okuma,ilgisi,ilgisi,oku-NMLZ,oku-ma,38,43,44,50,13,14,15,17,21
24,7,pre_ambiguity,False,787,Manastır Askeri Lisesinde Mustafa'nın okuma ilgisi arttı.,nominalizer,syntactic,after,okuma,ilgisi,ilgisi,oku-NMLZ,oku-ma,38,43,44,50,13,14,15,17,21
24,8,pre_ambiguity,False,788,Manastır Askeri Lisesinde Mustafa'nın okuma ilgisi arttı.,nominalizer,syntactic,after,okuma,ilgisi,ilgisi,oku-NMLZ,oku-ma,38,43,44,50,13,14,15,17,21
24,9,pre_ambiguity,False,789,Manastır Askeri Lisesinde Mustafa'nın okuma ilgisi arttı.,nominalizer,syntactic,after,okuma,ilgisi,ilgisi,oku-NMLZ,oku-ma,38,43,44,50,13,14,15,17,21
24,10,pre_ambiguity,False,790,Manastır Askeri Lisesinde Mustafa'nın okuma ilgisi arttı.,nominalizer,syntactic,after,okuma,ilgisi,ilgisi,oku-NMLZ,oku-ma,38,43,44,50,13,14,15,17,21
24,11,pre_ambiguity,False,791,Manastır Askeri Lisesinde Mustafa'nın okuma ilgisi arttı.,nominalizer,syntactic,after,okuma,ilgisi,ilgisi,oku-NMLZ,oku-ma,38,43,44,50,13,14,15,17,21
24,12,pre_ambiguity,False,792,Manastır Askeri Lisesinde Mustafa'nın okuma ilgisi arttı.,nominalizer,syntactic,after,okuma,ilgisi,ilgisi,oku-NMLZ,oku-ma,38,43,44,50,13,14,15,17,21
24,13,ambiguity_onset,False,793,Manastır Askeri Lisesinde Mustafa'nın okuma ilgisi arttı.,nominalizer,syntactic,after,okuma,ilgisi,ilgisi,oku-NMLZ,oku-ma,38,43,44,50,13,14,15,17,21
24,14,ambiguity_onset,False,794,Manastır Askeri Lisesinde Mustafa'nın okuma ilgisi arttı.,nominalizer,syntactic,after,okuma,ilgisi,ilgisi,oku-NMLZ,oku-ma,38,43,44,50,13,14,15,17,21
24,15,cue_onset,False,795,Manastır Askeri Lisesinde Mustafa'nın okuma ilgisi arttı.,nominalizer,syntactic,after,okuma,ilgisi,ilgisi,oku-NMLZ,oku-ma,38,43,44,50,13,14,15,17,21
24,16,cue_onset,False,796,Manastır Askeri Lisesinde Mustafa'nın okuma ilgisi arttı.,nominalizer,syntactic,after,okuma,ilgisi,ilgisi,oku-NMLZ,oku-ma,38,43,44,50,13,14,15,17,21
24,17,cue_onset,False,797,Manastır Askeri Lisesinde Mustafa'nın okuma ilgisi arttı.,nominalizer,syntactic,after,okuma,ilgisi,ilgisi,oku-NMLZ,oku-ma,38,43,44,50,13,14,15,17,21
24,18,post_cue,False,798,Manastır Askeri Lisesinde Mustafa'nın okuma ilgisi arttı.,nominalizer,syntactic,after,okuma,ilgisi,ilgisi,oku-NMLZ,oku-ma,38,43,44,50,13,14,15,17,21
24,19,post_cue,False,799,Manastır Askeri Lisesinde Mustafa'nın okuma ilgisi arttı.,nominalizer,syntactic,after,okuma,ilgisi,ilgisi,oku-NMLZ,oku-ma,38,43,44,50,13,14,15,17,21
24,20,full_sentence,True,800,Manastır Askeri Lisesinde Mustafa'nın okuma ilgisi arttı.,nominalizer,syntactic,after,okuma,ilgisi,ilgisi,oku-NMLZ,oku-ma,38,43,44,50,13,14,15,17,21
25,0,pre_ambiguity,False,801,Manastır Askeri Lisesinde Mustafa'nın okuma diye attığı çığlık herkesi şaşırttı.,negation,syntactic,after,okuma,diye,çığlık,oku-NEG.IMP.2SG,oku-ma,38,43,44,62,13,14,15,21,30
25,1,pre_ambiguity,False,802,Manastır Askeri Lisesinde Mustafa'nın okuma diye attığı çığlık herkesi şaşırttı.,negation,syntactic,after,okuma,diye,çığlık,oku-NEG.IMP.2SG,oku-ma,38,43,44,62,13,14,15,21,30
25,2,pre_ambiguity,False,803,Manastır Askeri Lisesinde Mustafa'nın okuma diye attığı çığlık herkesi şaşırttı.,negation,syntactic,after,okuma,diye,çığlık,oku-NEG.IMP.2SG,oku-ma,38,43,44,62,13,14,15,21,30
25,3,pre_ambiguity,False,804,Manastır Askeri Lisesinde Mustafa'nın okuma diye attığı çığlık herkesi şaşırttı.,negation,syntactic,after,okuma,diye,çığlık,oku-NEG.IMP.2SG,oku-ma,38,43,44,62,13,14,15,21,30
25,4,pre_ambiguity,False,805,Manastır Askeri Lisesinde Mustafa'nın okuma diye attığı çığlık herkesi şaşırttı.,negation,syntactic,after,okuma,diye,çığlık,oku-NEG.IMP.2SG,oku-ma,38,43,44,62,13,14,15,21,30
25,5,pre_ambiguity,False,806,Manastır Askeri Lisesinde Mustafa'nın okuma diye attığı çığlık herkesi şaşırttı.,negation,syntactic,after,okuma,diye,çığlık,oku-NEG.IMP.2SG,oku-ma,38,43,44,62,13,14,15,21,30
25,6,pre_ambiguity,False,807,Manastır Askeri Lisesinde Mustafa'nın okuma diye attığı çığlık herkesi şaşırttı.,negation,syntactic,after,okuma,diye,çığlık,oku-NEG.IMP.2SG,oku-ma,38,43,44,62,13,14,15,21,30
25,7,pre_ambiguity,False,808,Manastır Askeri Lisesinde Mustafa'nın okuma diye attığı çığlık herkesi şaşırttı.,negation,syntactic,after,okuma,diye,çığlık,oku-NEG.IMP.2SG,oku-ma,38,43,44,62,13,14,15,21,30
25,8,pre_ambiguity,False,809,Manastır Askeri Lisesinde Mustafa'nın okuma diye attığı çığlık herkesi şaşırttı.,negation,syntactic,after,okuma,diye,çığlık,oku-NEG.IMP.2SG,oku-ma,38,43,44,62,13,14,15,21,30
25,9,pre_ambiguity,False,810,Manastır Askeri Lisesinde Mustafa'nın okuma diye attığı çığlık herkesi şaşırttı.,negation,syntactic,after,okuma,diye,çığlık,oku-NEG.IMP.2SG,oku-ma,38,43,44,62,13,14,15,21,30
25,10,pre_ambiguity,False,811,Manastır Askeri Lisesinde Mustafa'nın okuma diye attığı çığlık herkesi şaşırttı.,negation,syntactic,after,okuma,diye,çığlık,oku-NEG.IMP.2SG,oku-ma,38,43,44,62,13,14,15,21,30
25,11,pre_ambiguity,False,812,Manastır Askeri Lisesinde Mustafa'nın okuma diye attığı çığlık herkesi şaşırttı.,negation,syntactic,after,okuma,diye,çığlık,oku-NEG.IMP.2SG,oku-ma,38,43,44,62,13,14,15,21,30
25,12,pre_ambiguity,False,813,Manastır Askeri Lisesinde Mustafa'nın okuma diye attığı çığlık herkesi şaşırttı.,negation,syntactic,after,okuma,diye,çığlık,oku-NEG.IMP.2SG,oku-ma,38,43,44,62,13,14,15,21,30
25,13,ambiguity_onset,False,814,Manastır Askeri Lisesinde Mustafa'nın okuma diye attığı çığlık herkesi şaşırttı.,negation,syntactic,after,okuma,diye,çığlık,oku-NEG.IMP.2SG,oku-ma,38,43,44,62,13,14,15,21,30
25,14,ambiguity_onset,False,815,Manastır Askeri Lisesinde Mustafa'nın okuma diye attığı çığlık herkesi şaşırttı.,negation,syntactic,after,okuma,diye,çığlık,oku-NEG.IMP.2SG,oku-ma,38,43,44,62,13,14,15,21,30
25,15,cue_onset,False,816,Manastır Askeri Lisesinde Mustafa'nın okuma diye attığı çığlık herkesi şaşırttı.,negation,syntactic,after,okuma,diye,çığlık,oku-NEG.IMP.2SG,oku-ma,38,43,44,62,13,14,15,21,30
25,16,cue_onset,False,817,Manastır Askeri Lisesinde Mustafa'nın okuma diye attığı çığlık herkesi şaşırttı.,negation,syntactic,after,okuma,diye,çığlık,oku-NEG.IMP.2SG,oku-ma,38,43,44,62,13,14,15,21,30
25,17,cue_onset,False,818,Manastır Askeri Lisesinde Mustafa'nın okuma diye attığı çığlık herkesi şaşırttı.,negation,syntactic,after,okuma,diye,çığlık,oku-NEG.IMP.2SG,oku-ma,38,43,44,62,13,14,15,21,30
25,18,cue_onset,False,819,Manastır Askeri Lisesinde Mustafa'nın okuma diye attığı çığlık herkesi şaşırttı.,negation,syntactic,after,okuma,diye,çığlık,oku-NEG.IMP.2SG,oku-ma,38,43,44,62,13,14,15,21,30
25,19,cue_onset,False,820,Manastır Askeri Lisesinde Mustafa'nın okuma diye attığı çığlık herkesi şaşırttı.,negation,syntactic,after,okuma,diye,çığlık,oku-NEG.IMP.2SG,oku-ma,38,43,44,62,13,14,15,21,30
25,20,cue_onset,False,821,Manastır Askeri Lisesinde Mustafa'nın okuma diye attığı çığlık herkesi şaşırttı.,negation,syntactic,after,okuma,diye,çığlık,oku-NEG.IMP.2SG,oku-ma,38,43,44,62,13,14,15,21,30
25,21,cue_onset,False,822,Manastır Askeri Lisesinde Mustafa'nın okuma diye attığı çığlık herkesi şaşırttı.,negation,syntactic,after,okuma,diye,çığlık,oku-NEG.IMP.2SG,oku-ma,38,43,44,62,13,14,15,21,30
25,22,post_cue,False,823,Manastır Askeri Lisesinde Mustafa'nın okuma diye attığı çığlık herkesi şaşırttı.,negation,syntactic,after,okuma,diye,çığlık,oku-NEG.IMP.2SG,oku-ma,38,43,44,62,13,14,15,21,30
25,23,post_cue,False,824,Manastır Askeri Lisesinde Mustafa'nın okuma diye attığı çığlık herkesi şaşırttı.,negation,syntactic,after,okuma,diye,çığlık,oku-NEG.IMP.2SG,oku-ma,38,43,44,62,13,14,15,21,30
25,24,post_cue,False,825,Manastır Askeri Lisesinde Mustafa'nın okuma diye attığı çığlık herkesi şaşırttı.,negation,syntactic,after,okuma,diye,çığlık,oku-NEG.IMP.2SG,oku-ma,38,43,44,62,13,14,15,21,30
25,25,post_cue,False,826,Manastır Askeri Lisesinde Mustafa'nın okuma diye attığı çığlık herkesi şaşırttı.,negation,syntactic,after,okuma,diye,çığlık,oku-NEG.IMP.2SG,oku-ma,38,43,44,62,13,14,15,21,30
25,26,post_cue,False,827,Manastır Askeri Lisesinde Mustafa'nın okuma diye attığı çığlık herkesi şaşırttı.,negation,syntactic,after,okuma,diye,çığlık,oku-NEG.IMP.2SG,oku-ma,38,43,44,62,13,14,15,21,30
25,27,post_cue,False,828,Manastır Askeri Lisesinde Mustafa'nın okuma diye attığı çığlık herkesi şaşırttı.,negation,syntactic,after,okuma,diye,çığlık,oku-NEG.IMP.2SG,oku-ma,38,43,44,62,13,14,15,21,30
25,28,post_cue,False,829,Manastır Askeri Lisesinde Mustafa'nın okuma diye attığı çığlık herkesi şaşırttı.,negation,syntactic,after,okuma,diye,çığlık,oku-NEG.IMP.2SG,oku-ma,38,43,44,62,13,14,15,21,30
25,29,full_sentence,True,830,Manastır Askeri Lisesinde Mustafa'nın okuma diye attığı çığlık herkesi şaşırttı.,negation,syntactic,after,okuma,diye,çığlık,oku-NEG.IMP.2SG,oku-ma,38,43,44,62,13,14,15,21,30
26,0,pre_ambiguity,False,831,Ayrıca aralarında Türklerin de bulunduğu bir briç takımları varmış ve briç oynarken yalnızca Türkçe konuşma kuralları varmış.,nominalizer,syntactic,after,konuşma,kuralları,kuralları,konuş-NMLZ,konuş-ma,100,107,108,117,29,29,30,32,36
26,1,pre_ambiguity,False,832,Ayrıca aralarında Türklerin de bulunduğu bir briç takımları varmış ve briç oynarken yalnızca Türkçe konuşma kuralları varmış.,nominalizer,syntactic,after,konuşma,kuralları,kuralları,konuş-NMLZ,konuş-ma,100,107,108,117,29,29,30,32,36
26,2,pre_ambiguity,False,833,Ayrıca aralarında Türklerin de bulunduğu bir briç takımları varmış ve briç oynarken yalnızca Türkçe konuşma kuralları varmış.,nominalizer,syntactic,after,konuşma,kuralları,kuralları,konuş-NMLZ,konuş-ma,100,107,108,117,29,29,30,32,36
26,3,pre_ambiguity,False,834,Ayrıca aralarında Türklerin de bulunduğu bir briç takımları varmış ve briç oynarken yalnızca Türkçe konuşma kuralları varmış.,nominalizer,syntactic,after,konuşma,kuralları,kuralları,konuş-NMLZ,konuş-ma,100,107,108,117,29,29,30,32,36
26,4,pre_ambiguity,False,835,Ayrıca aralarında Türklerin de bulunduğu bir briç takımları varmış ve briç oynarken yalnızca Türkçe konuşma kuralları varmış.,nominalizer,syntactic,after,konuşma,kuralları,kuralları,konuş-NMLZ,konuş-ma,100,107,108,117,29,29,30,32,36
26,5,pre_ambiguity,False,836,Ayrıca aralarında Türklerin de bulunduğu bir briç takımları varmış ve briç oynarken yalnızca Türkçe konuşma kuralları varmış.,nominalizer,syntactic,after,konuşma,kuralları,kuralları,konuş-NMLZ,konuş-ma,100,107,108,117,29,29,30,32,36
26,6,pre_ambiguity,False,837,Ayrıca aralarında Türklerin de bulunduğu bir briç takımları varmış ve briç oynarken yalnızca Türkçe konuşma kuralları varmış.,nominalizer,syntactic,after,konuşma,kuralları,kuralları,konuş-NMLZ,konuş-ma,100,107,108,117,29,29,30,32,36
26,7,pre_ambiguity,False,838,Ayrıca aralarında Türklerin de bulunduğu bir briç takımları varmış ve briç oynarken yalnızca Türkçe konuşma kuralları varmış.,nominalizer,syntactic,after,konuşma,kuralları,kuralları,konuş-NMLZ,konuş-ma,100,107,108,117,29,29,30,32,36
26,8,pre_ambiguity,False,839,Ayrıca aralarında Türklerin de bulunduğu bir briç takımları varmış ve briç oynarken yalnızca Türkçe konuşma kuralları varmış.,nominalizer,syntactic,after,konuşma,kuralları,kuralları,konuş-NMLZ,konuş-ma,100,107,108,117,29,29,30,32,36
26,9,pre_ambiguity,False,840,Ayrıca aralarında Türklerin de bulunduğu bir briç takımları varmış ve briç oynarken yalnızca Türkçe konuşma kuralları varmış.,nominalizer,syntactic,after,konuşma,kuralları,kuralları,konuş-NMLZ,konuş-ma,100,107,108,117,29,29,30,32,36
26,10,pre_ambiguity,False,841,Ayrıca aralarında Türklerin de bulunduğu bir briç takımları varmış ve briç oynarken yalnızca Türkçe konuşma kuralları varmış.,nominalizer,syntactic,after,konuşma,kuralları,kuralları,konuş-NMLZ,konuş-ma,100,107,108,117,29,29,30,32,36
26,11,pre_ambiguity,False,842,Ayrıca aralarında Türklerin de bulunduğu bir briç takımları varmış ve briç oynarken yalnızca Türkçe konuşma kuralları varmış.,nominalizer,syntactic,after,konuşma,kuralları,kuralları,konuş-NMLZ,konuş-ma,100,107,108,117,29,29,30,32,36
26,12,pre_ambiguity,False,843,Ayrıca aralarında Türklerin de bulunduğu bir briç takımları varmış ve briç oynarken yalnızca Türkçe konuşma kuralları varmış.,nominalizer,syntactic,after,konuşma,kuralları,kuralları,konuş-NMLZ,konuş-ma,100,107,108,117,29,29,30,32,36
26,13,pre_ambiguity,False,844,Ayrıca aralarında Türklerin de bulunduğu bir briç takımları varmış ve briç oynarken yalnızca Türkçe konuşma kuralları varmış.,nominalizer,syntactic,after,konuşma,kuralları,kuralları,konuş-NMLZ,konuş-ma,100,107,108,117,29,29,30,32,36
26,14,pre_ambiguity,False,845,Ayrıca aralarında Türklerin de bulunduğu bir briç takımları varmış ve briç oynarken yalnızca Türkçe konuşma kuralları varmış.,nominalizer,syntactic,after,konuşma,kuralları,kuralları,konuş-NMLZ,konuş-ma,100,107,108,117,29,29,30,32,36
26,15,pre_ambiguity,False,846,Ayrıca aralarında Türklerin de bulunduğu bir briç takımları varmış ve briç oynarken yalnızca Türkçe konuşma kuralları varmış.,nominalizer,syntactic,after,konuşma,kuralları,kuralları,konuş-NMLZ,konuş-ma,100,107,108,117,29,29,30,32,36
26,16,pre_ambiguity,False,847,Ayrıca aralarında Türklerin de bulunduğu bir briç takımları varmış ve briç oynarken yalnızca Türkçe konuşma kuralları varmış.,nominalizer,syntactic,after,konuşma,kuralları,kuralları,konuş-NMLZ,konuş-ma,100,107,108,117,29,29,30,32,36
26,17,pre_ambiguity,False,848,Ayrıca aralarında Türklerin de bulunduğu bir briç takımları varmış ve briç oynarken yalnızca Türkçe konuşma kuralları varmış.,nominalizer,syntactic,after,konuşma,kuralları,kuralları,konuş-NMLZ,konuş-ma,100,107,108,117,29,29,30,32,36
26,18,pre_ambiguity,False,849,Ayrıca aralarında Türklerin de bulunduğu bir briç takımları varmış ve briç oynarken yalnızca Türkçe konuşma kuralları varmış.,nominalizer,syntactic,after,konuşma,kuralları,kuralları,konuş-NMLZ,konuş-ma,100,107,108,117,29,29,30,32,36
26,19,pre_ambiguity,False,850,Ayrıca aralarında Türklerin de bulunduğu bir briç takımları varmış ve briç oynarken yalnızca Türkçe konuşma kuralları varmış.,nominalizer,syntactic,after,konuşma,kuralları,kuralları,konuş-NMLZ,konuş-ma,100,107,108,117,29,29,30,32,36
26,20,pre_ambiguity,False,851,Ayrıca aralarında Türklerin de bulunduğu bir briç takımları varmış ve briç oynarken yalnızca Türkçe konuşma kuralları varmış.,nominalizer,syntactic,after,konuşma,kuralları,kuralları,konuş-NMLZ,konuş-ma,100,107,108,117,29,29,30,32,36
26,21,pre_ambiguity,False,852,Ayrıca aralarında Türklerin de bulunduğu bir briç takımları varmış ve briç oynarken yalnızca Türkçe konuşma kuralları varmış.,nominalizer,syntactic,after,konuşma,kuralları,kuralları,konuş-NMLZ,konuş-ma,100,107,108,117,29,29,30,32,36
26,22,pre_ambiguity,False,853,Ayrıca aralarında Türklerin de bulunduğu bir briç takımları varmış ve briç oynarken yalnızca Türkçe konuşma kuralları varmış.,nominalizer,syntactic,after,konuşma,kuralları,kuralları,konuş-NMLZ,konuş-ma,100,107,108,117,29,29,30,32,36
26,23,pre_ambiguity,False,854,Ayrıca aralarında Türklerin de bulunduğu bir briç takımları varmış ve briç oynarken yalnızca Türkçe konuşma kuralları varmış.,nominalizer,syntactic,after,konuşma,kuralları,kuralları,konuş-NMLZ,konuş-ma,100,107,108,117,29,29,30,32,36
26,24,pre_ambiguity,False,855,Ayrıca aralarında Türklerin de bulunduğu bir briç takımları varmış ve briç oynarken yalnızca Türkçe konuşma kuralları varmış.,nominalizer,syntactic,after,konuşma,kuralları,kuralları,konuş-NMLZ,konuş-ma,100,107,108,117,29,29,30,32,36
26,25,pre_ambiguity,False,856,Ayrıca aralarında Türklerin de bulunduğu bir briç takımları varmış ve briç oynarken yalnızca Türkçe konuşma kuralları varmış.,nominalizer,syntactic,after,konuşma,kuralları,kuralları,konuş-NMLZ,konuş-ma,100,107,108,117,29,29,30,32,36
26,26,pre_ambiguity,False,857,Ayrıca aralarında Türklerin de bulunduğu bir briç takımları varmış ve briç oynarken yalnızca Türkçe konuşma kuralları varmış.,nominalizer,syntactic,after,konuşma,kuralları,kuralları,konuş-NMLZ,konuş-ma,100,107,108,117,29,29,30,32,36
26,27,pre_ambiguity,False,858,Ayrıca aralarında Türklerin de bulunduğu bir briç takımları varmış ve briç oynarken yalnızca Türkçe konuşma kuralları varmış.,nominalizer,syntactic,after,konuşma,kuralları,kuralları,konuş-NMLZ,konuş-ma,100,107,108,117,29,29,30,32,36
26,28,pre_ambiguity,False,859,Ayrıca aralarında Türklerin de bulunduğu bir briç takımları varmış ve briç oynarken yalnızca Türkçe konuşma kuralları varmış.,nominalizer,syntactic,after,konuşma,kuralları,kuralları,konuş-NMLZ,konuş-ma,100,107,108,117,29,29,30,32,36
26,29,ambiguity_onset,False,860,Ayrıca aralarında Türklerin de bulunduğu bir briç takımları varmış ve briç oynarken yalnızca Türkçe konuşma kuralları varmış.,nominalizer,syntactic,after,konuşma,kuralları,kuralları,konuş-NMLZ,konuş-ma,100,107,108,117,29,29,30,32,36
26,30,cue_onset,False,861,Ayrıca aralarında Türklerin de bulunduğu bir briç takımları varmış ve briç oynarken yalnızca Türkçe konuşma kuralları varmış.,nominalizer,syntactic,after,konuşma,kuralları,kuralları,konuş-NMLZ,konuş-ma,100,107,108,117,29,29,30,32,36
26,31,cue_onset,False,862,Ayrıca aralarında Türklerin de bulunduğu bir briç takımları varmış ve briç oynarken yalnızca Türkçe konuşma kuralları varmış.,nominalizer,syntactic,after,konuşma,kuralları,kuralları,konuş-NMLZ,konuş-ma,100,107,108,117,29,29,30,32,36
26,32,cue_onset,False,863,Ayrıca aralarında Türklerin de bulunduğu bir briç takımları varmış ve briç oynarken yalnızca Türkçe konuşma kuralları varmış.,nominalizer,syntactic,after,konuşma,kuralları,kuralları,konuş-NMLZ,konuş-ma,100,107,108,117,29,29,30,32,36
26,33,post_cue,False,864,Ayrıca aralarında Türklerin de bulunduğu bir briç takımları varmış ve briç oynarken yalnızca Türkçe konuşma kuralları varmış.,nominalizer,syntactic,after,konuşma,kuralları,kuralları,konuş-NMLZ,konuş-ma,100,107,108,117,29,29,30,32,36
26,34,post_cue,False,865,Ayrıca aralarında Türklerin de bulunduğu bir briç takımları varmış ve briç oynarken yalnızca Türkçe konuşma kuralları varmış.,nominalizer,syntactic,after,konuşma,kuralları,kuralları,konuş-NMLZ,konuş-ma,100,107,108,117,29,29,30,32,36
26,35,full_sentence,True,866,Ayrıca aralarında Türklerin de bulunduğu bir briç takımları varmış ve briç oynarken yalnızca Türkçe konuşma kuralları varmış.,nominalizer,syntactic,after,konuşma,kuralları,kuralları,konuş-NMLZ,konuş-ma,100,107,108,117,29,29,30,32,36
27,0,pre_ambiguity,False,867,Ayrıca aralarında Türklerin de bulunduğu bir briç takımları varmış ve briç oynarken Türkçe konuşma diye çok ciddi kuralları varmış.,negation,syntactic,after,konuşma,diye,kuralları,konuş-NEG.IMP.2SG,konuş-ma,91,98,99,123,27,27,28,36,40
27,1,pre_ambiguity,False,868,Ayrıca aralarında Türklerin de bulunduğu bir briç takımları varmış ve briç oynarken Türkçe konuşma diye çok ciddi kuralları varmış.,negation,syntactic,after,konuşma,diye,kuralları,konuş-NEG.IMP.2SG,konuş-ma,91,98,99,123,27,27,28,36,40
27,2,pre_ambiguity,False,869,Ayrıca aralarında Türklerin de bulunduğu bir briç takımları varmış ve briç oynarken Türkçe konuşma diye çok ciddi kuralları varmış.,negation,syntactic,after,konuşma,diye,kuralları,konuş-NEG.IMP.2SG,konuş-ma,91,98,99,123,27,27,28,36,40
27,3,pre_ambiguity,False,870,Ayrıca aralarında Türklerin de bulunduğu bir briç takımları varmış ve briç oynarken Türkçe konuşma diye çok ciddi kuralları varmış.,negation,syntactic,after,konuşma,diye,kuralları,konuş-NEG.IMP.2SG,konuş-ma,91,98,99,123,27,27,28,36,40
27,4,pre_ambiguity,False,871,Ayrıca aralarında Türklerin de bulunduğu bir briç takımları varmış ve briç oynarken Türkçe konuşma diye çok ciddi kuralları varmış.,negation,syntactic,after,konuşma,diye,kuralları,konuş-NEG.IMP.2SG,konuş-ma,91,98,99,123,27,27,28,36,40
27,5,pre_ambiguity,False,872,Ayrıca aralarında Türklerin de bulunduğu bir briç takımları varmış ve briç oynarken Türkçe konuşma diye çok ciddi kuralları varmış.,negation,syntactic,after,konuşma,diye,kuralları,konuş-NEG.IMP.2SG,konuş-ma,91,98,99,123,27,27,28,36,40
27,6,pre_ambiguity,False,873,Ayrıca aralarında Türklerin de bulunduğu bir briç takımları varmış ve briç oynarken Türkçe konuşma diye çok ciddi kuralları varmış.,negation,syntactic,after,konuşma,diye,kuralları,konuş-NEG.IMP.2SG,konuş-ma,91,98,99,123,27,27,28,36,40
27,7,pre_ambiguity,False,874,Ayrıca aralarında Türklerin de bulunduğu bir briç takımları varmış ve briç oynarken Türkçe konuşma diye çok ciddi kuralları varmış.,negation,syntactic,after,konuşma,diye,kuralları,konuş-NEG.IMP.2SG,konuş-ma,91,98,99,123,27,27,28,36,40
27,8,pre_ambiguity,False,875,Ayrıca aralarında Türklerin de bulunduğu bir briç takımları varmış ve briç oynarken Türkçe konuşma diye çok ciddi kuralları varmış.,negation,syntactic,after,konuşma,diye,kuralları,konuş-NEG.IMP.2SG,konuş-ma,91,98,99,123,27,27,28,36,40
27,9,pre_ambiguity,False,876,Ayrıca aralarında Türklerin de bulunduğu bir briç takımları varmış ve briç oynarken Türkçe konuşma diye çok ciddi kuralları varmış.,negation,syntactic,after,konuşma,diye,kuralları,konuş-NEG.IMP.2SG,konuş-ma,91,98,99,123,27,27,28,36,40
27,10,pre_ambiguity,False,877,Ayrıca aralarında Türklerin de bulunduğu bir briç takımları varmış ve briç oynarken Türkçe konuşma diye çok ciddi kuralları varmış.,negation,syntactic,after,konuşma,diye,kuralları,konuş-NEG.IMP.2SG,konuş-ma,91,98,99,123,27,27,28,36,40
27,11,pre_ambiguity,False,878,Ayrıca aralarında Türklerin de bulunduğu bir briç takımları varmış ve briç oynarken Türkçe konuşma diye çok ciddi kuralları varmış.,negation,syntactic,after,konuşma,diye,kuralları,konuş-NEG.IMP.2SG,konuş-ma,91,98,99,123,27,27,28,36,40
27,12,pre_ambiguity,False,879,Ayrıca aralarında Türklerin de bulunduğu bir briç takımları varmış ve briç oynarken Türkçe konuşma diye çok ciddi kuralları varmış.,negation,syntactic,after,konuşma,diye,kuralları,konuş-NEG.IMP.2SG,konuş-ma,91,98,99,123,27,27,28,36,40
27,13,pre_ambiguity,False,880,Ayrıca aralarında Türklerin de bulunduğu bir briç takımları varmış ve briç oynarken Türkçe konuşma diye çok ciddi kuralları varmış.,negation,syntactic,after,konuşma,diye,kuralları,konuş-NEG.IMP.2SG,konuş-ma,91,98,99,123,27,27,28,36,40
27,14,pre_ambiguity,False,881,Ayrıca aralarında Türklerin de bulunduğu bir briç takımları varmış ve briç oynarken Türkçe konuşma diye çok ciddi kuralları varmış.,negation,syntactic,after,konuşma,diye,kuralları,konuş-NEG.IMP.2SG,konuş-ma,91,98,99,123,27,27,28,36,40
27,15,pre_ambiguity,False,882,Ayrıca aralarında Türklerin de bulunduğu bir briç takımları varmış ve briç oynarken Türkçe konuşma diye çok ciddi kuralları varmış.,negation,syntactic,after,konuşma,diye,kuralları,konuş-NEG.IMP.2SG,konuş-ma,91,98,99,123,27,27,28,36,40
27,16,pre_ambiguity,False,883,Ayrıca aralarında Türklerin de bulunduğu bir briç takımları varmış ve briç oynarken Türkçe konuşma diye çok ciddi kuralları varmış.,negation,syntactic,after,konuşma,diye,kuralları,konuş-NEG.IMP.2SG,konuş-ma,91,98,99,123,27,27,28,36,40
27,17,pre_ambiguity,False,884,Ayrıca aralarında Türklerin de bulunduğu bir briç takımları varmış ve briç oynarken Türkçe konuşma diye çok ciddi kuralları varmış.,negation,syntactic,after,konuşma,diye,kuralları,konuş-NEG.IMP.2SG,konuş-ma,91,98,99,123,27,27,28,36,40
27,18,pre_ambiguity,False,885,Ayrıca aralarında Türklerin de bulunduğu bir briç takımları varmış ve briç oynarken Türkçe konuşma diye çok ciddi kuralları varmış.,negation,syntactic,after,konuşma,diye,kuralları,konuş-NEG.IMP.2SG,konuş-ma,91,98,99,123,27,27,28,36,40
27,19,pre_ambiguity,False,886,Ayrıca aralarında Türklerin de bulunduğu bir briç takımları varmış ve briç oynarken Türkçe konuşma diye çok ciddi kuralları varmış.,negation,syntactic,after,konuşma,diye,kuralları,konuş-NEG.IMP.2SG,konuş-ma,91,98,99,123,27,27,28,36,40
27,20,pre_ambiguity,False,887,Ayrıca aralarında Türklerin de bulunduğu bir briç takımları varmış ve briç oynarken Türkçe konuşma diye çok ciddi kuralları varmış.,negation,syntactic,after,konuşma,diye,kuralları,konuş-NEG.IMP.2SG,konuş-ma,91,98,99,123,27,27,28,36,40
27,21,pre_ambiguity,False,888,Ayrıca aralarında Türklerin de bulunduğu bir briç takımları varmış ve briç oynarken Türkçe konuşma diye çok ciddi kuralları varmış.,negation,syntactic,after,konuşma,diye,kuralları,konuş-NEG.IMP.2SG,konuş-ma,91,98,99,123,27,27,28,36,40
27,22,pre_ambiguity,False,889,Ayrıca aralarında Türklerin de bulunduğu bir briç takımları varmış ve briç oynarken Türkçe konuşma diye çok ciddi kuralları varmış.,negation,syntactic,after,konuşma,diye,kuralları,konuş-NEG.IMP.2SG,konuş-ma,91,98,99,123,27,27,28,36,40
27,23,pre_ambiguity,False,890,Ayrıca aralarında Türklerin de bulunduğu bir briç takımları varmış ve briç oynarken Türkçe konuşma diye çok ciddi kuralları varmış.,negation,syntactic,after,konuşma,diye,kuralları,konuş-NEG.IMP.2SG,konuş-ma,91,98,99,123,27,27,28,36,40
27,24,pre_ambiguity,False,891,Ayrıca aralarında Türklerin de bulunduğu bir briç takımları varmış ve briç oynarken Türkçe konuşma diye çok ciddi kuralları varmış.,negation,syntactic,after,konuşma,diye,kuralları,konuş-NEG.IMP.2SG,konuş-ma,91,98,99,123,27,27,28,36,40
27,25,pre_ambiguity,False,892,Ayrıca aralarında Türklerin de bulunduğu bir briç takımları varmış ve briç oynarken Türkçe konuşma diye çok ciddi kuralları varmış.,negation,syntactic,after,konuşma,diye,kuralları,konuş-NEG.IMP.2SG,konuş-ma,91,98,99,123,27,27,28,36,40
27,26,pre_ambiguity,False,893,Ayrıca aralarında Türklerin de bulunduğu bir briç takımları varmış ve briç oynarken Türkçe konuşma diye çok ciddi kuralları varmış.,negation,syntactic,after,konuşma,diye,kuralları,konuş-NEG.IMP.2SG,konuş-ma,91,98,99,123,27,27,28,36,40
27,27,ambiguity_onset,False,894,Ayrıca aralarında Türklerin de bulunduğu bir briç takımları varmış ve briç oynarken Türkçe konuşma diye çok ciddi kuralları varmış.,negation,syntactic,after,konuşma,diye,kuralları,konuş-NEG.IMP.2SG,konuş-ma,91,98,99,123,27,27,28,36,40
27,28,cue_onset,False,895,Ayrıca aralarında Türklerin de bulunduğu bir briç takımları varmış ve briç oynarken Türkçe konuşma diye çok ciddi kuralları varmış.,negation,syntactic,after,konuşma,diye,kuralları,konuş-NEG.IMP.2SG,konuş-ma,91,98,99,123,27,27,28,36,40
27,29,cue_onset,False,896,Ayrıca aralarında Türklerin de bulunduğu bir briç takımları varmış ve briç oynarken Türkçe konuşma diye çok ciddi kuralları varmış.,negation,syntactic,after,konuşma,diye,kuralları,konuş-NEG.IMP.2SG,konuş-ma,91,98,99,123,27,27,28,36,40
27,30,cue_onset,False,897,Ayrıca aralarında Türklerin de bulunduğu bir briç takımları varmış ve briç oynarken Türkçe konuşma diye çok ciddi kuralları varmış.,negation,syntactic,after,konuşma,diye,kuralları,konuş-NEG.IMP.2SG,konuş-ma,91,98,99,123,27,27,28,36,40
27,31,cue_onset,False,898,Ayrıca aralarında Türklerin de bulunduğu bir briç takımları varmış ve briç oynarken Türkçe konuşma diye çok ciddi kuralları varmış.,negation,syntactic,after,konuşma,diye,kuralları,konuş-NEG.IMP.2SG,konuş-ma,91,98,99,123,27,27,28,36,40
27,32,cue_onset,False,899,Ayrıca aralarında Türklerin de bulunduğu bir briç takımları varmış ve briç oynarken Türkçe konuşma diye çok ciddi kuralları varmış.,negation,syntactic,after,konuşma,diye,kuralları,konuş-NEG.IMP.2SG,konuş-ma,91,98,99,123,27,27,28,36,40
27,33,cue_onset,False,900,Ayrıca aralarında Türklerin de bulunduğu bir briç takımları varmış ve briç oynarken Türkçe konuşma diye çok ciddi kuralları varmış.,negation,syntactic,after,konuşma,diye,kuralları,konuş-NEG.IMP.2SG,konuş-ma,91,98,99,123,27,27,28,36,40
27,34,cue_onset,False,901,Ayrıca aralarında Türklerin de bulunduğu bir briç takımları varmış ve briç oynarken Türkçe konuşma diye çok ciddi kuralları varmış.,negation,syntactic,after,konuşma,diye,kuralları,konuş-NEG.IMP.2SG,konuş-ma,91,98,99,123,27,27,28,36,40
27,35,cue_onset,False,902,Ayrıca aralarında Türklerin de bulunduğu bir briç takımları varmış ve briç oynarken Türkçe konuşma diye çok ciddi kuralları varmış.,negation,syntactic,after,konuşma,diye,kuralları,konuş-NEG.IMP.2SG,konuş-ma,91,98,99,123,27,27,28,36,40
27,36,cue_onset,False,903,Ayrıca aralarında Türklerin de bulunduğu bir briç takımları varmış ve briç oynarken Türkçe konuşma diye çok ciddi kuralları varmış.,negation,syntactic,after,konuşma,diye,kuralları,konuş-NEG.IMP.2SG,konuş-ma,91,98,99,123,27,27,28,36,40
27,37,post_cue,False,904,Ayrıca aralarında Türklerin de bulunduğu bir briç takımları varmış ve briç oynarken Türkçe konuşma diye çok ciddi kuralları varmış.,negation,syntactic,after,konuşma,diye,kuralları,konuş-NEG.IMP.2SG,konuş-ma,91,98,99,123,27,27,28,36,40
27,38,post_cue,False,905,Ayrıca aralarında Türklerin de bulunduğu bir briç takımları varmış ve briç oynarken Türkçe konuşma diye çok ciddi kuralları varmış.,negation,syntactic,after,konuşma,diye,kuralları,konuş-NEG.IMP.2SG,konuş-ma,91,98,99,123,27,27,28,36,40
27,39,full_sentence,True,906,Ayrıca aralarında Türklerin de bulunduğu bir briç takımları varmış ve briç oynarken Türkçe konuşma diye çok ciddi kuralları varmış.,negation,syntactic,after,konuşma,diye,kuralları,konuş-NEG.IMP.2SG,konuş-ma,91,98,99,123,27,27,28,36,40
28,0,pre_ambiguity,False,907,Ayrıca aralarında Türklerin de bulunduğu bir briç takımları varmış ve briç oynarken sen Türkçe konuşma diye çok çaba harcamışlar.,negation,syntactic,before,konuşma,sen,sen,konuş-NEG.IMP.2SG,konuş-ma,95,102,84,87,28,28,26,26,39
28,1,pre_ambiguity,False,908,Ayrıca aralarında Türklerin de bulunduğu bir briç takımları varmış ve briç oynarken sen Türkçe konuşma diye çok çaba harcamışlar.,negation,syntactic,before,konuşma,sen,sen,konuş-NEG.IMP.2SG,konuş-ma,95,102,84,87,28,28,26,26,39
28,2,pre_ambiguity,False,909,Ayrıca aralarında Türklerin de bulunduğu bir briç takımları varmış ve briç oynarken sen Türkçe konuşma diye çok çaba harcamışlar.,negation,syntactic,before,konuşma,sen,sen,konuş-NEG.IMP.2SG,konuş-ma,95,102,84,87,28,28,26,26,39
28,3,pre_ambiguity,False,910,Ayrıca aralarında Türklerin de bulunduğu bir briç takımları varmış ve briç oynarken sen Türkçe konuşma diye çok çaba harcamışlar.,negation,syntactic,before,konuşma,sen,sen,konuş-NEG.IMP.2SG,konuş-ma,95,102,84,87,28,28,26,26,39
28,4,pre_ambiguity,False,911,Ayrıca aralarında Türklerin de bulunduğu bir briç takımları varmış ve briç oynarken sen Türkçe konuşma diye çok çaba harcamışlar.,negation,syntactic,before,konuşma,sen,sen,konuş-NEG.IMP.2SG,konuş-ma,95,102,84,87,28,28,26,26,39
28,5,pre_ambiguity,False,912,Ayrıca aralarında Türklerin de bulunduğu bir briç takımları varmış ve briç oynarken sen Türkçe konuşma diye çok çaba harcamışlar.,negation,syntactic,before,konuşma,sen,sen,konuş-NEG.IMP.2SG,konuş-ma,95,102,84,87,28,28,26,26,39
28,6,pre_ambiguity,False,913,Ayrıca aralarında Türklerin de bulunduğu bir briç takımları varmış ve briç oynarken sen Türkçe konuşma diye çok çaba harcamışlar.,negation,syntactic,before,konuşma,sen,sen,konuş-NEG.IMP.2SG,konuş-ma,95,102,84,87,28,28,26,26,39
28,7,pre_ambiguity,False,914,Ayrıca aralarında Türklerin de bulunduğu bir briç takımları varmış ve briç oynarken sen Türkçe konuşma diye çok çaba harcamışlar.,negation,syntactic,before,konuşma,sen,sen,konuş-NEG.IMP.2SG,konuş-ma,95,102,84,87,28,28,26,26,39
28,8,pre_ambiguity,False,915,Ayrıca aralarında Türklerin de bulunduğu bir briç takımları varmış ve briç oynarken sen Türkçe konuşma diye çok çaba harcamışlar.,negation,syntactic,before,konuşma,sen,sen,konuş-NEG.IMP.2SG,konuş-ma,95,102,84,87,28,28,26,26,39
28,9,pre_ambiguity,False,916,Ayrıca aralarında Türklerin de bulunduğu bir briç takımları varmış ve briç oynarken sen Türkçe konuşma diye çok çaba harcamışlar.,negation,syntactic,before,konuşma,sen,sen,konuş-NEG.IMP.2SG,konuş-ma,95,102,84,87,28,28,26,26,39
28,10,pre_ambiguity,False,917,Ayrıca aralarında Türklerin de bulunduğu bir briç takımları varmış ve briç oynarken sen Türkçe konuşma diye çok çaba harcamışlar.,negation,syntactic,before,konuşma,sen,sen,konuş-NEG.IMP.2SG,konuş-ma,95,102,84,87,28,28,26,26,39
28,11,pre_ambiguity,False,918,Ayrıca aralarında Türklerin de bulunduğu bir briç takımları varmış ve briç oynarken sen Türkçe konuşma diye çok çaba harcamışlar.,negation,syntactic,before,konuşma,sen,sen,konuş-NEG.IMP.2SG,konuş-ma,95,102,84,87,28,28,26,26,39
28,12,pre_ambiguity,False,919,Ayrıca aralarında Türklerin de bulunduğu bir briç takımları varmış ve briç oynarken sen Türkçe konuşma diye çok çaba harcamışlar.,negation,syntactic,before,konuşma,sen,sen,konuş-NEG.IMP.2SG,konuş-ma,95,102,84,87,28,28,26,26,39
28,13,pre_ambiguity,False,920,Ayrıca aralarında Türklerin de bulunduğu bir briç takımları varmış ve briç oynarken sen Türkçe konuşma diye çok çaba harcamışlar.,negation,syntactic,before,konuşma,sen,sen,konuş-NEG.IMP.2SG,konuş-ma,95,102,84,87,28,28,26,26,39
28,14,pre_ambiguity,False,921,Ayrıca aralarında Türklerin de bulunduğu bir briç takımları varmış ve briç oynarken sen Türkçe konuşma diye çok çaba harcamışlar.,negation,syntactic,before,konuşma,sen,sen,konuş-NEG.IMP.2SG,konuş-ma,95,102,84,87,28,28,26,26,39
28,15,pre_ambiguity,False,922,Ayrıca aralarında Türklerin de bulunduğu bir briç takımları varmış ve briç oynarken sen Türkçe konuşma diye çok çaba harcamışlar.,negation,syntactic,before,konuşma,sen,sen,konuş-NEG.IMP.2SG,konuş-ma,95,102,84,87,28,28,26,26,39
28,16,pre_ambiguity,False,923,Ayrıca aralarında Türklerin de bulunduğu bir briç takımları varmış ve briç oynarken sen Türkçe konuşma diye çok çaba harcamışlar.,negation,syntactic,before,konuşma,sen,sen,konuş-NEG.IMP.2SG,konuş-ma,95,102,84,87,28,28,26,26,39
28,17,pre_ambiguity,False,924,Ayrıca aralarında Türklerin de bulunduğu bir briç takımları varmış ve briç oynarken sen Türkçe konuşma diye çok çaba harcamışlar.,negation,syntactic,before,konuşma,sen,sen,konuş-NEG.IMP.2SG,konuş-ma,95,102,84,87,28,28,26,26,39
28,18,pre_ambiguity,False,925,Ayrıca aralarında Türklerin de bulunduğu bir briç takımları varmış ve briç oynarken sen Türkçe konuşma diye çok çaba harcamışlar.,negation,syntactic,before,konuşma,sen,sen,konuş-NEG.IMP.2SG,konuş-ma,95,102,84,87,28,28,26,26,39
28,19,pre_ambiguity,False,926,Ayrıca aralarında Türklerin de bulunduğu bir briç takımları varmış ve briç oynarken sen Türkçe konuşma diye çok çaba harcamışlar.,negation,syntactic,before,konuşma,sen,sen,konuş-NEG.IMP.2SG,konuş-ma,95,102,84,87,28,28,26,26,39
28,20,pre_ambiguity,False,927,Ayrıca aralarında Türklerin de bulunduğu bir briç takımları varmış ve briç oynarken sen Türkçe konuşma diye çok çaba harcamışlar.,negation,syntactic,before,konuşma,sen,sen,konuş-NEG.IMP.2SG,konuş-ma,95,102,84,87,28,28,26,26,39
28,21,pre_ambiguity,False,928,Ayrıca aralarında Türklerin de bulunduğu bir briç takımları varmış ve briç oynarken sen Türkçe konuşma diye çok çaba harcamışlar.,negation,syntactic,before,konuşma,sen,sen,konuş-NEG.IMP.2SG,konuş-ma,95,102,84,87,28,28,26,26,39
28,22,pre_ambiguity,False,929,Ayrıca aralarında Türklerin de bulunduğu bir briç takımları varmış ve briç oynarken sen Türkçe konuşma diye çok çaba harcamışlar.,negation,syntactic,before,konuşma,sen,sen,konuş-NEG.IMP.2SG,konuş-ma,95,102,84,87,28,28,26,26,39
28,23,pre_ambiguity,False,930,Ayrıca aralarında Türklerin de bulunduğu bir briç takımları varmış ve briç oynarken sen Türkçe konuşma diye çok çaba harcamışlar.,negation,syntactic,before,konuşma,sen,sen,konuş-NEG.IMP.2SG,konuş-ma,95,102,84,87,28,28,26,26,39
28,24,pre_ambiguity,False,931,Ayrıca aralarında Türklerin de bulunduğu bir briç takımları varmış ve briç oynarken sen Türkçe konuşma diye çok çaba harcamışlar.,negation,syntactic,before,konuşma,sen,sen,konuş-NEG.IMP.2SG,konuş-ma,95,102,84,87,28,28,26,26,39
28,25,pre_ambiguity,False,932,Ayrıca aralarında Türklerin de bulunduğu bir briç takımları varmış ve briç oynarken sen Türkçe konuşma diye çok çaba harcamışlar.,negation,syntactic,before,konuşma,sen,sen,konuş-NEG.IMP.2SG,konuş-ma,95,102,84,87,28,28,26,26,39
28,26,cue_onset,False,933,Ayrıca aralarında Türklerin de bulunduğu bir briç takımları varmış ve briç oynarken sen Türkçe konuşma diye çok çaba harcamışlar.,negation,syntactic,before,konuşma,sen,sen,konuş-NEG.IMP.2SG,konuş-ma,95,102,84,87,28,28,26,26,39
28,27,post_cue_pre_ambiguity,False,934,Ayrıca aralarında Türklerin de bulunduğu bir briç takımları varmış ve briç oynarken sen Türkçe konuşma diye çok çaba harcamışlar.,negation,syntactic,before,konuşma,sen,sen,konuş-NEG.IMP.2SG,konuş-ma,95,102,84,87,28,28,26,26,39
28,28,ambiguity_onset,False,935,Ayrıca aralarında Türklerin de bulunduğu bir briç takımları varmış ve briç oynarken sen Türkçe konuşma diye çok çaba harcamışlar.,negation,syntactic,before,konuşma,sen,sen,konuş-NEG.IMP.2SG,konuş-ma,95,102,84,87,28,28,26,26,39
28,29,post_cue,False,936,Ayrıca aralarında Türklerin de bulunduğu bir briç takımları varmış ve briç oynarken sen Türkçe konuşma diye çok çaba harcamışlar.,negation,syntactic,before,konuşma,sen,sen,konuş-NEG.IMP.2SG,konuş-ma,95,102,84,87,28,28,26,26,39
28,30,post_cue,False,937,Ayrıca aralarında Türklerin de bulunduğu bir briç takımları varmış ve briç oynarken sen Türkçe konuşma diye çok çaba harcamışlar.,negation,syntactic,before,konuşma,sen,sen,konuş-NEG.IMP.2SG,konuş-ma,95,102,84,87,28,28,26,26,39
28,31,post_cue,False,938,Ayrıca aralarında Türklerin de bulunduğu bir briç takımları varmış ve briç oynarken sen Türkçe konuşma diye çok çaba harcamışlar.,negation,syntactic,before,konuşma,sen,sen,konuş-NEG.IMP.2SG,konuş-ma,95,102,84,87,28,28,26,26,39
28,32,post_cue,False,939,Ayrıca aralarında Türklerin de bulunduğu bir briç takımları varmış ve briç oynarken sen Türkçe konuşma diye çok çaba harcamışlar.,negation,syntactic,before,konuşma,sen,sen,konuş-NEG.IMP.2SG,konuş-ma,95,102,84,87,28,28,26,26,39
28,33,post_cue,False,940,Ayrıca aralarında Türklerin de bulunduğu bir briç takımları varmış ve briç oynarken sen Türkçe konuşma diye çok çaba harcamışlar.,negation,syntactic,before,konuşma,sen,sen,konuş-NEG.IMP.2SG,konuş-ma,95,102,84,87,28,28,26,26,39
28,34,post_cue,False,941,Ayrıca aralarında Türklerin de bulunduğu bir briç takımları varmış ve briç oynarken sen Türkçe konuşma diye çok çaba harcamışlar.,negation,syntactic,before,konuşma,sen,sen,konuş-NEG.IMP.2SG,konuş-ma,95,102,84,87,28,28,26,26,39
28,35,post_cue,False,942,Ayrıca aralarında Türklerin de bulunduğu bir briç takımları varmış ve briç oynarken sen Türkçe konuşma diye çok çaba harcamışlar.,negation,syntactic,before,konuşma,sen,sen,konuş-NEG.IMP.2SG,konuş-ma,95,102,84,87,28,28,26,26,39
28,36,post_cue,False,943,Ayrıca aralarında Türklerin de bulunduğu bir briç takımları varmış ve briç oynarken sen Türkçe konuşma diye çok çaba harcamışlar.,negation,syntactic,before,konuşma,sen,sen,konuş-NEG.IMP.2SG,konuş-ma,95,102,84,87,28,28,26,26,39
28,37,post_cue,False,944,Ayrıca aralarında Türklerin de bulunduğu bir briç takımları varmış ve briç oynarken sen Türkçe konuşma diye çok çaba harcamışlar.,negation,syntactic,before,konuşma,sen,sen,konuş-NEG.IMP.2SG,konuş-ma,95,102,84,87,28,28,26,26,39
28,38,full_sentence,True,945,Ayrıca aralarında Türklerin de bulunduğu bir briç takımları varmış ve briç oynarken sen Türkçe konuşma diye çok çaba harcamışlar.,negation,syntactic,before,konuşma,sen,sen,konuş-NEG.IMP.2SG,konuş-ma,95,102,84,87,28,28,26,26,39
29,0,pre_ambiguity,False,946,Fakat ona etki eden duygusal tepkime sonucu nefes faktörünün devreye girmesidir.,nominalizer,syntactic,before,tepkime,ona,duygusal,tepki-NMLZ,tepki-me,29,36,6,28,12,14,3,11,32
29,1,pre_ambiguity,False,947,Fakat ona etki eden duygusal tepkime sonucu nefes faktörünün devreye girmesidir.,nominalizer,syntactic,before,tepkime,ona,duygusal,tepki-NMLZ,tepki-me,29,36,6,28,12,14,3,11,32
29,2,pre_ambiguity,False,948,Fakat ona etki eden duygusal tepkime sonucu nefes faktörünün devreye girmesidir.,nominalizer,syntactic,before,tepkime,ona,duygusal,tepki-NMLZ,tepki-me,29,36,6,28,12,14,3,11,32
29,3,cue_onset,False,949,Fakat ona etki eden duygusal tepkime sonucu nefes faktörünün devreye girmesidir.,nominalizer,syntactic,before,tepkime,ona,duygusal,tepki-NMLZ,tepki-me,29,36,6,28,12,14,3,11,32
29,4,cue_onset,False,950,Fakat ona etki eden duygusal tepkime sonucu nefes faktörünün devreye girmesidir.,nominalizer,syntactic,before,tepkime,ona,duygusal,tepki-NMLZ,tepki-me,29,36,6,28,12,14,3,11,32
29,5,cue_onset,False,951,Fakat ona etki eden duygusal tepkime sonucu nefes faktörünün devreye girmesidir.,nominalizer,syntactic,before,tepkime,ona,duygusal,tepki-NMLZ,tepki-me,29,36,6,28,12,14,3,11,32
29,6,cue_onset,False,952,Fakat ona etki eden duygusal tepkime sonucu nefes faktörünün devreye girmesidir.,nominalizer,syntactic,before,tepkime,ona,duygusal,tepki-NMLZ,tepki-me,29,36,6,28,12,14,3,11,32
29,7,cue_onset,False,953,Fakat ona etki eden duygusal tepkime sonucu nefes faktörünün devreye girmesidir.,nominalizer,syntactic,before,tepkime,ona,duygusal,tepki-NMLZ,tepki-me,29,36,6,28,12,14,3,11,32
29,8,cue_onset,False,954,Fakat ona etki eden duygusal tepkime sonucu nefes faktörünün devreye girmesidir.,nominalizer,syntactic,before,tepkime,ona,duygusal,tepki-NMLZ,tepki-me,29,36,6,28,12,14,3,11,32
29,9,cue_onset,False,955,Fakat ona etki eden duygusal tepkime sonucu nefes faktörünün devreye girmesidir.,nominalizer,syntactic,before,tepkime,ona,duygusal,tepki-NMLZ,tepki-me,29,36,6,28,12,14,3,11,32
29,10,cue_onset,False,956,Fakat ona etki eden duygusal tepkime sonucu nefes faktörünün devreye girmesidir.,nominalizer,syntactic,before,tepkime,ona,duygusal,tepki-NMLZ,tepki-me,29,36,6,28,12,14,3,11,32
29,11,cue_onset,False,957,Fakat ona etki eden duygusal tepkime sonucu nefes faktörünün devreye girmesidir.,nominalizer,syntactic,before,tepkime,ona,duygusal,tepki-NMLZ,tepki-me,29,36,6,28,12,14,3,11,32
29,12,ambiguity_onset,False,958,Fakat ona etki eden duygusal tepkime sonucu nefes faktörünün devreye girmesidir.,nominalizer,syntactic,before,tepkime,ona,duygusal,tepki-NMLZ,tepki-me,29,36,6,28,12,14,3,11,32
29,13,ambiguity_onset,False,959,Fakat ona etki eden duygusal tepkime sonucu nefes faktörünün devreye girmesidir.,nominalizer,syntactic,before,tepkime,ona,duygusal,tepki-NMLZ,tepki-me,29,36,6,28,12,14,3,11,32
29,14,ambiguity_onset,False,960,Fakat ona etki eden duygusal tepkime sonucu nefes faktörünün devreye girmesidir.,nominalizer,syntactic,before,tepkime,ona,duygusal,tepki-NMLZ,tepki-me,29,36,6,28,12,14,3,11,32
29,15,post_cue,False,961,Fakat ona etki eden duygusal tepkime sonucu nefes faktörünün devreye girmesidir.,nominalizer,syntactic,before,tepkime,ona,duygusal,tepki-NMLZ,tepki-me,29,36,6,28,12,14,3,11,32
29,16,post_cue,False,962,Fakat ona etki eden duygusal tepkime sonucu nefes faktörünün devreye girmesidir.,nominalizer,syntactic,before,tepkime,ona,duygusal,tepki-NMLZ,tepki-me,29,36,6,28,12,14,3,11,32
29,17,post_cue,False,963,Fakat ona etki eden duygusal tepkime sonucu nefes faktörünün devreye girmesidir.,nominalizer,syntactic,before,tepkime,ona,duygusal,tepki-NMLZ,tepki-me,29,36,6,28,12,14,3,11,32
29,18,post_cue,False,964,Fakat ona etki eden duygusal tepkime sonucu nefes faktörünün devreye girmesidir.,nominalizer,syntactic,before,tepkime,ona,duygusal,tepki-NMLZ,tepki-me,29,36,6,28,12,14,3,11,32
29,19,post_cue,False,965,Fakat ona etki eden duygusal tepkime sonucu nefes faktörünün devreye girmesidir.,nominalizer,syntactic,before,tepkime,ona,duygusal,tepki-NMLZ,tepki-me,29,36,6,28,12,14,3,11,32
29,20,post_cue,False,966,Fakat ona etki eden duygusal tepkime sonucu nefes faktörünün devreye girmesidir.,nominalizer,syntactic,before,tepkime,ona,duygusal,tepki-NMLZ,tepki-me,29,36,6,28,12,14,3,11,32
29,21,post_cue,False,967,Fakat ona etki eden duygusal tepkime sonucu nefes faktörünün devreye girmesidir.,nominalizer,syntactic,before,tepkime,ona,duygusal,tepki-NMLZ,tepki-me,29,36,6,28,12,14,3,11,32
29,22,post_cue,False,968,Fakat ona etki eden duygusal tepkime sonucu nefes faktörünün devreye girmesidir.,nominalizer,syntactic,before,tepkime,ona,duygusal,tepki-NMLZ,tepki-me,29,36,6,28,12,14,3,11,32
29,23,post_cue,False,969,Fakat ona etki eden duygusal tepkime sonucu nefes faktörünün devreye girmesidir.,nominalizer,syntactic,before,tepkime,ona,duygusal,tepki-NMLZ,tepki-me,29,36,6,28,12,14,3,11,32
29,24,post_cue,False,970,Fakat ona etki eden duygusal tepkime sonucu nefes faktörünün devreye girmesidir.,nominalizer,syntactic,before,tepkime,ona,duygusal,tepki-NMLZ,tepki-me,29,36,6,28,12,14,3,11,32
29,25,post_cue,False,971,Fakat ona etki eden duygusal tepkime sonucu nefes faktörünün devreye girmesidir.,nominalizer,syntactic,before,tepkime,ona,duygusal,tepki-NMLZ,tepki-me,29,36,6,28,12,14,3,11,32
29,26,post_cue,False,972,Fakat ona etki eden duygusal tepkime sonucu nefes faktörünün devreye girmesidir.,nominalizer,syntactic,before,tepkime,ona,duygusal,tepki-NMLZ,tepki-me,29,36,6,28,12,14,3,11,32
29,27,post_cue,False,973,Fakat ona etki eden duygusal tepkime sonucu nefes faktörünün devreye girmesidir.,nominalizer,syntactic,before,tepkime,ona,duygusal,tepki-NMLZ,tepki-me,29,36,6,28,12,14,3,11,32
29,28,post_cue,False,974,Fakat ona etki eden duygusal tepkime sonucu nefes faktörünün devreye girmesidir.,nominalizer,syntactic,before,tepkime,ona,duygusal,tepki-NMLZ,tepki-me,29,36,6,28,12,14,3,11,32
29,29,post_cue,False,975,Fakat ona etki eden duygusal tepkime sonucu nefes faktörünün devreye girmesidir.,nominalizer,syntactic,before,tepkime,ona,duygusal,tepki-NMLZ,tepki-me,29,36,6,28,12,14,3,11,32
29,30,post_cue,False,976,Fakat ona etki eden duygusal tepkime sonucu nefes faktörünün devreye girmesidir.,nominalizer,syntactic,before,tepkime,ona,duygusal,tepki-NMLZ,tepki-me,29,36,6,28,12,14,3,11,32
29,31,full_sentence,True,977,Fakat ona etki eden duygusal tepkime sonucu nefes faktörünün devreye girmesidir.,nominalizer,syntactic,before,tepkime,ona,duygusal,tepki-NMLZ,tepki-me,29,36,6,28,12,14,3,11,32
30,0,pre_ambiguity,False,978,"Gök haritamızda Kova neredeyse, orada bağları koparma isteği, başkaldırı, yenilikçi ve ilerici bir tutum görülecektir.",nominalizer,syntactic,after,koparma,"isteği,","isteği,",kopar-NMLZ,kopar-ma,46,53,54,61,18,19,20,22,45
30,1,pre_ambiguity,False,979,"Gök haritamızda Kova neredeyse, orada bağları koparma isteği, başkaldırı, yenilikçi ve ilerici bir tutum görülecektir.",nominalizer,syntactic,after,koparma,"isteği,","isteği,",kopar-NMLZ,kopar-ma,46,53,54,61,18,19,20,22,45
30,2,pre_ambiguity,False,980,"Gök haritamızda Kova neredeyse, orada bağları koparma isteği, başkaldırı, yenilikçi ve ilerici bir tutum görülecektir.",nominalizer,syntactic,after,koparma,"isteği,","isteği,",kopar-NMLZ,kopar-ma,46,53,54,61,18,19,20,22,45
30,3,pre_ambiguity,False,981,"Gök haritamızda Kova neredeyse, orada bağları koparma isteği, başkaldırı, yenilikçi ve ilerici bir tutum görülecektir.",nominalizer,syntactic,after,koparma,"isteği,","isteği,",kopar-NMLZ,kopar-ma,46,53,54,61,18,19,20,22,45
30,4,pre_ambiguity,False,982,"Gök haritamızda Kova neredeyse, orada bağları koparma isteği, başkaldırı, yenilikçi ve ilerici bir tutum görülecektir.",nominalizer,syntactic,after,koparma,"isteği,","isteği,",kopar-NMLZ,kopar-ma,46,53,54,61,18,19,20,22,45
30,5,pre_ambiguity,False,983,"Gök haritamızda Kova neredeyse, orada bağları koparma isteği, başkaldırı, yenilikçi ve ilerici bir tutum görülecektir.",nominalizer,syntactic,after,koparma,"isteği,","isteği,",kopar-NMLZ,kopar-ma,46,53,54,61,18,19,20,22,45
30,6,pre_ambiguity,False,984,"Gök haritamızda Kova neredeyse, orada bağları koparma isteği, başkaldırı, yenilikçi ve ilerici bir tutum görülecektir.",nominalizer,syntactic,after,koparma,"isteği,","isteği,",kopar-NMLZ,kopar-ma,46,53,54,61,18,19,20,22,45
30,7,pre_ambiguity,False,985,"Gök haritamızda Kova neredeyse, orada bağları koparma isteği, başkaldırı, yenilikçi ve ilerici bir tutum görülecektir.",nominalizer,syntactic,after,koparma,"isteği,","isteği,",kopar-NMLZ,kopar-ma,46,53,54,61,18,19,20,22,45
30,8,pre_ambiguity,False,986,"Gök haritamızda Kova neredeyse, orada bağları koparma isteği, başkaldırı, yenilikçi ve ilerici bir tutum görülecektir.",nominalizer,syntactic,after,koparma,"isteği,","isteği,",kopar-NMLZ,kopar-ma,46,53,54,61,18,19,20,22,45
30,9,pre_ambiguity,False,987,"Gök haritamızda Kova neredeyse, orada bağları koparma isteği, başkaldırı, yenilikçi ve ilerici bir tutum görülecektir.",nominalizer,syntactic,after,koparma,"isteği,","isteği,",kopar-NMLZ,kopar-ma,46,53,54,61,18,19,20,22,45
30,10,pre_ambiguity,False,988,"Gök haritamızda Kova neredeyse, orada bağları koparma isteği, başkaldırı, yenilikçi ve ilerici bir tutum görülecektir.",nominalizer,syntactic,after,koparma,"isteği,","isteği,",kopar-NMLZ,kopar-ma,46,53,54,61,18,19,20,22,45
30,11,pre_ambiguity,False,989,"Gök haritamızda Kova neredeyse, orada bağları koparma isteği, başkaldırı, yenilikçi ve ilerici bir tutum görülecektir.",nominalizer,syntactic,after,koparma,"isteği,","isteği,",kopar-NMLZ,kopar-ma,46,53,54,61,18,19,20,22,45
30,12,pre_ambiguity,False,990,"Gök haritamızda Kova neredeyse, orada bağları koparma isteği, başkaldırı, yenilikçi ve ilerici bir tutum görülecektir.",nominalizer,syntactic,after,koparma,"isteği,","isteği,",kopar-NMLZ,kopar-ma,46,53,54,61,18,19,20,22,45
30,13,pre_ambiguity,False,991,"Gök haritamızda Kova neredeyse, orada bağları koparma isteği, başkaldırı, yenilikçi ve ilerici bir tutum görülecektir.",nominalizer,syntactic,after,koparma,"isteği,","isteği,",kopar-NMLZ,kopar-ma,46,53,54,61,18,19,20,22,45
30,14,pre_ambiguity,False,992,"Gök haritamızda Kova neredeyse, orada bağları koparma isteği, başkaldırı, yenilikçi ve ilerici bir tutum görülecektir.",nominalizer,syntactic,after,koparma,"isteği,","isteği,",kopar-NMLZ,kopar-ma,46,53,54,61,18,19,20,22,45
30,15,pre_ambiguity,False,993,"Gök haritamızda Kova neredeyse, orada bağları koparma isteği, başkaldırı, yenilikçi ve ilerici bir tutum görülecektir.",nominalizer,syntactic,after,koparma,"isteği,","isteği,",kopar-NMLZ,kopar-ma,46,53,54,61,18,19,20,22,45
30,16,pre_ambiguity,False,994,"Gök haritamızda Kova neredeyse, orada bağları koparma isteği, başkaldırı, yenilikçi ve ilerici bir tutum görülecektir.",nominalizer,syntactic,after,koparma,"isteği,","isteği,",kopar-NMLZ,kopar-ma,46,53,54,61,18,19,20,22,45
30,17,pre_ambiguity,False,995,"Gök haritamızda Kova neredeyse, orada bağları koparma isteği, başkaldırı, yenilikçi ve ilerici bir tutum görülecektir.",nominalizer,syntactic,after,koparma,"isteği,","isteği,",kopar-NMLZ,kopar-ma,46,53,54,61,18,19,20,22,45
30,18,ambiguity_onset,False,996,"Gök haritamızda Kova neredeyse, orada bağları koparma isteği, başkaldırı, yenilikçi ve ilerici bir tutum görülecektir.",nominalizer,syntactic,after,koparma,"isteği,","isteği,",kopar-NMLZ,kopar-ma,46,53,54,61,18,19,20,22,45
30,19,ambiguity_onset,False,997,"Gök haritamızda Kova neredeyse, orada bağları koparma isteği, başkaldırı, yenilikçi ve ilerici bir tutum görülecektir.",nominalizer,syntactic,after,koparma,"isteği,","isteği,",kopar-NMLZ,kopar-ma,46,53,54,61,18,19,20,22,45
30,20,cue_onset,False,998,"Gök haritamızda Kova neredeyse, orada bağları koparma isteği, başkaldırı, yenilikçi ve ilerici bir tutum görülecektir.",nominalizer,syntactic,after,koparma,"isteği,","isteği,",kopar-NMLZ,kopar-ma,46,53,54,61,18,19,20,22,45
30,21,cue_onset,False,999,"Gök haritamızda Kova neredeyse, orada bağları koparma isteği, başkaldırı, yenilikçi ve ilerici bir tutum görülecektir.",nominalizer,syntactic,after,koparma,"isteği,","isteği,",kopar-NMLZ,kopar-ma,46,53,54,61,18,19,20,22,45
30,22,cue_onset,False,1000,"Gök haritamızda Kova neredeyse, orada bağları koparma isteği, başkaldırı, yenilikçi ve ilerici bir tutum görülecektir.",nominalizer,syntactic,after,koparma,"isteği,","isteği,",kopar-NMLZ,kopar-ma,46,53,54,61,18,19,20,22,45
30,23,post_cue,False,1001,"Gök haritamızda Kova neredeyse, orada bağları koparma isteği, başkaldırı, yenilikçi ve ilerici bir tutum görülecektir.",nominalizer,syntactic,after,koparma,"isteği,","isteği,",kopar-NMLZ,kopar-ma,46,53,54,61,18,19,20,22,45
30,24,post_cue,False,1002,"Gök haritamızda Kova neredeyse, orada bağları koparma isteği, başkaldırı, yenilikçi ve ilerici bir tutum görülecektir.",nominalizer,syntactic,after,koparma,"isteği,","isteği,",kopar-NMLZ,kopar-ma,46,53,54,61,18,19,20,22,45
30,25,post_cue,False,1003,"Gök haritamızda Kova neredeyse, orada bağları koparma isteği, başkaldırı, yenilikçi ve ilerici bir tutum görülecektir.",nominalizer,syntactic,after,koparma,"isteği,","isteği,",kopar-NMLZ,kopar-ma,46,53,54,61,18,19,20,22,45
30,26,post_cue,False,1004,"Gök haritamızda Kova neredeyse, orada bağları koparma isteği, başkaldırı, yenilikçi ve ilerici bir tutum görülecektir.",nominalizer,syntactic,after,koparma,"isteği,","isteği,",kopar-NMLZ,kopar-ma,46,53,54,61,18,19,20,22,45
30,27,post_cue,False,1005,"Gök haritamızda Kova neredeyse, orada bağları koparma isteği, başkaldırı, yenilikçi ve ilerici bir tutum görülecektir.",nominalizer,syntactic,after,koparma,"isteği,","isteği,",kopar-NMLZ,kopar-ma,46,53,54,61,18,19,20,22,45
30,28,post_cue,False,1006,"Gök haritamızda Kova neredeyse, orada bağları koparma isteği, başkaldırı, yenilikçi ve ilerici bir tutum görülecektir.",nominalizer,syntactic,after,koparma,"isteği,","isteği,",kopar-NMLZ,kopar-ma,46,53,54,61,18,19,20,22,45
30,29,post_cue,False,1007,"Gök haritamızda Kova neredeyse, orada bağları koparma isteği, başkaldırı, yenilikçi ve ilerici bir tutum görülecektir.",nominalizer,syntactic,after,koparma,"isteği,","isteği,",kopar-NMLZ,kopar-ma,46,53,54,61,18,19,20,22,45
30,30,post_cue,False,1008,"Gök haritamızda Kova neredeyse, orada bağları koparma isteği, başkaldırı, yenilikçi ve ilerici bir tutum görülecektir.",nominalizer,syntactic,after,koparma,"isteği,","isteği,",kopar-NMLZ,kopar-ma,46,53,54,61,18,19,20,22,45
30,31,post_cue,False,1009,"Gök haritamızda Kova neredeyse, orada bağları koparma isteği, başkaldırı, yenilikçi ve ilerici bir tutum görülecektir.",nominalizer,syntactic,after,koparma,"isteği,","isteği,",kopar-NMLZ,kopar-ma,46,53,54,61,18,19,20,22,45
30,32,post_cue,False,1010,"Gök haritamızda Kova neredeyse, orada bağları koparma isteği, başkaldırı, yenilikçi ve ilerici bir tutum görülecektir.",nominalizer,syntactic,after,koparma,"isteği,","isteği,",kopar-NMLZ,kopar-ma,46,53,54,61,18,19,20,22,45
30,33,post_cue,False,1011,"Gök haritamızda Kova neredeyse, orada bağları koparma isteği, başkaldırı, yenilikçi ve ilerici bir tutum görülecektir.",nominalizer,syntactic,after,koparma,"isteği,","isteği,",kopar-NMLZ,kopar-ma,46,53,54,61,18,19,20,22,45
30,34,post_cue,False,1012,"Gök haritamızda Kova neredeyse, orada bağları koparma isteği, başkaldırı, yenilikçi ve ilerici bir tutum görülecektir.",nominalizer,syntactic,after,koparma,"isteği,","isteği,",kopar-NMLZ,kopar-ma,46,53,54,61,18,19,20,22,45
30,35,post_cue,False,1013,"Gök haritamızda Kova neredeyse, orada bağları koparma isteği, başkaldırı, yenilikçi ve ilerici bir tutum görülecektir.",nominalizer,syntactic,after,koparma,"isteği,","isteği,",kopar-NMLZ,kopar-ma,46,53,54,61,18,19,20,22,45
30,36,post_cue,False,1014,"Gök haritamızda Kova neredeyse, orada bağları koparma isteği, başkaldırı, yenilikçi ve ilerici bir tutum görülecektir.",nominalizer,syntactic,after,koparma,"isteği,","isteği,",kopar-NMLZ,kopar-ma,46,53,54,61,18,19,20,22,45
30,37,post_cue,False,1015,"Gök haritamızda Kova neredeyse, orada bağları koparma isteği, başkaldırı, yenilikçi ve ilerici bir tutum görülecektir.",nominalizer,syntactic,after,koparma,"isteği,","isteği,",kopar-NMLZ,kopar-ma,46,53,54,61,18,19,20,22,45
30,38,post_cue,False,1016,"Gök haritamızda Kova neredeyse, orada bağları koparma isteği, başkaldırı, yenilikçi ve ilerici bir tutum görülecektir.",nominalizer,syntactic,after,koparma,"isteği,","isteği,",kopar-NMLZ,kopar-ma,46,53,54,61,18,19,20,22,45
30,39,post_cue,False,1017,"Gök haritamızda Kova neredeyse, orada bağları koparma isteği, başkaldırı, yenilikçi ve ilerici bir tutum görülecektir.",nominalizer,syntactic,after,koparma,"isteği,","isteği,",kopar-NMLZ,kopar-ma,46,53,54,61,18,19,20,22,45
30,40,post_cue,False,1018,"Gök haritamızda Kova neredeyse, orada bağları koparma isteği, başkaldırı, yenilikçi ve ilerici bir tutum görülecektir.",nominalizer,syntactic,after,koparma,"isteği,","isteği,",kopar-NMLZ,kopar-ma,46,53,54,61,18,19,20,22,45
30,41,post_cue,False,1019,"Gök haritamızda Kova neredeyse, orada bağları koparma isteği, başkaldırı, yenilikçi ve ilerici bir tutum görülecektir.",nominalizer,syntactic,after,koparma,"isteği,","isteği,",kopar-NMLZ,kopar-ma,46,53,54,61,18,19,20,22,45
30,42,post_cue,False,1020,"Gök haritamızda Kova neredeyse, orada bağları koparma isteği, başkaldırı, yenilikçi ve ilerici bir tutum görülecektir.",nominalizer,syntactic,after,koparma,"isteği,","isteği,",kopar-NMLZ,kopar-ma,46,53,54,61,18,19,20,22,45
30,43,post_cue,False,1021,"Gök haritamızda Kova neredeyse, orada bağları koparma isteği, başkaldırı, yenilikçi ve ilerici bir tutum görülecektir.",nominalizer,syntactic,after,koparma,"isteği,","isteği,",kopar-NMLZ,kopar-ma,46,53,54,61,18,19,20,22,45
30,44,full_sentence,True,1022,"Gök haritamızda Kova neredeyse, orada bağları koparma isteği, başkaldırı, yenilikçi ve ilerici bir tutum görülecektir.",nominalizer,syntactic,after,koparma,"isteği,","isteği,",kopar-NMLZ,kopar-ma,46,53,54,61,18,19,20,22,45
31,0,pre_ambiguity,False,1023,"Yani sen de bir patron olarak katma böyle değer, yakışıyor mu sana Allah aşkına!",negation,syntactic,after,katma,böyle,değer,kat-NEG.IMP.2SG,kat-ma,30,35,36,47,7,8,9,10,22
31,1,pre_ambiguity,False,1024,"Yani sen de bir patron olarak katma böyle değer, yakışıyor mu sana Allah aşkına!",negation,syntactic,after,katma,böyle,değer,kat-NEG.IMP.2SG,kat-ma,30,35,36,47,7,8,9,10,22
31,2,pre_ambiguity,False,1025,"Yani sen de bir patron olarak katma böyle değer, yakışıyor mu sana Allah aşkına!",negation,syntactic,after,katma,böyle,değer,kat-NEG.IMP.2SG,kat-ma,30,35,36,47,7,8,9,10,22
31,3,pre_ambiguity,False,1026,"Yani sen de bir patron olarak katma böyle değer, yakışıyor mu sana Allah aşkına!",negation,syntactic,after,katma,böyle,değer,kat-NEG.IMP.2SG,kat-ma,30,35,36,47,7,8,9,10,22
31,4,pre_ambiguity,False,1027,"Yani sen de bir patron olarak katma böyle değer, yakışıyor mu sana Allah aşkına!",negation,syntactic,after,katma,böyle,değer,kat-NEG.IMP.2SG,kat-ma,30,35,36,47,7,8,9,10,22
31,5,pre_ambiguity,False,1028,"Yani sen de bir patron olarak katma böyle değer, yakışıyor mu sana Allah aşkına!",negation,syntactic,after,katma,böyle,değer,kat-NEG.IMP.2SG,kat-ma,30,35,36,47,7,8,9,10,22
31,6,pre_ambiguity,False,1029,"Yani sen de bir patron olarak katma böyle değer, yakışıyor mu sana Allah aşkına!",negation,syntactic,after,katma,böyle,değer,kat-NEG.IMP.2SG,kat-ma,30,35,36,47,7,8,9,10,22
31,7,ambiguity_onset,False,1030,"Yani sen de bir patron olarak katma böyle değer, yakışıyor mu sana Allah aşkına!",negation,syntactic,after,katma,böyle,değer,kat-NEG.IMP.2SG,kat-ma,30,35,36,47,7,8,9,10,22
31,8,ambiguity_onset,False,1031,"Yani sen de bir patron olarak katma böyle değer, yakışıyor mu sana Allah aşkına!",negation,syntactic,after,katma,böyle,değer,kat-NEG.IMP.2SG,kat-ma,30,35,36,47,7,8,9,10,22
31,9,cue_onset,False,1032,"Yani sen de bir patron olarak katma böyle değer, yakışıyor mu sana Allah aşkına!",negation,syntactic,after,katma,böyle,değer,kat-NEG.IMP.2SG,kat-ma,30,35,36,47,7,8,9,10,22
31,10,cue_onset,False,1033,"Yani sen de bir patron olarak katma böyle değer, yakışıyor mu sana Allah aşkına!",negation,syntactic,after,katma,böyle,değer,kat-NEG.IMP.2SG,kat-ma,30,35,36,47,7,8,9,10,22
31,11,post_cue,False,1034,"Yani sen de bir patron olarak katma böyle değer, yakışıyor mu sana Allah aşkına!",negation,syntactic,after,katma,böyle,değer,kat-NEG.IMP.2SG,kat-ma,30,35,36,47,7,8,9,10,22
31,12,post_cue,False,1035,"Yani sen de bir patron olarak katma böyle değer, yakışıyor mu sana Allah aşkına!",negation,syntactic,after,katma,böyle,değer,kat-NEG.IMP.2SG,kat-ma,30,35,36,47,7,8,9,10,22
31,13,post_cue,False,1036,"Yani sen de bir patron olarak katma böyle değer, yakışıyor mu sana Allah aşkına!",negation,syntactic,after,katma,böyle,değer,kat-NEG.IMP.2SG,kat-ma,30,35,36,47,7,8,9,10,22
31,14,post_cue,False,1037,"Yani sen de bir patron olarak katma böyle değer, yakışıyor mu sana Allah aşkına!",negation,syntactic,after,katma,böyle,değer,kat-NEG.IMP.2SG,kat-ma,30,35,36,47,7,8,9,10,22
31,15,post_cue,False,1038,"Yani sen de bir patron olarak katma böyle değer, yakışıyor mu sana Allah aşkına!",negation,syntactic,after,katma,böyle,değer,kat-NEG.IMP.2SG,kat-ma,30,35,36,47,7,8,9,10,22
31,16,post_cue,False,1039,"Yani sen de bir patron olarak katma böyle değer, yakışıyor mu sana Allah aşkına!",negation,syntactic,after,katma,böyle,değer,kat-NEG.IMP.2SG,kat-ma,30,35,36,47,7,8,9,10,22
31,17,post_cue,False,1040,"Yani sen de bir patron olarak katma böyle değer, yakışıyor mu sana Allah aşkına!",negation,syntactic,after,katma,böyle,değer,kat-NEG.IMP.2SG,kat-ma,30,35,36,47,7,8,9,10,22
31,18,post_cue,False,1041,"Yani sen de bir patron olarak katma böyle değer, yakışıyor mu sana Allah aşkına!",negation,syntactic,after,katma,böyle,değer,kat-NEG.IMP.2SG,kat-ma,30,35,36,47,7,8,9,10,22
31,19,post_cue,False,1042,"Yani sen de bir patron olarak katma böyle değer, yakışıyor mu sana Allah aşkına!",negation,syntactic,after,katma,böyle,değer,kat-NEG.IMP.2SG,kat-ma,30,35,36,47,7,8,9,10,22
31,20,post_cue,False,1043,"Yani sen de bir patron olarak katma böyle değer, yakışıyor mu sana Allah aşkına!",negation,syntactic,after,katma,böyle,değer,kat-NEG.IMP.2SG,kat-ma,30,35,36,47,7,8,9,10,22
31,21,full_sentence,True,1044,"Yani sen de bir patron olarak katma böyle değer, yakışıyor mu sana Allah aşkına!",negation,syntactic,after,katma,böyle,değer,kat-NEG.IMP.2SG,kat-ma,30,35,36,47,7,8,9,10,22
32,0,pre_ambiguity,False,1045,ARGE faaliyetleri sonucu yaratılan tahmini katma değer 60 milyon dolar civarında.,nominalizer,syntactic,after,katma,değer,civarında.,kat-NMLZ,kat-ma,43,48,49,81,13,14,15,27,28
32,1,pre_ambiguity,False,1046,ARGE faaliyetleri sonucu yaratılan tahmini katma değer 60 milyon dolar civarında.,nominalizer,syntactic,after,katma,değer,civarında.,kat-NMLZ,kat-ma,43,48,49,81,13,14,15,27,28
32,2,pre_ambiguity,False,1047,ARGE faaliyetleri sonucu yaratılan tahmini katma değer 60 milyon dolar civarında.,nominalizer,syntactic,after,katma,değer,civarında.,kat-NMLZ,kat-ma,43,48,49,81,13,14,15,27,28
32,3,pre_ambiguity,False,1048,ARGE faaliyetleri sonucu yaratılan tahmini katma değer 60 milyon dolar civarında.,nominalizer,syntactic,after,katma,değer,civarında.,kat-NMLZ,kat-ma,43,48,49,81,13,14,15,27,28
32,4,pre_ambiguity,False,1049,ARGE faaliyetleri sonucu yaratılan tahmini katma değer 60 milyon dolar civarında.,nominalizer,syntactic,after,katma,değer,civarında.,kat-NMLZ,kat-ma,43,48,49,81,13,14,15,27,28
32,5,pre_ambiguity,False,1050,ARGE faaliyetleri sonucu yaratılan tahmini katma değer 60 milyon dolar civarında.,nominalizer,syntactic,after,katma,değer,civarında.,kat-NMLZ,kat-ma,43,48,49,81,13,14,15,27,28
32,6,pre_ambiguity,False,1051,ARGE faaliyetleri sonucu yaratılan tahmini katma değer 60 milyon dolar civarında.,nominalizer,syntactic,after,katma,değer,civarında.,kat-NMLZ,kat-ma,43,48,49,81,13,14,15,27,28
32,7,pre_ambiguity,False,1052,ARGE faaliyetleri sonucu yaratılan tahmini katma değer 60 milyon dolar civarında.,nominalizer,syntactic,after,katma,değer,civarında.,kat-NMLZ,kat-ma,43,48,49,81,13,14,15,27,28
32,8,pre_ambiguity,False,1053,ARGE faaliyetleri sonucu yaratılan tahmini katma değer 60 milyon dolar civarında.,nominalizer,syntactic,after,katma,değer,civarında.,kat-NMLZ,kat-ma,43,48,49,81,13,14,15,27,28
32,9,pre_ambiguity,False,1054,ARGE faaliyetleri sonucu yaratılan tahmini katma değer 60 milyon dolar civarında.,nominalizer,syntactic,after,katma,değer,civarında.,kat-NMLZ,kat-ma,43,48,49,81,13,14,15,27,28
32,10,pre_ambiguity,False,1055,ARGE faaliyetleri sonucu yaratılan tahmini katma değer 60 milyon dolar civarında.,nominalizer,syntactic,after,katma,değer,civarında.,kat-NMLZ,kat-ma,43,48,49,81,13,14,15,27,28
32,11,pre_ambiguity,False,1056,ARGE faaliyetleri sonucu yaratılan tahmini katma değer 60 milyon dolar civarında.,nominalizer,syntactic,after,katma,değer,civarında.,kat-NMLZ,kat-ma,43,48,49,81,13,14,15,27,28
32,12,pre_ambiguity,False,1057,ARGE faaliyetleri sonucu yaratılan tahmini katma değer 60 milyon dolar civarında.,nominalizer,syntactic,after,katma,değer,civarında.,kat-NMLZ,kat-ma,43,48,49,81,13,14,15,27,28
32,13,ambiguity_onset,False,1058,ARGE faaliyetleri sonucu yaratılan tahmini katma değer 60 milyon dolar civarında.,nominalizer,syntactic,after,katma,değer,civarında.,kat-NMLZ,kat-ma,43,48,49,81,13,14,15,27,28
32,14,ambiguity_onset,False,1059,ARGE faaliyetleri sonucu yaratılan tahmini katma değer 60 milyon dolar civarında.,nominalizer,syntactic,after,katma,değer,civarında.,kat-NMLZ,kat-ma,43,48,49,81,13,14,15,27,28
32,15,cue_onset,False,1060,ARGE faaliyetleri sonucu yaratılan tahmini katma değer 60 milyon dolar civarında.,nominalizer,syntactic,after,katma,değer,civarında.,kat-NMLZ,kat-ma,43,48,49,81,13,14,15,27,28
32,16,cue_onset,False,1061,ARGE faaliyetleri sonucu yaratılan tahmini katma değer 60 milyon dolar civarında.,nominalizer,syntactic,after,katma,değer,civarında.,kat-NMLZ,kat-ma,43,48,49,81,13,14,15,27,28
32,17,cue_onset,False,1062,ARGE faaliyetleri sonucu yaratılan tahmini katma değer 60 milyon dolar civarında.,nominalizer,syntactic,after,katma,değer,civarında.,kat-NMLZ,kat-ma,43,48,49,81,13,14,15,27,28
32,18,cue_onset,False,1063,ARGE faaliyetleri sonucu yaratılan tahmini katma değer 60 milyon dolar civarında.,nominalizer,syntactic,after,katma,değer,civarında.,kat-NMLZ,kat-ma,43,48,49,81,13,14,15,27,28
32,19,cue_onset,False,1064,ARGE faaliyetleri sonucu yaratılan tahmini katma değer 60 milyon dolar civarında.,nominalizer,syntactic,after,katma,değer,civarında.,kat-NMLZ,kat-ma,43,48,49,81,13,14,15,27,28
32,20,cue_onset,False,1065,ARGE faaliyetleri sonucu yaratılan tahmini katma değer 60 milyon dolar civarında.,nominalizer,syntactic,after,katma,değer,civarında.,kat-NMLZ,kat-ma,43,48,49,81,13,14,15,27,28
32,21,cue_onset,False,1066,ARGE faaliyetleri sonucu yaratılan tahmini katma değer 60 milyon dolar civarında.,nominalizer,syntactic,after,katma,değer,civarında.,kat-NMLZ,kat-ma,43,48,49,81,13,14,15,27,28
32,22,cue_onset,False,1067,ARGE faaliyetleri sonucu yaratılan tahmini katma değer 60 milyon dolar civarında.,nominalizer,syntactic,after,katma,değer,civarında.,kat-NMLZ,kat-ma,43,48,49,81,13,14,15,27,28
32,23,cue_onset,False,1068,ARGE faaliyetleri sonucu yaratılan tahmini katma değer 60 milyon dolar civarında.,nominalizer,syntactic,after,katma,değer,civarında.,kat-NMLZ,kat-ma,43,48,49,81,13,14,15,27,28
32,24,cue_onset,False,1069,ARGE faaliyetleri sonucu yaratılan tahmini katma değer 60 milyon dolar civarında.,nominalizer,syntactic,after,katma,değer,civarında.,kat-NMLZ,kat-ma,43,48,49,81,13,14,15,27,28
32,25,cue_onset,False,1070,ARGE faaliyetleri sonucu yaratılan tahmini katma değer 60 milyon dolar civarında.,nominalizer,syntactic,after,katma,değer,civarında.,kat-NMLZ,kat-ma,43,48,49,81,13,14,15,27,28
32,26,cue_onset,False,1071,ARGE faaliyetleri sonucu yaratılan tahmini katma değer 60 milyon dolar civarında.,nominalizer,syntactic,after,katma,değer,civarında.,kat-NMLZ,kat-ma,43,48,49,81,13,14,15,27,28
32,27,full_sentence,True,1072,ARGE faaliyetleri sonucu yaratılan tahmini katma değer 60 milyon dolar civarında.,nominalizer,syntactic,after,katma,değer,civarında.,kat-NMLZ,kat-ma,43,48,49,81,13,14,15,27,28
33,0,pre_ambiguity,False,1073,"Merak etme hiç, kısa tutacağım .",negation,syntactic,after,etme,"hiç,","hiç,",et-NEG.IMP.2SG,et-me,6,10,11,15,2,3,4,5,12
33,1,pre_ambiguity,False,1074,"Merak etme hiç, kısa tutacağım .",negation,syntactic,after,etme,"hiç,","hiç,",et-NEG.IMP.2SG,et-me,6,10,11,15,2,3,4,5,12
33,2,ambiguity_onset,False,1075,"Merak etme hiç, kısa tutacağım .",negation,syntactic,after,etme,"hiç,","hiç,",et-NEG.IMP.2SG,et-me,6,10,11,15,2,3,4,5,12
33,3,ambiguity_onset,False,1076,"Merak etme hiç, kısa tutacağım .",negation,syntactic,after,etme,"hiç,","hiç,",et-NEG.IMP.2SG,et-me,6,10,11,15,2,3,4,5,12
33,4,cue_onset,False,1077,"Merak etme hiç, kısa tutacağım .",negation,syntactic,after,etme,"hiç,","hiç,",et-NEG.IMP.2SG,et-me,6,10,11,15,2,3,4,5,12
33,5,cue_onset,False,1078,"Merak etme hiç, kısa tutacağım .",negation,syntactic,after,etme,"hiç,","hiç,",et-NEG.IMP.2SG,et-me,6,10,11,15,2,3,4,5,12
33,6,post_cue,False,1079,"Merak etme hiç, kısa tutacağım .",negation,syntactic,after,etme,"hiç,","hiç,",et-NEG.IMP.2SG,et-me,6,10,11,15,2,3,4,5,12
33,7,post_cue,False,1080,"Merak etme hiç, kısa tutacağım .",negation,syntactic,after,etme,"hiç,","hiç,",et-NEG.IMP.2SG,et-me,6,10,11,15,2,3,4,5,12
33,8,post_cue,False,1081,"Merak etme hiç, kısa tutacağım .",negation,syntactic,after,etme,"hiç,","hiç,",et-NEG.IMP.2SG,et-me,6,10,11,15,2,3,4,5,12
33,9,post_cue,False,1082,"Merak etme hiç, kısa tutacağım .",negation,syntactic,after,etme,"hiç,","hiç,",et-NEG.IMP.2SG,et-me,6,10,11,15,2,3,4,5,12
33,10,post_cue,False,1083,"Merak etme hiç, kısa tutacağım .",negation,syntactic,after,etme,"hiç,","hiç,",et-NEG.IMP.2SG,et-me,6,10,11,15,2,3,4,5,12
33,11,full_sentence,True,1084,"Merak etme hiç, kısa tutacağım .",negation,syntactic,after,etme,"hiç,","hiç,",et-NEG.IMP.2SG,et-me,6,10,11,15,2,3,4,5,12
34,0,pre_ambiguity,False,1085,"Merak etme aşkın doğasında vardır, seven merak eder.",nominalizer,semantic,after,etme,aşkın,"vardır,",et-NMLZ,et-me,6,10,11,34,2,3,4,10,17
34,1,pre_ambiguity,False,1086,"Merak etme aşkın doğasında vardır, seven merak eder.",nominalizer,semantic,after,etme,aşkın,"vardır,",et-NMLZ,et-me,6,10,11,34,2,3,4,10,17
34,2,ambiguity_onset,False,1087,"Merak etme aşkın doğasında vardır, seven merak eder.",nominalizer,semantic,after,etme,aşkın,"vardır,",et-NMLZ,et-me,6,10,11,34,2,3,4,10,17
34,3,ambiguity_onset,False,1088,"Merak etme aşkın doğasında vardır, seven merak eder.",nominalizer,semantic,after,etme,aşkın,"vardır,",et-NMLZ,et-me,6,10,11,34,2,3,4,10,17
34,4,cue_onset,False,1089,"Merak etme aşkın doğasında vardır, seven merak eder.",nominalizer,semantic,after,etme,aşkın,"vardır,",et-NMLZ,et-me,6,10,11,34,2,3,4,10,17
34,5,cue_onset,False,1090,"Merak etme aşkın doğasında vardır, seven merak eder.",nominalizer,semantic,after,etme,aşkın,"vardır,",et-NMLZ,et-me,6,10,11,34,2,3,4,10,17
34,6,cue_onset,False,1091,"Merak etme aşkın doğasında vardır, seven merak eder.",nominalizer,semantic,after,etme,aşkın,"vardır,",et-NMLZ,et-me,6,10,11,34,2,3,4,10,17
34,7,cue_onset,False,1092,"Merak etme aşkın doğasında vardır, seven merak eder.",nominalizer,semantic,after,etme,aşkın,"vardır,",et-NMLZ,et-me,6,10,11,34,2,3,4,10,17
34,8,cue_onset,False,1093,"Merak etme aşkın doğasında vardır, seven merak eder.",nominalizer,semantic,after,etme,aşkın,"vardır,",et-NMLZ,et-me,6,10,11,34,2,3,4,10,17
34,9,cue_onset,False,1094,"Merak etme aşkın doğasında vardır, seven merak eder.",nominalizer,semantic,after,etme,aşkın,"vardır,",et-NMLZ,et-me,6,10,11,34,2,3,4,10,17
34,10,cue_onset,False,1095,"Merak etme aşkın doğasında vardır, seven merak eder.",nominalizer,semantic,after,etme,aşkın,"vardır,",et-NMLZ,et-me,6,10,11,34,2,3,4,10,17
34,11,post_cue,False,1096,"Merak etme aşkın doğasında vardır, seven merak eder.",nominalizer,semantic,after,etme,aşkın,"vardır,",et-NMLZ,et-me,6,10,11,34,2,3,4,10,17
34,12,post_cue,False,1097,"Merak etme aşkın doğasında vardır, seven merak eder.",nominalizer,semantic,after,etme,aşkın,"vardır,",et-NMLZ,et-me,6,10,11,34,2,3,4,10,17
34,13,post_cue,False,1098,"Merak etme aşkın doğasında vardır, seven merak eder.",nominalizer,semantic,after,etme,aşkın,"vardır,",et-NMLZ,et-me,6,10,11,34,2,3,4,10,17
34,14,post_cue,False,1099,"Merak etme aşkın doğasında vardır, seven merak eder.",nominalizer,semantic,after,etme,aşkın,"vardır,",et-NMLZ,et-me,6,10,11,34,2,3,4,10,17
34,15,post_cue,False,1100,"Merak etme aşkın doğasında vardır, seven merak eder.",nominalizer,semantic,after,etme,aşkın,"vardır,",et-NMLZ,et-me,6,10,11,34,2,3,4,10,17
34,16,full_sentence,True,1101,"Merak etme aşkın doğasında vardır, seven merak eder.",nominalizer,semantic,after,etme,aşkın,"vardır,",et-NMLZ,et-me,6,10,11,34,2,3,4,10,17
35,0,pre_ambiguity,False,1102,"Seven merak eder ama sen sakın merak etme, bunaltırsın kızı.",negation,syntactic,before,etme,ama,merak,et-NEG.IMP.2SG,et-me,37,41,17,36,11,12,5,10,21
35,1,pre_ambiguity,False,1103,"Seven merak eder ama sen sakın merak etme, bunaltırsın kızı.",negation,syntactic,before,etme,ama,merak,et-NEG.IMP.2SG,et-me,37,41,17,36,11,12,5,10,21
35,2,pre_ambiguity,False,1104,"Seven merak eder ama sen sakın merak etme, bunaltırsın kızı.",negation,syntactic,before,etme,ama,merak,et-NEG.IMP.2SG,et-me,37,41,17,36,11,12,5,10,21
35,3,pre_ambiguity,False,1105,"Seven merak eder ama sen sakın merak etme, bunaltırsın kızı.",negation,syntactic,before,etme,ama,merak,et-NEG.IMP.2SG,et-me,37,41,17,36,11,12,5,10,21
35,4,pre_ambiguity,False,1106,"Seven merak eder ama sen sakın merak etme, bunaltırsın kızı.",negation,syntactic,before,etme,ama,merak,et-NEG.IMP.2SG,et-me,37,41,17,36,11,12,5,10,21
35,5,cue_onset,False,1107,"Seven merak eder ama sen sakın merak etme, bunaltırsın kızı.",negation,syntactic,before,etme,ama,merak,et-NEG.IMP.2SG,et-me,37,41,17,36,11,12,5,10,21
35,6,cue_onset,False,1108,"Seven merak eder ama sen sakın merak etme, bunaltırsın kızı.",negation,syntactic,before,etme,ama,merak,et-NEG.IMP.2SG,et-me,37,41,17,36,11,12,5,10,21
35,7,cue_onset,False,1109,"Seven merak eder ama sen sakın merak etme, bunaltırsın kızı.",negation,syntactic,before,etme,ama,merak,et-NEG.IMP.2SG,et-me,37,41,17,36,11,12,5,10,21
35,8,cue_onset,False,1110,"Seven merak eder ama sen sakın merak etme, bunaltırsın kızı.",negation,syntactic,before,etme,ama,merak,et-NEG.IMP.2SG,et-me,37,41,17,36,11,12,5,10,21
35,9,cue_onset,False,1111,"Seven merak eder ama sen sakın merak etme, bunaltırsın kızı.",negation,syntactic,before,etme,ama,merak,et-NEG.IMP.2SG,et-me,37,41,17,36,11,12,5,10,21
35,10,cue_onset,False,1112,"Seven merak eder ama sen sakın merak etme, bunaltırsın kızı.",negation,syntactic,before,etme,ama,merak,et-NEG.IMP.2SG,et-me,37,41,17,36,11,12,5,10,21
35,11,ambiguity_onset,False,1113,"Seven merak eder ama sen sakın merak etme, bunaltırsın kızı.",negation,syntactic,before,etme,ama,merak,et-NEG.IMP.2SG,et-me,37,41,17,36,11,12,5,10,21
35,12,ambiguity_onset,False,1114,"Seven merak eder ama sen sakın merak etme, bunaltırsın kızı.",negation,syntactic,before,etme,ama,merak,et-NEG.IMP.2SG,et-me,37,41,17,36,11,12,5,10,21
35,13,post_cue,False,1115,"Seven merak eder ama sen sakın merak etme, bunaltırsın kızı.",negation,syntactic,before,etme,ama,merak,et-NEG.IMP.2SG,et-me,37,41,17,36,11,12,5,10,21
35,14,post_cue,False,1116,"Seven merak eder ama sen sakın merak etme, bunaltırsın kızı.",negation,syntactic,before,etme,ama,merak,et-NEG.IMP.2SG,et-me,37,41,17,36,11,12,5,10,21
35,15,post_cue,False,1117,"Seven merak eder ama sen sakın merak etme, bunaltırsın kızı.",negation,syntactic,before,etme,ama,merak,et-NEG.IMP.2SG,et-me,37,41,17,36,11,12,5,10,21
35,16,post_cue,False,1118,"Seven merak eder ama sen sakın merak etme, bunaltırsın kızı.",negation,syntactic,before,etme,ama,merak,et-NEG.IMP.2SG,et-me,37,41,17,36,11,12,5,10,21
35,17,post_cue,False,1119,"Seven merak eder ama sen sakın merak etme, bunaltırsın kızı.",negation,syntactic,before,etme,ama,merak,et-NEG.IMP.2SG,et-me,37,41,17,36,11,12,5,10,21
35,18,post_cue,False,1120,"Seven merak eder ama sen sakın merak etme, bunaltırsın kızı.",negation,syntactic,before,etme,ama,merak,et-NEG.IMP.2SG,et-me,37,41,17,36,11,12,5,10,21
35,19,post_cue,False,1121,"Seven merak eder ama sen sakın merak etme, bunaltırsın kızı.",negation,syntactic,before,etme,ama,merak,et-NEG.IMP.2SG,et-me,37,41,17,36,11,12,5,10,21
35,20,full_sentence,True,1122,"Seven merak eder ama sen sakın merak etme, bunaltırsın kızı.",negation,syntactic,before,etme,ama,merak,et-NEG.IMP.2SG,et-me,37,41,17,36,11,12,5,10,21
36,0,pre_ambiguity,False,1123,"Seven merak eder, merak etme aşkın doğasında vardır.",nominalizer,semantic,before,etme,merak,merak,et-NMLZ,et-me,24,28,6,23,8,9,1,7,17
36,1,cue_onset,False,1124,"Seven merak eder, merak etme aşkın doğasında vardır.",nominalizer,semantic,before,etme,merak,merak,et-NMLZ,et-me,24,28,6,23,8,9,1,7,17
36,2,cue_onset,False,1125,"Seven merak eder, merak etme aşkın doğasında vardır.",nominalizer,semantic,before,etme,merak,merak,et-NMLZ,et-me,24,28,6,23,8,9,1,7,17
36,3,cue_onset,False,1126,"Seven merak eder, merak etme aşkın doğasında vardır.",nominalizer,semantic,before,etme,merak,merak,et-NMLZ,et-me,24,28,6,23,8,9,1,7,17
36,4,cue_onset,False,1127,"Seven merak eder, merak etme aşkın doğasında vardır.",nominalizer,semantic,before,etme,merak,merak,et-NMLZ,et-me,24,28,6,23,8,9,1,7,17
36,5,cue_onset,False,1128,"Seven merak eder, merak etme aşkın doğasında vardır.",nominalizer,semantic,before,etme,merak,merak,et-NMLZ,et-me,24,28,6,23,8,9,1,7,17
36,6,cue_onset,False,1129,"Seven merak eder, merak etme aşkın doğasında vardır.",nominalizer,semantic,before,etme,merak,merak,et-NMLZ,et-me,24,28,6,23,8,9,1,7,17
36,7,cue_onset,False,1130,"Seven merak eder, merak etme aşkın doğasında vardır.",nominalizer,semantic,before,etme,merak,merak,et-NMLZ,et-me,24,28,6,23,8,9,1,7,17
36,8,ambiguity_onset,False,1131,"Seven merak eder, merak etme aşkın doğasında vardır.",nominalizer,semantic,before,etme,merak,merak,et-NMLZ,et-me,24,28,6,23,8,9,1,7,17
36,9,ambiguity_onset,False,1132,"Seven merak eder, merak etme aşkın doğasında vardır.",nominalizer,semantic,before,etme,merak,merak,et-NMLZ,et-me,24,28,6,23,8,9,1,7,17
36,10,post_cue,False,1133,"Seven merak eder, merak etme aşkın doğasında vardır.",nominalizer,semantic,before,etme,merak,merak,et-NMLZ,et-me,24,28,6,23,8,9,1,7,17
36,11,post_cue,False,1134,"Seven merak eder, merak etme aşkın doğasında vardır.",nominalizer,semantic,before,etme,merak,merak,et-NMLZ,et-me,24,28,6,23,8,9,1,7,17
36,12,post_cue,False,1135,"Seven merak eder, merak etme aşkın doğasında vardır.",nominalizer,semantic,before,etme,merak,merak,et-NMLZ,et-me,24,28,6,23,8,9,1,7,17
36,13,post_cue,False,1136,"Seven merak eder, merak etme aşkın doğasında vardır.",nominalizer,semantic,before,etme,merak,merak,et-NMLZ,et-me,24,28,6,23,8,9,1,7,17
36,14,post_cue,False,1137,"Seven merak eder, merak etme aşkın doğasında vardır.",nominalizer,semantic,before,etme,merak,merak,et-NMLZ,et-me,24,28,6,23,8,9,1,7,17
36,15,post_cue,False,1138,"Seven merak eder, merak etme aşkın doğasında vardır.",nominalizer,semantic,before,etme,merak,merak,et-NMLZ,et-me,24,28,6,23,8,9,1,7,17
36,16,full_sentence,True,1139,"Seven merak eder, merak etme aşkın doğasında vardır.",nominalizer,semantic,before,etme,merak,merak,et-NMLZ,et-me,24,28,6,23,8,9,1,7,17
37,0,pre_ambiguity,False,1140,Dönemin Tercüman gazetesinde sistemli olarak Pol-Der aleyhine bir karalama kampanyası yürütülüyordu.,nominalizer,syntactic,before,karalama,Pol-Der,bir,karala-NMLZ,karala-ma,66,74,45,65,21,23,13,20,33
37,1,pre_ambiguity,False,1141,Dönemin Tercüman gazetesinde sistemli olarak Pol-Der aleyhine bir karalama kampanyası yürütülüyordu.,nominalizer,syntactic,before,karalama,Pol-Der,bir,karala-NMLZ,karala-ma,66,74,45,65,21,23,13,20,33
37,2,pre_ambiguity,False,1142,Dönemin Tercüman gazetesinde sistemli olarak Pol-Der aleyhine bir karalama kampanyası yürütülüyordu.,nominalizer,syntactic,before,karalama,Pol-Der,bir,karala-NMLZ,karala-ma,66,74,45,65,21,23,13,20,33
37,3,pre_ambiguity,False,1143,Dönemin Tercüman gazetesinde sistemli olarak Pol-Der aleyhine bir karalama kampanyası yürütülüyordu.,nominalizer,syntactic,before,karalama,Pol-Der,bir,karala-NMLZ,karala-ma,66,74,45,65,21,23,13,20,33
37,4,pre_ambiguity,False,1144,Dönemin Tercüman gazetesinde sistemli olarak Pol-Der aleyhine bir karalama kampanyası yürütülüyordu.,nominalizer,syntactic,before,karalama,Pol-Der,bir,karala-NMLZ,karala-ma,66,74,45,65,21,23,13,20,33
37,5,pre_ambiguity,False,1145,Dönemin Tercüman gazetesinde sistemli olarak Pol-Der aleyhine bir karalama kampanyası yürütülüyordu.,nominalizer,syntactic,before,karalama,Pol-Der,bir,karala-NMLZ,karala-ma,66,74,45,65,21,23,13,20,33
37,6,pre_ambiguity,False,1146,Dönemin Tercüman gazetesinde sistemli olarak Pol-Der aleyhine bir karalama kampanyası yürütülüyordu.,nominalizer,syntactic,before,karalama,Pol-Der,bir,karala-NMLZ,karala-ma,66,74,45,65,21,23,13,20,33
37,7,pre_ambiguity,False,1147,Dönemin Tercüman gazetesinde sistemli olarak Pol-Der aleyhine bir karalama kampanyası yürütülüyordu.,nominalizer,syntactic,before,karalama,Pol-Der,bir,karala-NMLZ,karala-ma,66,74,45,65,21,23,13,20,33
37,8,pre_ambiguity,False,1148,Dönemin Tercüman gazetesinde sistemli olarak Pol-Der aleyhine bir karalama kampanyası yürütülüyordu.,nominalizer,syntactic,before,karalama,Pol-Der,bir,karala-NMLZ,karala-ma,66,74,45,65,21,23,13,20,33
37,9,pre_ambiguity,False,1149,Dönemin Tercüman gazetesinde sistemli olarak Pol-Der aleyhine bir karalama kampanyası yürütülüyordu.,nominalizer,syntactic,before,karalama,Pol-Der,bir,karala-NMLZ,karala-ma,66,74,45,65,21,23,13,20,33
37,10,pre_ambiguity,False,1150,Dönemin Tercüman gazetesinde sistemli olarak Pol-Der aleyhine bir karalama kampanyası yürütülüyordu.,nominalizer,syntactic,before,karalama,Pol-Der,bir,karala-NMLZ,karala-ma,66,74,45,65,21,23,13,20,33
37,11,pre_ambiguity,False,1151,Dönemin Tercüman gazetesinde sistemli olarak Pol-Der aleyhine bir karalama kampanyası yürütülüyordu.,nominalizer,syntactic,before,karalama,Pol-Der,bir,karala-NMLZ,karala-ma,66,74,45,65,21,23,13,20,33
37,12,pre_ambiguity,False,1152,Dönemin Tercüman gazetesinde sistemli olarak Pol-Der aleyhine bir karalama kampanyası yürütülüyordu.,nominalizer,syntactic,before,karalama,Pol-Der,bir,karala-NMLZ,karala-ma,66,74,45,65,21,23,13,20,33
37,13,cue_onset,False,1153,Dönemin Tercüman gazetesinde sistemli olarak Pol-Der aleyhine bir karalama kampanyası yürütülüyordu.,nominalizer,syntactic,before,karalama,Pol-Der,bir,karala-NMLZ,karala-ma,66,74,45,65,21,23,13,20,33
37,14,cue_onset,False,1154,Dönemin Tercüman gazetesinde sistemli olarak Pol-Der aleyhine bir karalama kampanyası yürütülüyordu.,nominalizer,syntactic,before,karalama,Pol-Der,bir,karala-NMLZ,karala-ma,66,74,45,65,21,23,13,20,33
37,15,cue_onset,False,1155,Dönemin Tercüman gazetesinde sistemli olarak Pol-Der aleyhine bir karalama kampanyası yürütülüyordu.,nominalizer,syntactic,before,karalama,Pol-Der,bir,karala-NMLZ,karala-ma,66,74,45,65,21,23,13,20,33
37,16,cue_onset,False,1156,Dönemin Tercüman gazetesinde sistemli olarak Pol-Der aleyhine bir karalama kampanyası yürütülüyordu.,nominalizer,syntactic,before,karalama,Pol-Der,bir,karala-NMLZ,karala-ma,66,74,45,65,21,23,13,20,33
37,17,cue_onset,False,1157,Dönemin Tercüman gazetesinde sistemli olarak Pol-Der aleyhine bir karalama kampanyası yürütülüyordu.,nominalizer,syntactic,before,karalama,Pol-Der,bir,karala-NMLZ,karala-ma,66,74,45,65,21,23,13,20,33
37,18,cue_onset,False,1158,Dönemin Tercüman gazetesinde sistemli olarak Pol-Der aleyhine bir karalama kampanyası yürütülüyordu.,nominalizer,syntactic,before,karalama,Pol-Der,bir,karala-NMLZ,karala-ma,66,74,45,65,21,23,13,20,33
37,19,cue_onset,False,1159,Dönemin Tercüman gazetesinde sistemli olarak Pol-Der aleyhine bir karalama kampanyası yürütülüyordu.,nominalizer,syntactic,before,karalama,Pol-Der,bir,karala-NMLZ,karala-ma,66,74,45,65,21,23,13,20,33
37,20,cue_onset,False,1160,Dönemin Tercüman gazetesinde sistemli olarak Pol-Der aleyhine bir karalama kampanyası yürütülüyordu.,nominalizer,syntactic,before,karalama,Pol-Der,bir,karala-NMLZ,karala-ma,66,74,45,65,21,23,13,20,33
37,21,ambiguity_onset,False,1161,Dönemin Tercüman gazetesinde sistemli olarak Pol-Der aleyhine bir karalama kampanyası yürütülüyordu.,nominalizer,syntactic,before,karalama,Pol-Der,bir,karala-NMLZ,karala-ma,66,74,45,65,21,23,13,20,33
37,22,ambiguity_onset,False,1162,Dönemin Tercüman gazetesinde sistemli olarak Pol-Der aleyhine bir karalama kampanyası yürütülüyordu.,nominalizer,syntactic,before,karalama,Pol-Der,bir,karala-NMLZ,karala-ma,66,74,45,65,21,23,13,20,33
37,23,ambiguity_onset,False,1163,Dönemin Tercüman gazetesinde sistemli olarak Pol-Der aleyhine bir karalama kampanyası yürütülüyordu.,nominalizer,syntactic,before,karalama,Pol-Der,bir,karala-NMLZ,karala-ma,66,74,45,65,21,23,13,20,33
37,24,post_cue,False,1164,Dönemin Tercüman gazetesinde sistemli olarak Pol-Der aleyhine bir karalama kampanyası yürütülüyordu.,nominalizer,syntactic,before,karalama,Pol-Der,bir,karala-NMLZ,karala-ma,66,74,45,65,21,23,13,20,33
37,25,post_cue,False,1165,Dönemin Tercüman gazetesinde sistemli olarak Pol-Der aleyhine bir karalama kampanyası yürütülüyordu.,nominalizer,syntactic,before,karalama,Pol-Der,bir,karala-NMLZ,karala-ma,66,74,45,65,21,23,13,20,33
37,26,post_cue,False,1166,Dönemin Tercüman gazetesinde sistemli olarak Pol-Der aleyhine bir karalama kampanyası yürütülüyordu.,nominalizer,syntactic,before,karalama,Pol-Der,bir,karala-NMLZ,karala-ma,66,74,45,65,21,23,13,20,33
37,27,post_cue,False,1167,Dönemin Tercüman gazetesinde sistemli olarak Pol-Der aleyhine bir karalama kampanyası yürütülüyordu.,nominalizer,syntactic,before,karalama,Pol-Der,bir,karala-NMLZ,karala-ma,66,74,45,65,21,23,13,20,33
37,28,post_cue,False,1168,Dönemin Tercüman gazetesinde sistemli olarak Pol-Der aleyhine bir karalama kampanyası yürütülüyordu.,nominalizer,syntactic,before,karalama,Pol-Der,bir,karala-NMLZ,karala-ma,66,74,45,65,21,23,13,20,33
37,29,post_cue,False,1169,Dönemin Tercüman gazetesinde sistemli olarak Pol-Der aleyhine bir karalama kampanyası yürütülüyordu.,nominalizer,syntactic,before,karalama,Pol-Der,bir,karala-NMLZ,karala-ma,66,74,45,65,21,23,13,20,33
37,30,post_cue,False,1170,Dönemin Tercüman gazetesinde sistemli olarak Pol-Der aleyhine bir karalama kampanyası yürütülüyordu.,nominalizer,syntactic,before,karalama,Pol-Der,bir,karala-NMLZ,karala-ma,66,74,45,65,21,23,13,20,33
37,31,post_cue,False,1171,Dönemin Tercüman gazetesinde sistemli olarak Pol-Der aleyhine bir karalama kampanyası yürütülüyordu.,nominalizer,syntactic,before,karalama,Pol-Der,bir,karala-NMLZ,karala-ma,66,74,45,65,21,23,13,20,33
37,32,full_sentence,True,1172,Dönemin Tercüman gazetesinde sistemli olarak Pol-Der aleyhine bir karalama kampanyası yürütülüyordu.,nominalizer,syntactic,before,karalama,Pol-Der,bir,karala-NMLZ,karala-ma,66,74,45,65,21,23,13,20,33
38,0,pre_ambiguity,False,1173,"Bürokrasi, iktidarını pekiştirirken önce gerçekçileşerek dünya devriminden vazgeçmiş ve tek ülkede sosyalizmi inşa etme yöntemi olarak ulusal kalkınmayı ve sanayileşmeyi öne çıkarmış, ardından ve buna uygun olarak, milliyetçiliği Marksizmin içsel ve doğal bir unsuru olarak teorize etmiştir.",nominalizer,syntactic,after,etme,yöntemi,yöntemi,et-NMLZ,et-me,115,119,120,127,37,38,39,40,93
38,1,pre_ambiguity,False,1174,"Bürokrasi, iktidarını pekiştirirken önce gerçekçileşerek dünya devriminden vazgeçmiş ve tek ülkede sosyalizmi inşa etme yöntemi olarak ulusal kalkınmayı ve sanayileşmeyi öne çıkarmış, ardından ve buna uygun olarak, milliyetçiliği Marksizmin içsel ve doğal bir unsuru olarak teorize etmiştir.",nominalizer,syntactic,after,etme,yöntemi,yöntemi,et-NMLZ,et-me,115,119,120,127,37,38,39,40,93
38,2,pre_ambiguity,False,1175,"Bürokrasi, iktidarını pekiştirirken önce gerçekçileşerek dünya devriminden vazgeçmiş ve tek ülkede sosyalizmi inşa etme yöntemi olarak ulusal kalkınmayı ve sanayileşmeyi öne çıkarmış, ardından ve buna uygun olarak, milliyetçiliği Marksizmin içsel ve doğal bir unsuru olarak teorize etmiştir.",nominalizer,syntactic,after,etme,yöntemi,yöntemi,et-NMLZ,et-me,115,119,120,127,37,38,39,40,93
38,3,pre_ambiguity,False,1176,"Bürokrasi, iktidarını pekiştirirken önce gerçekçileşerek dünya devriminden vazgeçmiş ve tek ülkede sosyalizmi inşa etme yöntemi olarak ulusal kalkınmayı ve sanayileşmeyi öne çıkarmış, ardından ve buna uygun olarak, milliyetçiliği Marksizmin içsel ve doğal bir unsuru olarak teorize etmiştir.",nominalizer,syntactic,after,etme,yöntemi,yöntemi,et-NMLZ,et-me,115,119,120,127,37,38,39,40,93
38,4,pre_ambiguity,False,1177,"Bürokrasi, iktidarını pekiştirirken önce gerçekçileşerek dünya devriminden vazgeçmiş ve tek ülkede sosyalizmi inşa etme yöntemi olarak ulusal kalkınmayı ve sanayileşmeyi öne çıkarmış, ardından ve buna uygun olarak, milliyetçiliği Marksizmin içsel ve doğal bir unsuru olarak teorize etmiştir.",nominalizer,syntactic,after,etme,yöntemi,yöntemi,et-NMLZ,et-me,115,119,120,127,37,38,39,40,93
38,5,pre_ambiguity,False,1178,"Bürokrasi, iktidarını pekiştirirken önce gerçekçileşerek dünya devriminden vazgeçmiş ve tek ülkede sosyalizmi inşa etme yöntemi olarak ulusal kalkınmayı ve sanayileşmeyi öne çıkarmış, ardından ve buna uygun olarak, milliyetçiliği Marksizmin içsel ve doğal bir unsuru olarak teorize etmiştir.",nominalizer,syntactic,after,etme,yöntemi,yöntemi,et-NMLZ,et-me,115,119,120,127,37,38,39,40,93
38,6,pre_ambiguity,False,1179,"Bürokrasi, iktidarını pekiştirirken önce gerçekçileşerek dünya devriminden vazgeçmiş ve tek ülkede sosyalizmi inşa etme yöntemi olarak ulusal kalkınmayı ve sanayileşmeyi öne çıkarmış, ardından ve buna uygun olarak, milliyetçiliği Marksizmin içsel ve doğal bir unsuru olarak teorize etmiştir.",nominalizer,syntactic,after,etme,yöntemi,yöntemi,et-NMLZ,et-me,115,119,120,127,37,38,39,40,93
38,7,pre_ambiguity,False,1180,"Bürokrasi, iktidarını pekiştirirken önce gerçekçileşerek dünya devriminden vazgeçmiş ve tek ülkede sosyalizmi inşa etme yöntemi olarak ulusal kalkınmayı ve sanayileşmeyi öne çıkarmış, ardından ve buna uygun olarak, milliyetçiliği Marksizmin içsel ve doğal bir unsuru olarak teorize etmiştir.",nominalizer,syntactic,after,etme,yöntemi,yöntemi,et-NMLZ,et-me,115,119,120,127,37,38,39,40,93
38,8,pre_ambiguity,False,1181,"Bürokrasi, iktidarını pekiştirirken önce gerçekçileşerek dünya devriminden vazgeçmiş ve tek ülkede sosyalizmi inşa etme yöntemi olarak ulusal kalkınmayı ve sanayileşmeyi öne çıkarmış, ardından ve buna uygun olarak, milliyetçiliği Marksizmin içsel ve doğal bir unsuru olarak teorize etmiştir.",nominalizer,syntactic,after,etme,yöntemi,yöntemi,et-NMLZ,et-me,115,119,120,127,37,38,39,40,93
38,9,pre_ambiguity,False,1182,"Bürokrasi, iktidarını pekiştirirken önce gerçekçileşerek dünya devriminden vazgeçmiş ve tek ülkede sosyalizmi inşa etme yöntemi olarak ulusal kalkınmayı ve sanayileşmeyi öne çıkarmış, ardından ve buna uygun olarak, milliyetçiliği Marksizmin içsel ve doğal bir unsuru olarak teorize etmiştir.",nominalizer,syntactic,after,etme,yöntemi,yöntemi,et-NMLZ,et-me,115,119,120,127,37,38,39,40,93
38,10,pre_ambiguity,False,1183,"Bürokrasi, iktidarını pekiştirirken önce gerçekçileşerek dünya devriminden vazgeçmiş ve tek ülkede sosyalizmi inşa etme yöntemi olarak ulusal kalkınmayı ve sanayileşmeyi öne çıkarmış, ardından ve buna uygun olarak, milliyetçiliği Marksizmin içsel ve doğal bir unsuru olarak teorize etmiştir.",nominalizer,syntactic,after,etme,yöntemi,yöntemi,et-NMLZ,et-me,115,119,120,127,37,38,39,40,93
38,11,pre_ambiguity,False,1184,"Bürokrasi, iktidarını pekiştirirken önce gerçekçileşerek dünya devriminden vazgeçmiş ve tek ülkede sosyalizmi inşa etme yöntemi olarak ulusal kalkınmayı ve sanayileşmeyi öne çıkarmış, ardından ve buna uygun olarak, milliyetçiliği Marksizmin içsel ve doğal bir unsuru olarak teorize etmiştir.",nominalizer,syntactic,after,etme,yöntemi,yöntemi,et-NMLZ,et-me,115,119,120,127,37,38,39,40,93
38,12,pre_ambiguity,False,1185,"Bürokrasi, iktidarını pekiştirirken önce gerçekçileşerek dünya devriminden vazgeçmiş ve tek ülkede sosyalizmi inşa etme yöntemi olarak ulusal kalkınmayı ve sanayileşmeyi öne çıkarmış, ardından ve buna uygun olarak, milliyetçiliği Marksizmin içsel ve doğal bir unsuru olarak teorize etmiştir.",nominalizer,syntactic,after,etme,yöntemi,yöntemi,et-NMLZ,et-me,115,119,120,127,37,38,39,40,93
38,13,pre_ambiguity,False,1186,"Bürokrasi, iktidarını pekiştirirken önce gerçekçileşerek dünya devriminden vazgeçmiş ve tek ülkede sosyalizmi inşa etme yöntemi olarak ulusal kalkınmayı ve sanayileşmeyi öne çıkarmış, ardından ve buna uygun olarak, milliyetçiliği Marksizmin içsel ve doğal bir unsuru olarak teorize etmiştir.",nominalizer,syntactic,after,etme,yöntemi,yöntemi,et-NMLZ,et-me,115,119,120,127,37,38,39,40,93
38,14,pre_ambiguity,False,1187,"Bürokrasi, iktidarını pekiştirirken önce gerçekçileşerek dünya devriminden vazgeçmiş ve tek ülkede sosyalizmi inşa etme yöntemi olarak ulusal kalkınmayı ve sanayileşmeyi öne çıkarmış, ardından ve buna uygun olarak, milliyetçiliği Marksizmin içsel ve doğal bir unsuru olarak teorize etmiştir.",nominalizer,syntactic,after,etme,yöntemi,yöntemi,et-NMLZ,et-me,115,119,120,127,37,38,39,40,93
38,15,pre_ambiguity,False,1188,"Bürokrasi, iktidarını pekiştirirken önce gerçekçileşerek dünya devriminden vazgeçmiş ve tek ülkede sosyalizmi inşa etme yöntemi olarak ulusal kalkınmayı ve sanayileşmeyi öne çıkarmış, ardından ve buna uygun olarak, milliyetçiliği Marksizmin içsel ve doğal bir unsuru olarak teorize etmiştir.",nominalizer,syntactic,after,etme,yöntemi,yöntemi,et-NMLZ,et-me,115,119,120,127,37,38,39,40,93
38,16,pre_ambiguity,False,1189,"Bürokrasi, iktidarını pekiştirirken önce gerçekçileşerek dünya devriminden vazgeçmiş ve tek ülkede sosyalizmi inşa etme yöntemi olarak ulusal kalkınmayı ve sanayileşmeyi öne çıkarmış, ardından ve buna uygun olarak, milliyetçiliği Marksizmin içsel ve doğal bir unsuru olarak teorize etmiştir.",nominalizer,syntactic,after,etme,yöntemi,yöntemi,et-NMLZ,et-me,115,119,120,127,37,38,39,40,93
38,17,pre_ambiguity,False,1190,"Bürokrasi, iktidarını pekiştirirken önce gerçekçileşerek dünya devriminden vazgeçmiş ve tek ülkede sosyalizmi inşa etme yöntemi olarak ulusal kalkınmayı ve sanayileşmeyi öne çıkarmış, ardından ve buna uygun olarak, milliyetçiliği Marksizmin içsel ve doğal bir unsuru olarak teorize etmiştir.",nominalizer,syntactic,after,etme,yöntemi,yöntemi,et-NMLZ,et-me,115,119,120,127,37,38,39,40,93
38,18,pre_ambiguity,False,1191,"Bürokrasi, iktidarını pekiştirirken önce gerçekçileşerek dünya devriminden vazgeçmiş ve tek ülkede sosyalizmi inşa etme yöntemi olarak ulusal kalkınmayı ve sanayileşmeyi öne çıkarmış, ardından ve buna uygun olarak, milliyetçiliği Marksizmin içsel ve doğal bir unsuru olarak teorize etmiştir.",nominalizer,syntactic,after,etme,yöntemi,yöntemi,et-NMLZ,et-me,115,119,120,127,37,38,39,40,93
38,19,pre_ambiguity,False,1192,"Bürokrasi, iktidarını pekiştirirken önce gerçekçileşerek dünya devriminden vazgeçmiş ve tek ülkede sosyalizmi inşa etme yöntemi olarak ulusal kalkınmayı ve sanayileşmeyi öne çıkarmış, ardından ve buna uygun olarak, milliyetçiliği Marksizmin içsel ve doğal bir unsuru olarak teorize etmiştir.",nominalizer,syntactic,after,etme,yöntemi,yöntemi,et-NMLZ,et-me,115,119,120,127,37,38,39,40,93
38,20,pre_ambiguity,False,1193,"Bürokrasi, iktidarını pekiştirirken önce gerçekçileşerek dünya devriminden vazgeçmiş ve tek ülkede sosyalizmi inşa etme yöntemi olarak ulusal kalkınmayı ve sanayileşmeyi öne çıkarmış, ardından ve buna uygun olarak, milliyetçiliği Marksizmin içsel ve doğal bir unsuru olarak teorize etmiştir.",nominalizer,syntactic,after,etme,yöntemi,yöntemi,et-NMLZ,et-me,115,119,120,127,37,38,39,40,93
38,21,pre_ambiguity,False,1194,"Bürokrasi, iktidarını pekiştirirken önce gerçekçileşerek dünya devriminden vazgeçmiş ve tek ülkede sosyalizmi inşa etme yöntemi olarak ulusal kalkınmayı ve sanayileşmeyi öne çıkarmış, ardından ve buna uygun olarak, milliyetçiliği Marksizmin içsel ve doğal bir unsuru olarak teorize etmiştir.",nominalizer,syntactic,after,etme,yöntemi,yöntemi,et-NMLZ,et-me,115,119,120,127,37,38,39,40,93
38,22,pre_ambiguity,False,1195,"Bürokrasi, iktidarını pekiştirirken önce gerçekçileşerek dünya devriminden vazgeçmiş ve tek ülkede sosyalizmi inşa etme yöntemi olarak ulusal kalkınmayı ve sanayileşmeyi öne çıkarmış, ardından ve buna uygun olarak, milliyetçiliği Marksizmin içsel ve doğal bir unsuru olarak teorize etmiştir.",nominalizer,syntactic,after,etme,yöntemi,yöntemi,et-NMLZ,et-me,115,119,120,127,37,38,39,40,93
38,23,pre_ambiguity,False,1196,"Bürokrasi, iktidarını pekiştirirken önce gerçekçileşerek dünya devriminden vazgeçmiş ve tek ülkede sosyalizmi inşa etme yöntemi olarak ulusal kalkınmayı ve sanayileşmeyi öne çıkarmış, ardından ve buna uygun olarak, milliyetçiliği Marksizmin içsel ve doğal bir unsuru olarak teorize etmiştir.",nominalizer,syntactic,after,etme,yöntemi,yöntemi,et-NMLZ,et-me,115,119,120,127,37,38,39,40,93
38,24,pre_ambiguity,False,1197,"Bürokrasi, iktidarını pekiştirirken önce gerçekçileşerek dünya devriminden vazgeçmiş ve tek ülkede sosyalizmi inşa etme yöntemi olarak ulusal kalkınmayı ve sanayileşmeyi öne çıkarmış, ardından ve buna uygun olarak, milliyetçiliği Marksizmin içsel ve doğal bir unsuru olarak teorize etmiştir.",nominalizer,syntactic,after,etme,yöntemi,yöntemi,et-NMLZ,et-me,115,119,120,127,37,38,39,40,93
38,25,pre_ambiguity,False,1198,"Bürokrasi, iktidarını pekiştirirken önce gerçekçileşerek dünya devriminden vazgeçmiş ve tek ülkede sosyalizmi inşa etme yöntemi olarak ulusal kalkınmayı ve sanayileşmeyi öne çıkarmış, ardından ve buna uygun olarak, milliyetçiliği Marksizmin içsel ve doğal bir unsuru olarak teorize etmiştir.",nominalizer,syntactic,after,etme,yöntemi,yöntemi,et-NMLZ,et-me,115,119,120,127,37,38,39,40,93
38,26,pre_ambiguity,False,1199,"Bürokrasi, iktidarını pekiştirirken önce gerçekçileşerek dünya devriminden vazgeçmiş ve tek ülkede sosyalizmi inşa etme yöntemi olarak ulusal kalkınmayı ve sanayileşmeyi öne çıkarmış, ardından ve buna uygun olarak, milliyetçiliği Marksizmin içsel ve doğal bir unsuru olarak teorize etmiştir.",nominalizer,syntactic,after,etme,yöntemi,yöntemi,et-NMLZ,et-me,115,119,120,127,37,38,39,40,93
38,27,pre_ambiguity,False,1200,"Bürokrasi, iktidarını pekiştirirken önce gerçekçileşerek dünya devriminden vazgeçmiş ve tek ülkede sosyalizmi inşa etme yöntemi olarak ulusal kalkınmayı ve sanayileşmeyi öne çıkarmış, ardından ve buna uygun olarak, milliyetçiliği Marksizmin içsel ve doğal bir unsuru olarak teorize etmiştir.",nominalizer,syntactic,after,etme,yöntemi,yöntemi,et-NMLZ,et-me,115,119,120,127,37,38,39,40,93
38,28,pre_ambiguity,False,1201,"Bürokrasi, iktidarını pekiştirirken önce gerçekçileşerek dünya devriminden vazgeçmiş ve tek ülkede sosyalizmi inşa etme yöntemi olarak ulusal kalkınmayı ve sanayileşmeyi öne çıkarmış, ardından ve buna uygun olarak, milliyetçiliği Marksizmin içsel ve doğal bir unsuru olarak teorize etmiştir.",nominalizer,syntactic,after,etme,yöntemi,yöntemi,et-NMLZ,et-me,115,119,120,127,37,38,39,40,93
38,29,pre_ambiguity,False,1202,"Bürokrasi, iktidarını pekiştirirken önce gerçekçileşerek dünya devriminden vazgeçmiş ve tek ülkede sosyalizmi inşa etme yöntemi olarak ulusal kalkınmayı ve sanayileşmeyi öne çıkarmış, ardından ve buna uygun olarak, milliyetçiliği Marksizmin içsel ve doğal bir unsuru olarak teorize etmiştir.",nominalizer,syntactic,after,etme,yöntemi,yöntemi,et-NMLZ,et-me,115,119,120,127,37,38,39,40,93
38,30,pre_ambiguity,False,1203,"Bürokrasi, iktidarını pekiştirirken önce gerçekçileşerek dünya devriminden vazgeçmiş ve tek ülkede sosyalizmi inşa etme yöntemi olarak ulusal kalkınmayı ve sanayileşmeyi öne çıkarmış, ardından ve buna uygun olarak, milliyetçiliği Marksizmin içsel ve doğal bir unsuru olarak teorize etmiştir.",nominalizer,syntactic,after,etme,yöntemi,yöntemi,et-NMLZ,et-me,115,119,120,127,37,38,39,40,93
38,31,pre_ambiguity,False,1204,"Bürokrasi, iktidarını pekiştirirken önce gerçekçileşerek dünya devriminden vazgeçmiş ve tek ülkede sosyalizmi inşa etme yöntemi olarak ulusal kalkınmayı ve sanayileşmeyi öne çıkarmış, ardından ve buna uygun olarak, milliyetçiliği Marksizmin içsel ve doğal bir unsuru olarak teorize etmiştir.",nominalizer,syntactic,after,etme,yöntemi,yöntemi,et-NMLZ,et-me,115,119,120,127,37,38,39,40,93
38,32,pre_ambiguity,False,1205,"Bürokrasi, iktidarını pekiştirirken önce gerçekçileşerek dünya devriminden vazgeçmiş ve tek ülkede sosyalizmi inşa etme yöntemi olarak ulusal kalkınmayı ve sanayileşmeyi öne çıkarmış, ardından ve buna uygun olarak, milliyetçiliği Marksizmin içsel ve doğal bir unsuru olarak teorize etmiştir.",nominalizer,syntactic,after,etme,yöntemi,yöntemi,et-NMLZ,et-me,115,119,120,127,37,38,39,40,93
38,33,pre_ambiguity,False,1206,"Bürokrasi, iktidarını pekiştirirken önce gerçekçileşerek dünya devriminden vazgeçmiş ve tek ülkede sosyalizmi inşa etme yöntemi olarak ulusal kalkınmayı ve sanayileşmeyi öne çıkarmış, ardından ve buna uygun olarak, milliyetçiliği Marksizmin içsel ve doğal bir unsuru olarak teorize etmiştir.",nominalizer,syntactic,after,etme,yöntemi,yöntemi,et-NMLZ,et-me,115,119,120,127,37,38,39,40,93
38,34,pre_ambiguity,False,1207,"Bürokrasi, iktidarını pekiştirirken önce gerçekçileşerek dünya devriminden vazgeçmiş ve tek ülkede sosyalizmi inşa etme yöntemi olarak ulusal kalkınmayı ve sanayileşmeyi öne çıkarmış, ardından ve buna uygun olarak, milliyetçiliği Marksizmin içsel ve doğal bir unsuru olarak teorize etmiştir.",nominalizer,syntactic,after,etme,yöntemi,yöntemi,et-NMLZ,et-me,115,119,120,127,37,38,39,40,93
38,35,pre_ambiguity,False,1208,"Bürokrasi, iktidarını pekiştirirken önce gerçekçileşerek dünya devriminden vazgeçmiş ve tek ülkede sosyalizmi inşa etme yöntemi olarak ulusal kalkınmayı ve sanayileşmeyi öne çıkarmış, ardından ve buna uygun olarak, milliyetçiliği Marksizmin içsel ve doğal bir unsuru olarak teorize etmiştir.",nominalizer,syntactic,after,etme,yöntemi,yöntemi,et-NMLZ,et-me,115,119,120,127,37,38,39,40,93
38,36,pre_ambiguity,False,1209,"Bürokrasi, iktidarını pekiştirirken önce gerçekçileşerek dünya devriminden vazgeçmiş ve tek ülkede sosyalizmi inşa etme yöntemi olarak ulusal kalkınmayı ve sanayileşmeyi öne çıkarmış, ardından ve buna uygun olarak, milliyetçiliği Marksizmin içsel ve doğal bir unsuru olarak teorize etmiştir.",nominalizer,syntactic,after,etme,yöntemi,yöntemi,et-NMLZ,et-me,115,119,120,127,37,38,39,40,93
38,37,ambiguity_onset,False,1210,"Bürokrasi, iktidarını pekiştirirken önce gerçekçileşerek dünya devriminden vazgeçmiş ve tek ülkede sosyalizmi inşa etme yöntemi olarak ulusal kalkınmayı ve sanayileşmeyi öne çıkarmış, ardından ve buna uygun olarak, milliyetçiliği Marksizmin içsel ve doğal bir unsuru olarak teorize etmiştir.",nominalizer,syntactic,after,etme,yöntemi,yöntemi,et-NMLZ,et-me,115,119,120,127,37,38,39,40,93
38,38,ambiguity_onset,False,1211,"Bürokrasi, iktidarını pekiştirirken önce gerçekçileşerek dünya devriminden vazgeçmiş ve tek ülkede sosyalizmi inşa etme yöntemi olarak ulusal kalkınmayı ve sanayileşmeyi öne çıkarmış, ardından ve buna uygun olarak, milliyetçiliği Marksizmin içsel ve doğal bir unsuru olarak teorize etmiştir.",nominalizer,syntactic,after,etme,yöntemi,yöntemi,et-NMLZ,et-me,115,119,120,127,37,38,39,40,93
38,39,cue_onset,False,1212,"Bürokrasi, iktidarını pekiştirirken önce gerçekçileşerek dünya devriminden vazgeçmiş ve tek ülkede sosyalizmi inşa etme yöntemi olarak ulusal kalkınmayı ve sanayileşmeyi öne çıkarmış, ardından ve buna uygun olarak, milliyetçiliği Marksizmin içsel ve doğal bir unsuru olarak teorize etmiştir.",nominalizer,syntactic,after,etme,yöntemi,yöntemi,et-NMLZ,et-me,115,119,120,127,37,38,39,40,93
38,40,cue_onset,False,1213,"Bürokrasi, iktidarını pekiştirirken önce gerçekçileşerek dünya devriminden vazgeçmiş ve tek ülkede sosyalizmi inşa etme yöntemi olarak ulusal kalkınmayı ve sanayileşmeyi öne çıkarmış, ardından ve buna uygun olarak, milliyetçiliği Marksizmin içsel ve doğal bir unsuru olarak teorize etmiştir.",nominalizer,syntactic,after,etme,yöntemi,yöntemi,et-NMLZ,et-me,115,119,120,127,37,38,39,40,93
38,41,post_cue,False,1214,"Bürokrasi, iktidarını pekiştirirken önce gerçekçileşerek dünya devriminden vazgeçmiş ve tek ülkede sosyalizmi inşa etme yöntemi olarak ulusal kalkınmayı ve sanayileşmeyi öne çıkarmış, ardından ve buna uygun olarak, milliyetçiliği Marksizmin içsel ve doğal bir unsuru olarak teorize etmiştir.",nominalizer,syntactic,after,etme,yöntemi,yöntemi,et-NMLZ,et-me,115,119,120,127,37,38,39,40,93
38,42,post_cue,False,1215,"Bürokrasi, iktidarını pekiştirirken önce gerçekçileşerek dünya devriminden vazgeçmiş ve tek ülkede sosyalizmi inşa etme yöntemi olarak ulusal kalkınmayı ve sanayileşmeyi öne çıkarmış, ardından ve buna uygun olarak, milliyetçiliği Marksizmin içsel ve doğal bir unsuru olarak teorize etmiştir.",nominalizer,syntactic,after,etme,yöntemi,yöntemi,et-NMLZ,et-me,115,119,120,127,37,38,39,40,93
38,43,post_cue,False,1216,"Bürokrasi, iktidarını pekiştirirken önce gerçekçileşerek dünya devriminden vazgeçmiş ve tek ülkede sosyalizmi inşa etme yöntemi olarak ulusal kalkınmayı ve sanayileşmeyi öne çıkarmış, ardından ve buna uygun olarak, milliyetçiliği Marksizmin içsel ve doğal bir unsuru olarak teorize etmiştir.",nominalizer,syntactic,after,etme,yöntemi,yöntemi,et-NMLZ,et-me,115,119,120,127,37,38,39,40,93
38,44,post_cue,False,1217,"Bürokrasi, iktidarını pekiştirirken önce gerçekçileşerek dünya devriminden vazgeçmiş ve tek ülkede sosyalizmi inşa etme yöntemi olarak ulusal kalkınmayı ve sanayileşmeyi öne çıkarmış, ardından ve buna uygun olarak, milliyetçiliği Marksizmin içsel ve doğal bir unsuru olarak teorize etmiştir.",nominalizer,syntactic,after,etme,yöntemi,yöntemi,et-NMLZ,et-me,115,119,120,127,37,38,39,40,93
38,45,post_cue,False,1218,"Bürokrasi, iktidarını pekiştirirken önce gerçekçileşerek dünya devriminden vazgeçmiş ve tek ülkede sosyalizmi inşa etme yöntemi olarak ulusal kalkınmayı ve sanayileşmeyi öne çıkarmış, ardından ve buna uygun olarak, milliyetçiliği Marksizmin içsel ve doğal bir unsuru olarak teorize etmiştir.",nominalizer,syntactic,after,etme,yöntemi,yöntemi,et-NMLZ,et-me,115,119,120,127,37,38,39,40,93
38,46,post_cue,False,1219,"Bürokrasi, iktidarını pekiştirirken önce gerçekçileşerek dünya devriminden vazgeçmiş ve tek ülkede sosyalizmi inşa etme yöntemi olarak ulusal kalkınmayı ve sanayileşmeyi öne çıkarmış, ardından ve buna uygun olarak, milliyetçiliği Marksizmin içsel ve doğal bir unsuru olarak teorize etmiştir.",nominalizer,syntactic,after,etme,yöntemi,yöntemi,et-NMLZ,et-me,115,119,120,127,37,38,39,40,93
38,47,post_cue,False,1220,"Bürokrasi, iktidarını pekiştirirken önce gerçekçileşerek dünya devriminden vazgeçmiş ve tek ülkede sosyalizmi inşa etme yöntemi olarak ulusal kalkınmayı ve sanayileşmeyi öne çıkarmış, ardından ve buna uygun olarak, milliyetçiliği Marksizmin içsel ve doğal bir unsuru olarak teorize etmiştir.",nominalizer,syntactic,after,etme,yöntemi,yöntemi,et-NMLZ,et-me,115,119,120,127,37,38,39,40,93
38,48,post_cue,False,1221,"Bürokrasi, iktidarını pekiştirirken önce gerçekçileşerek dünya devriminden vazgeçmiş ve tek ülkede sosyalizmi inşa etme yöntemi olarak ulusal kalkınmayı ve sanayileşmeyi öne çıkarmış, ardından ve buna uygun olarak, milliyetçiliği Marksizmin içsel ve doğal bir unsuru olarak teorize etmiştir.",nominalizer,syntactic,after,etme,yöntemi,yöntemi,et-NMLZ,et-me,115,119,120,127,37,38,39,40,93
38,49,post_cue,False,1222,"Bürokrasi, iktidarını pekiştirirken önce gerçekçileşerek dünya devriminden vazgeçmiş ve tek ülkede sosyalizmi inşa etme yöntemi olarak ulusal kalkınmayı ve sanayileşmeyi öne çıkarmış, ardından ve buna uygun olarak, milliyetçiliği Marksizmin içsel ve doğal bir unsuru olarak teorize etmiştir.",nominalizer,syntactic,after,etme,yöntemi,yöntemi,et-NMLZ,et-me,115,119,120,127,37,38,39,40,93
38,50,post_cue,False,1223,"Bürokrasi, iktidarını pekiştirirken önce gerçekçileşerek dünya devriminden vazgeçmiş ve tek ülkede sosyalizmi inşa etme yöntemi olarak ulusal kalkınmayı ve sanayileşmeyi öne çıkarmış, ardından ve buna uygun olarak, milliyetçiliği Marksizmin içsel ve doğal bir unsuru olarak teorize etmiştir.",nominalizer,syntactic,after,etme,yöntemi,yöntemi,et-NMLZ,et-me,115,119,120,127,37,38,39,40,93
38,51,post_cue,False,1224,"Bürokrasi, iktidarını pekiştirirken önce gerçekçileşerek dünya devriminden vazgeçmiş ve tek ülkede sosyalizmi inşa etme yöntemi olarak ulusal kalkınmayı ve sanayileşmeyi öne çıkarmış, ardından ve buna uygun olarak, milliyetçiliği Marksizmin içsel ve doğal bir unsuru olarak teorize etmiştir.",nominalizer,syntactic,after,etme,yöntemi,yöntemi,et-NMLZ,et-me,115,119,120,127,37,38,39,40,93
38,52,post_cue,False,1225,"Bürokrasi, iktidarını pekiştirirken önce gerçekçileşerek dünya devriminden vazgeçmiş ve tek ülkede sosyalizmi inşa etme yöntemi olarak ulusal kalkınmayı ve sanayileşmeyi öne çıkarmış, ardından ve buna uygun olarak, milliyetçiliği Marksizmin içsel ve doğal bir unsuru olarak teorize etmiştir.",nominalizer,syntactic,after,etme,yöntemi,yöntemi,et-NMLZ,et-me,115,119,120,127,37,38,39,40,93
38,53,post_cue,False,1226,"Bürokrasi, iktidarını pekiştirirken önce gerçekçileşerek dünya devriminden vazgeçmiş ve tek ülkede sosyalizmi inşa etme yöntemi olarak ulusal kalkınmayı ve sanayileşmeyi öne çıkarmış, ardından ve buna uygun olarak, milliyetçiliği Marksizmin içsel ve doğal bir unsuru olarak teorize etmiştir.",nominalizer,syntactic,after,etme,yöntemi,yöntemi,et-NMLZ,et-me,115,119,120,127,37,38,39,40,93
38,54,post_cue,False,1227,"Bürokrasi, iktidarını pekiştirirken önce gerçekçileşerek dünya devriminden vazgeçmiş ve tek ülkede sosyalizmi inşa etme yöntemi olarak ulusal kalkınmayı ve sanayileşmeyi öne çıkarmış, ardından ve buna uygun olarak, milliyetçiliği Marksizmin içsel ve doğal bir unsuru olarak teorize etmiştir.",nominalizer,syntactic,after,etme,yöntemi,yöntemi,et-NMLZ,et-me,115,119,120,127,37,38,39,40,93
38,55,post_cue,False,1228,"Bürokrasi, iktidarını pekiştirirken önce gerçekçileşerek dünya devriminden vazgeçmiş ve tek ülkede sosyalizmi inşa etme yöntemi olarak ulusal kalkınmayı ve sanayileşmeyi öne çıkarmış, ardından ve buna uygun olarak, milliyetçiliği Marksizmin içsel ve doğal bir unsuru olarak teorize etmiştir.",nominalizer,syntactic,after,etme,yöntemi,yöntemi,et-NMLZ,et-me,115,119,120,127,37,38,39,40,93
38,56,post_cue,False,1229,"Bürokrasi, iktidarını pekiştirirken önce gerçekçileşerek dünya devriminden vazgeçmiş ve tek ülkede sosyalizmi inşa etme yöntemi olarak ulusal kalkınmayı ve sanayileşmeyi öne çıkarmış, ardından ve buna uygun olarak, milliyetçiliği Marksizmin içsel ve doğal bir unsuru olarak teorize etmiştir.",nominalizer,syntactic,after,etme,yöntemi,yöntemi,et-NMLZ,et-me,115,119,120,127,37,38,39,40,93
38,57,post_cue,False,1230,"Bürokrasi, iktidarını pekiştirirken önce gerçekçileşerek dünya devriminden vazgeçmiş ve tek ülkede sosyalizmi inşa etme yöntemi olarak ulusal kalkınmayı ve sanayileşmeyi öne çıkarmış, ardından ve buna uygun olarak, milliyetçiliği Marksizmin içsel ve doğal bir unsuru olarak teorize etmiştir.",nominalizer,syntactic,after,etme,yöntemi,yöntemi,et-NMLZ,et-me,115,119,120,127,37,38,39,40,93
38,58,post_cue,False,1231,"Bürokrasi, iktidarını pekiştirirken önce gerçekçileşerek dünya devriminden vazgeçmiş ve tek ülkede sosyalizmi inşa etme yöntemi olarak ulusal kalkınmayı ve sanayileşmeyi öne çıkarmış, ardından ve buna uygun olarak, milliyetçiliği Marksizmin içsel ve doğal bir unsuru olarak teorize etmiştir.",nominalizer,syntactic,after,etme,yöntemi,yöntemi,et-NMLZ,et-me,115,119,120,127,37,38,39,40,93
38,59,post_cue,False,1232,"Bürokrasi, iktidarını pekiştirirken önce gerçekçileşerek dünya devriminden vazgeçmiş ve tek ülkede sosyalizmi inşa etme yöntemi olarak ulusal kalkınmayı ve sanayileşmeyi öne çıkarmış, ardından ve buna uygun olarak, milliyetçiliği Marksizmin içsel ve doğal bir unsuru olarak teorize etmiştir.",nominalizer,syntactic,after,etme,yöntemi,yöntemi,et-NMLZ,et-me,115,119,120,127,37,38,39,40,93
38,60,post_cue,False,1233,"Bürokrasi, iktidarını pekiştirirken önce gerçekçileşerek dünya devriminden vazgeçmiş ve tek ülkede sosyalizmi inşa etme yöntemi olarak ulusal kalkınmayı ve sanayileşmeyi öne çıkarmış, ardından ve buna uygun olarak, milliyetçiliği Marksizmin içsel ve doğal bir unsuru olarak teorize etmiştir.",nominalizer,syntactic,after,etme,yöntemi,yöntemi,et-NMLZ,et-me,115,119,120,127,37,38,39,40,93
38,61,post_cue,False,1234,"Bürokrasi, iktidarını pekiştirirken önce gerçekçileşerek dünya devriminden vazgeçmiş ve tek ülkede sosyalizmi inşa etme yöntemi olarak ulusal kalkınmayı ve sanayileşmeyi öne çıkarmış, ardından ve buna uygun olarak, milliyetçiliği Marksizmin içsel ve doğal bir unsuru olarak teorize etmiştir.",nominalizer,syntactic,after,etme,yöntemi,yöntemi,et-NMLZ,et-me,115,119,120,127,37,38,39,40,93
38,62,post_cue,False,1235,"Bürokrasi, iktidarını pekiştirirken önce gerçekçileşerek dünya devriminden vazgeçmiş ve tek ülkede sosyalizmi inşa etme yöntemi olarak ulusal kalkınmayı ve sanayileşmeyi öne çıkarmış, ardından ve buna uygun olarak, milliyetçiliği Marksizmin içsel ve doğal bir unsuru olarak teorize etmiştir.",nominalizer,syntactic,after,etme,yöntemi,yöntemi,et-NMLZ,et-me,115,119,120,127,37,38,39,40,93
38,63,post_cue,False,1236,"Bürokrasi, iktidarını pekiştirirken önce gerçekçileşerek dünya devriminden vazgeçmiş ve tek ülkede sosyalizmi inşa etme yöntemi olarak ulusal kalkınmayı ve sanayileşmeyi öne çıkarmış, ardından ve buna uygun olarak, milliyetçiliği Marksizmin içsel ve doğal bir unsuru olarak teorize etmiştir.",nominalizer,syntactic,after,etme,yöntemi,yöntemi,et-NMLZ,et-me,115,119,120,127,37,38,39,40,93
38,64,post_cue,False,1237,"Bürokrasi, iktidarını pekiştirirken önce gerçekçileşerek dünya devriminden vazgeçmiş ve tek ülkede sosyalizmi inşa etme yöntemi olarak ulusal kalkınmayı ve sanayileşmeyi öne çıkarmış, ardından ve buna uygun olarak, milliyetçiliği Marksizmin içsel ve doğal bir unsuru olarak teorize etmiştir.",nominalizer,syntactic,after,etme,yöntemi,yöntemi,et-NMLZ,et-me,115,119,120,127,37,38,39,40,93
38,65,post_cue,False,1238,"Bürokrasi, iktidarını pekiştirirken önce gerçekçileşerek dünya devriminden vazgeçmiş ve tek ülkede sosyalizmi inşa etme yöntemi olarak ulusal kalkınmayı ve sanayileşmeyi öne çıkarmış, ardından ve buna uygun olarak, milliyetçiliği Marksizmin içsel ve doğal bir unsuru olarak teorize etmiştir.",nominalizer,syntactic,after,etme,yöntemi,yöntemi,et-NMLZ,et-me,115,119,120,127,37,38,39,40,93
38,66,post_cue,False,1239,"Bürokrasi, iktidarını pekiştirirken önce gerçekçileşerek dünya devriminden vazgeçmiş ve tek ülkede sosyalizmi inşa etme yöntemi olarak ulusal kalkınmayı ve sanayileşmeyi öne çıkarmış, ardından ve buna uygun olarak, milliyetçiliği Marksizmin içsel ve doğal bir unsuru olarak teorize etmiştir.",nominalizer,syntactic,after,etme,yöntemi,yöntemi,et-NMLZ,et-me,115,119,120,127,37,38,39,40,93
38,67,post_cue,False,1240,"Bürokrasi, iktidarını pekiştirirken önce gerçekçileşerek dünya devriminden vazgeçmiş ve tek ülkede sosyalizmi inşa etme yöntemi olarak ulusal kalkınmayı ve sanayileşmeyi öne çıkarmış, ardından ve buna uygun olarak, milliyetçiliği Marksizmin içsel ve doğal bir unsuru olarak teorize etmiştir.",nominalizer,syntactic,after,etme,yöntemi,yöntemi,et-NMLZ,et-me,115,119,120,127,37,38,39,40,93
38,68,post_cue,False,1241,"Bürokrasi, iktidarını pekiştirirken önce gerçekçileşerek dünya devriminden vazgeçmiş ve tek ülkede sosyalizmi inşa etme yöntemi olarak ulusal kalkınmayı ve sanayileşmeyi öne çıkarmış, ardından ve buna uygun olarak, milliyetçiliği Marksizmin içsel ve doğal bir unsuru olarak teorize etmiştir.",nominalizer,syntactic,after,etme,yöntemi,yöntemi,et-NMLZ,et-me,115,119,120,127,37,38,39,40,93
38,69,post_cue,False,1242,"Bürokrasi, iktidarını pekiştirirken önce gerçekçileşerek dünya devriminden vazgeçmiş ve tek ülkede sosyalizmi inşa etme yöntemi olarak ulusal kalkınmayı ve sanayileşmeyi öne çıkarmış, ardından ve buna uygun olarak, milliyetçiliği Marksizmin içsel ve doğal bir unsuru olarak teorize etmiştir.",nominalizer,syntactic,after,etme,yöntemi,yöntemi,et-NMLZ,et-me,115,119,120,127,37,38,39,40,93
38,70,post_cue,False,1243,"Bürokrasi, iktidarını pekiştirirken önce gerçekçileşerek dünya devriminden vazgeçmiş ve tek ülkede sosyalizmi inşa etme yöntemi olarak ulusal kalkınmayı ve sanayileşmeyi öne çıkarmış, ardından ve buna uygun olarak, milliyetçiliği Marksizmin içsel ve doğal bir unsuru olarak teorize etmiştir.",nominalizer,syntactic,after,etme,yöntemi,yöntemi,et-NMLZ,et-me,115,119,120,127,37,38,39,40,93
38,71,post_cue,False,1244,"Bürokrasi, iktidarını pekiştirirken önce gerçekçileşerek dünya devriminden vazgeçmiş ve tek ülkede sosyalizmi inşa etme yöntemi olarak ulusal kalkınmayı ve sanayileşmeyi öne çıkarmış, ardından ve buna uygun olarak, milliyetçiliği Marksizmin içsel ve doğal bir unsuru olarak teorize etmiştir.",nominalizer,syntactic,after,etme,yöntemi,yöntemi,et-NMLZ,et-me,115,119,120,127,37,38,39,40,93
38,72,post_cue,False,1245,"Bürokrasi, iktidarını pekiştirirken önce gerçekçileşerek dünya devriminden vazgeçmiş ve tek ülkede sosyalizmi inşa etme yöntemi olarak ulusal kalkınmayı ve sanayileşmeyi öne çıkarmış, ardından ve buna uygun olarak, milliyetçiliği Marksizmin içsel ve doğal bir unsuru olarak teorize etmiştir.",nominalizer,syntactic,after,etme,yöntemi,yöntemi,et-NMLZ,et-me,115,119,120,127,37,38,39,40,93
38,73,post_cue,False,1246,"Bürokrasi, iktidarını pekiştirirken önce gerçekçileşerek dünya devriminden vazgeçmiş ve tek ülkede sosyalizmi inşa etme yöntemi olarak ulusal kalkınmayı ve sanayileşmeyi öne çıkarmış, ardından ve buna uygun olarak, milliyetçiliği Marksizmin içsel ve doğal bir unsuru olarak teorize etmiştir.",nominalizer,syntactic,after,etme,yöntemi,yöntemi,et-NMLZ,et-me,115,119,120,127,37,38,39,40,93
38,74,post_cue,False,1247,"Bürokrasi, iktidarını pekiştirirken önce gerçekçileşerek dünya devriminden vazgeçmiş ve tek ülkede sosyalizmi inşa etme yöntemi olarak ulusal kalkınmayı ve sanayileşmeyi öne çıkarmış, ardından ve buna uygun olarak, milliyetçiliği Marksizmin içsel ve doğal bir unsuru olarak teorize etmiştir.",nominalizer,syntactic,after,etme,yöntemi,yöntemi,et-NMLZ,et-me,115,119,120,127,37,38,39,40,93
38,75,post_cue,False,1248,"Bürokrasi, iktidarını pekiştirirken önce gerçekçileşerek dünya devriminden vazgeçmiş ve tek ülkede sosyalizmi inşa etme yöntemi olarak ulusal kalkınmayı ve sanayileşmeyi öne çıkarmış, ardından ve buna uygun olarak, milliyetçiliği Marksizmin içsel ve doğal bir unsuru olarak teorize etmiştir.",nominalizer,syntactic,after,etme,yöntemi,yöntemi,et-NMLZ,et-me,115,119,120,127,37,38,39,40,93
38,76,post_cue,False,1249,"Bürokrasi, iktidarını pekiştirirken önce gerçekçileşerek dünya devriminden vazgeçmiş ve tek ülkede sosyalizmi inşa etme yöntemi olarak ulusal kalkınmayı ve sanayileşmeyi öne çıkarmış, ardından ve buna uygun olarak, milliyetçiliği Marksizmin içsel ve doğal bir unsuru olarak teorize etmiştir.",nominalizer,syntactic,after,etme,yöntemi,yöntemi,et-NMLZ,et-me,115,119,120,127,37,38,39,40,93
38,77,post_cue,False,1250,"Bürokrasi, iktidarını pekiştirirken önce gerçekçileşerek dünya devriminden vazgeçmiş ve tek ülkede sosyalizmi inşa etme yöntemi olarak ulusal kalkınmayı ve sanayileşmeyi öne çıkarmış, ardından ve buna uygun olarak, milliyetçiliği Marksizmin içsel ve doğal bir unsuru olarak teorize etmiştir.",nominalizer,syntactic,after,etme,yöntemi,yöntemi,et-NMLZ,et-me,115,119,120,127,37,38,39,40,93
38,78,post_cue,False,1251,"Bürokrasi, iktidarını pekiştirirken önce gerçekçileşerek dünya devriminden vazgeçmiş ve tek ülkede sosyalizmi inşa etme yöntemi olarak ulusal kalkınmayı ve sanayileşmeyi öne çıkarmış, ardından ve buna uygun olarak, milliyetçiliği Marksizmin içsel ve doğal bir unsuru olarak teorize etmiştir.",nominalizer,syntactic,after,etme,yöntemi,yöntemi,et-NMLZ,et-me,115,119,120,127,37,38,39,40,93
38,79,post_cue,False,1252,"Bürokrasi, iktidarını pekiştirirken önce gerçekçileşerek dünya devriminden vazgeçmiş ve tek ülkede sosyalizmi inşa etme yöntemi olarak ulusal kalkınmayı ve sanayileşmeyi öne çıkarmış, ardından ve buna uygun olarak, milliyetçiliği Marksizmin içsel ve doğal bir unsuru olarak teorize etmiştir.",nominalizer,syntactic,after,etme,yöntemi,yöntemi,et-NMLZ,et-me,115,119,120,127,37,38,39,40,93
38,80,post_cue,False,1253,"Bürokrasi, iktidarını pekiştirirken önce gerçekçileşerek dünya devriminden vazgeçmiş ve tek ülkede sosyalizmi inşa etme yöntemi olarak ulusal kalkınmayı ve sanayileşmeyi öne çıkarmış, ardından ve buna uygun olarak, milliyetçiliği Marksizmin içsel ve doğal bir unsuru olarak teorize etmiştir.",nominalizer,syntactic,after,etme,yöntemi,yöntemi,et-NMLZ,et-me,115,119,120,127,37,38,39,40,93
38,81,post_cue,False,1254,"Bürokrasi, iktidarını pekiştirirken önce gerçekçileşerek dünya devriminden vazgeçmiş ve tek ülkede sosyalizmi inşa etme yöntemi olarak ulusal kalkınmayı ve sanayileşmeyi öne çıkarmış, ardından ve buna uygun olarak, milliyetçiliği Marksizmin içsel ve doğal bir unsuru olarak teorize etmiştir.",nominalizer,syntactic,after,etme,yöntemi,yöntemi,et-NMLZ,et-me,115,119,120,127,37,38,39,40,93
38,82,post_cue,False,1255,"Bürokrasi, iktidarını pekiştirirken önce gerçekçileşerek dünya devriminden vazgeçmiş ve tek ülkede sosyalizmi inşa etme yöntemi olarak ulusal kalkınmayı ve sanayileşmeyi öne çıkarmış, ardından ve buna uygun olarak, milliyetçiliği Marksizmin içsel ve doğal bir unsuru olarak teorize etmiştir.",nominalizer,syntactic,after,etme,yöntemi,yöntemi,et-NMLZ,et-me,115,119,120,127,37,38,39,40,93
38,83,post_cue,False,1256,"Bürokrasi, iktidarını pekiştirirken önce gerçekçileşerek dünya devriminden vazgeçmiş ve tek ülkede sosyalizmi inşa etme yöntemi olarak ulusal kalkınmayı ve sanayileşmeyi öne çıkarmış, ardından ve buna uygun olarak, milliyetçiliği Marksizmin içsel ve doğal bir unsuru olarak teorize etmiştir.",nominalizer,syntactic,after,etme,yöntemi,yöntemi,et-NMLZ,et-me,115,119,120,127,37,38,39,40,93
38,84,post_cue,False,1257,"Bürokrasi, iktidarını pekiştirirken önce gerçekçileşerek dünya devriminden vazgeçmiş ve tek ülkede sosyalizmi inşa etme yöntemi olarak ulusal kalkınmayı ve sanayileşmeyi öne çıkarmış, ardından ve buna uygun olarak, milliyetçiliği Marksizmin içsel ve doğal bir unsuru olarak teorize etmiştir.",nominalizer,syntactic,after,etme,yöntemi,yöntemi,et-NMLZ,et-me,115,119,120,127,37,38,39,40,93
38,85,post_cue,False,1258,"Bürokrasi, iktidarını pekiştirirken önce gerçekçileşerek dünya devriminden vazgeçmiş ve tek ülkede sosyalizmi inşa etme yöntemi olarak ulusal kalkınmayı ve sanayileşmeyi öne çıkarmış, ardından ve buna uygun olarak, milliyetçiliği Marksizmin içsel ve doğal bir unsuru olarak teorize etmiştir.",nominalizer,syntactic,after,etme,yöntemi,yöntemi,et-NMLZ,et-me,115,119,120,127,37,38,39,40,93
38,86,post_cue,False,1259,"Bürokrasi, iktidarını pekiştirirken önce gerçekçileşerek dünya devriminden vazgeçmiş ve tek ülkede sosyalizmi inşa etme yöntemi olarak ulusal kalkınmayı ve sanayileşmeyi öne çıkarmış, ardından ve buna uygun olarak, milliyetçiliği Marksizmin içsel ve doğal bir unsuru olarak teorize etmiştir.",nominalizer,syntactic,after,etme,yöntemi,yöntemi,et-NMLZ,et-me,115,119,120,127,37,38,39,40,93
38,87,post_cue,False,1260,"Bürokrasi, iktidarını pekiştirirken önce gerçekçileşerek dünya devriminden vazgeçmiş ve tek ülkede sosyalizmi inşa etme yöntemi olarak ulusal kalkınmayı ve sanayileşmeyi öne çıkarmış, ardından ve buna uygun olarak, milliyetçiliği Marksizmin içsel ve doğal bir unsuru olarak teorize etmiştir.",nominalizer,syntactic,after,etme,yöntemi,yöntemi,et-NMLZ,et-me,115,119,120,127,37,38,39,40,93
38,88,post_cue,False,1261,"Bürokrasi, iktidarını pekiştirirken önce gerçekçileşerek dünya devriminden vazgeçmiş ve tek ülkede sosyalizmi inşa etme yöntemi olarak ulusal kalkınmayı ve sanayileşmeyi öne çıkarmış, ardından ve buna uygun olarak, milliyetçiliği Marksizmin içsel ve doğal bir unsuru olarak teorize etmiştir.",nominalizer,syntactic,after,etme,yöntemi,yöntemi,et-NMLZ,et-me,115,119,120,127,37,38,39,40,93
38,89,post_cue,False,1262,"Bürokrasi, iktidarını pekiştirirken önce gerçekçileşerek dünya devriminden vazgeçmiş ve tek ülkede sosyalizmi inşa etme yöntemi olarak ulusal kalkınmayı ve sanayileşmeyi öne çıkarmış, ardından ve buna uygun olarak, milliyetçiliği Marksizmin içsel ve doğal bir unsuru olarak teorize etmiştir.",nominalizer,syntactic,after,etme,yöntemi,yöntemi,et-NMLZ,et-me,115,119,120,127,37,38,39,40,93
38,90,post_cue,False,1263,"Bürokrasi, iktidarını pekiştirirken önce gerçekçileşerek dünya devriminden vazgeçmiş ve tek ülkede sosyalizmi inşa etme yöntemi olarak ulusal kalkınmayı ve sanayileşmeyi öne çıkarmış, ardından ve buna uygun olarak, milliyetçiliği Marksizmin içsel ve doğal bir unsuru olarak teorize etmiştir.",nominalizer,syntactic,after,etme,yöntemi,yöntemi,et-NMLZ,et-me,115,119,120,127,37,38,39,40,93
38,91,post_cue,False,1264,"Bürokrasi, iktidarını pekiştirirken önce gerçekçileşerek dünya devriminden vazgeçmiş ve tek ülkede sosyalizmi inşa etme yöntemi olarak ulusal kalkınmayı ve sanayileşmeyi öne çıkarmış, ardından ve buna uygun olarak, milliyetçiliği Marksizmin içsel ve doğal bir unsuru olarak teorize etmiştir.",nominalizer,syntactic,after,etme,yöntemi,yöntemi,et-NMLZ,et-me,115,119,120,127,37,38,39,40,93
38,92,full_sentence,True,1265,"Bürokrasi, iktidarını pekiştirirken önce gerçekçileşerek dünya devriminden vazgeçmiş ve tek ülkede sosyalizmi inşa etme yöntemi olarak ulusal kalkınmayı ve sanayileşmeyi öne çıkarmış, ardından ve buna uygun olarak, milliyetçiliği Marksizmin içsel ve doğal bir unsuru olarak teorize etmiştir.",nominalizer,syntactic,after,etme,yöntemi,yöntemi,et-NMLZ,et-me,115,119,120,127,37,38,39,40,93
39,0,pre_ambiguity,False,1266,"Bu mahkemeler bünyesinde sosyal hizmet uzmanları görev almalı, ayrıca psikolog, pedagog ve sosyal çalışma uzmanlarından oluşan bir bilirkişilik kurumu oluşturulmalıdır.",nominalizer,syntactic,after,çalışma,uzmanlarından,uzmanlarından,çalış-NMLZ,çalış-ma,98,105,106,119,31,31,32,34,47
39,1,pre_ambiguity,False,1267,"Bu mahkemeler bünyesinde sosyal hizmet uzmanları görev almalı, ayrıca psikolog, pedagog ve sosyal çalışma uzmanlarından oluşan bir bilirkişilik kurumu oluşturulmalıdır.",nominalizer,syntactic,after,çalışma,uzmanlarından,uzmanlarından,çalış-NMLZ,çalış-ma,98,105,106,119,31,31,32,34,47
39,2,pre_ambiguity,False,1268,"Bu mahkemeler bünyesinde sosyal hizmet uzmanları görev almalı, ayrıca psikolog, pedagog ve sosyal çalışma uzmanlarından oluşan bir bilirkişilik kurumu oluşturulmalıdır.",nominalizer,syntactic,after,çalışma,uzmanlarından,uzmanlarından,çalış-NMLZ,çalış-ma,98,105,106,119,31,31,32,34,47
39,3,pre_ambiguity,False,1269,"Bu mahkemeler bünyesinde sosyal hizmet uzmanları görev almalı, ayrıca psikolog, pedagog ve sosyal çalışma uzmanlarından oluşan bir bilirkişilik kurumu oluşturulmalıdır.",nominalizer,syntactic,after,çalışma,uzmanlarından,uzmanlarından,çalış-NMLZ,çalış-ma,98,105,106,119,31,31,32,34,47
39,4,pre_ambiguity,False,1270,"Bu mahkemeler bünyesinde sosyal hizmet uzmanları görev almalı, ayrıca psikolog, pedagog ve sosyal çalışma uzmanlarından oluşan bir bilirkişilik kurumu oluşturulmalıdır.",nominalizer,syntactic,after,çalışma,uzmanlarından,uzmanlarından,çalış-NMLZ,çalış-ma,98,105,106,119,31,31,32,34,47
39,5,pre_ambiguity,False,1271,"Bu mahkemeler bünyesinde sosyal hizmet uzmanları görev almalı, ayrıca psikolog, pedagog ve sosyal çalışma uzmanlarından oluşan bir bilirkişilik kurumu oluşturulmalıdır.",nominalizer,syntactic,after,çalışma,uzmanlarından,uzmanlarından,çalış-NMLZ,çalış-ma,98,105,106,119,31,31,32,34,47
39,6,pre_ambiguity,False,1272,"Bu mahkemeler bünyesinde sosyal hizmet uzmanları görev almalı, ayrıca psikolog, pedagog ve sosyal çalışma uzmanlarından oluşan bir bilirkişilik kurumu oluşturulmalıdır.",nominalizer,syntactic,after,çalışma,uzmanlarından,uzmanlarından,çalış-NMLZ,çalış-ma,98,105,106,119,31,31,32,34,47
39,7,pre_ambiguity,False,1273,"Bu mahkemeler bünyesinde sosyal hizmet uzmanları görev almalı, ayrıca psikolog, pedagog ve sosyal çalışma uzmanlarından oluşan bir bilirkişilik kurumu oluşturulmalıdır.",nominalizer,syntactic,after,çalışma,uzmanlarından,uzmanlarından,çalış-NMLZ,çalış-ma,98,105,106,119,31,31,32,34,47
39,8,pre_ambiguity,False,1274,"Bu mahkemeler bünyesinde sosyal hizmet uzmanları görev almalı, ayrıca psikolog, pedagog ve sosyal çalışma uzmanlarından oluşan bir bilirkişilik kurumu oluşturulmalıdır.",nominalizer,syntactic,after,çalışma,uzmanlarından,uzmanlarından,çalış-NMLZ,çalış-ma,98,105,106,119,31,31,32,34,47
39,9,pre_ambiguity,False,1275,"Bu mahkemeler bünyesinde sosyal hizmet uzmanları görev almalı, ayrıca psikolog, pedagog ve sosyal çalışma uzmanlarından oluşan bir bilirkişilik kurumu oluşturulmalıdır.",nominalizer,syntactic,after,çalışma,uzmanlarından,uzmanlarından,çalış-NMLZ,çalış-ma,98,105,106,119,31,31,32,34,47
39,10,pre_ambiguity,False,1276,"Bu mahkemeler bünyesinde sosyal hizmet uzmanları görev almalı, ayrıca psikolog, pedagog ve sosyal çalışma uzmanlarından oluşan bir bilirkişilik kurumu oluşturulmalıdır.",nominalizer,syntactic,after,çalışma,uzmanlarından,uzmanlarından,çalış-NMLZ,çalış-ma,98,105,106,119,31,31,32,34,47
39,11,pre_ambiguity,False,1277,"Bu mahkemeler bünyesinde sosyal hizmet uzmanları görev almalı, ayrıca psikolog, pedagog ve sosyal çalışma uzmanlarından oluşan bir bilirkişilik kurumu oluşturulmalıdır.",nominalizer,syntactic,after,çalışma,uzmanlarından,uzmanlarından,çalış-NMLZ,çalış-ma,98,105,106,119,31,31,32,34,47
39,12,pre_ambiguity,False,1278,"Bu mahkemeler bünyesinde sosyal hizmet uzmanları görev almalı, ayrıca psikolog, pedagog ve sosyal çalışma uzmanlarından oluşan bir bilirkişilik kurumu oluşturulmalıdır.",nominalizer,syntactic,after,çalışma,uzmanlarından,uzmanlarından,çalış-NMLZ,çalış-ma,98,105,106,119,31,31,32,34,47
39,13,pre_ambiguity,False,1279,"Bu mahkemeler bünyesinde sosyal hizmet uzmanları görev almalı, ayrıca psikolog, pedagog ve sosyal çalışma uzmanlarından oluşan bir bilirkişilik kurumu oluşturulmalıdır.",nominalizer,syntactic,after,çalışma,uzmanlarından,uzmanlarından,çalış-NMLZ,çalış-ma,98,105,106,119,31,31,32,34,47
39,14,pre_ambiguity,False,1280,"Bu mahkemeler bünyesinde sosyal hizmet uzmanları görev almalı, ayrıca psikolog, pedagog ve sosyal çalışma uzmanlarından oluşan bir bilirkişilik kurumu oluşturulmalıdır.",nominalizer,syntactic,after,çalışma,uzmanlarından,uzmanlarından,çalış-NMLZ,çalış-ma,98,105,106,119,31,31,32,34,47
39,15,pre_ambiguity,False,1281,"Bu mahkemeler bünyesinde sosyal hizmet uzmanları görev almalı, ayrıca psikolog, pedagog ve sosyal çalışma uzmanlarından oluşan bir bilirkişilik kurumu oluşturulmalıdır.",nominalizer,syntactic,after,çalışma,uzmanlarından,uzmanlarından,çalış-NMLZ,çalış-ma,98,105,106,119,31,31,32,34,47
39,16,pre_ambiguity,False,1282,"Bu mahkemeler bünyesinde sosyal hizmet uzmanları görev almalı, ayrıca psikolog, pedagog ve sosyal çalışma uzmanlarından oluşan bir bilirkişilik kurumu oluşturulmalıdır.",nominalizer,syntactic,after,çalışma,uzmanlarından,uzmanlarından,çalış-NMLZ,çalış-ma,98,105,106,119,31,31,32,34,47
39,17,pre_ambiguity,False,1283,"Bu mahkemeler bünyesinde sosyal hizmet uzmanları görev almalı, ayrıca psikolog, pedagog ve sosyal çalışma uzmanlarından oluşan bir bilirkişilik kurumu oluşturulmalıdır.",nominalizer,syntactic,after,çalışma,uzmanlarından,uzmanlarından,çalış-NMLZ,çalış-ma,98,105,106,119,31,31,32,34,47
39,18,pre_ambiguity,False,1284,"Bu mahkemeler bünyesinde sosyal hizmet uzmanları görev almalı, ayrıca psikolog, pedagog ve sosyal çalışma uzmanlarından oluşan bir bilirkişilik kurumu oluşturulmalıdır.",nominalizer,syntactic,after,çalışma,uzmanlarından,uzmanlarından,çalış-NMLZ,çalış-ma,98,105,106,119,31,31,32,34,47
39,19,pre_ambiguity,False,1285,"Bu mahkemeler bünyesinde sosyal hizmet uzmanları görev almalı, ayrıca psikolog, pedagog ve sosyal çalışma uzmanlarından oluşan bir bilirkişilik kurumu oluşturulmalıdır.",nominalizer,syntactic,after,çalışma,uzmanlarından,uzmanlarından,çalış-NMLZ,çalış-ma,98,105,106,119,31,31,32,34,47
39,20,pre_ambiguity,False,1286,"Bu mahkemeler bünyesinde sosyal hizmet uzmanları görev almalı, ayrıca psikolog, pedagog ve sosyal çalışma uzmanlarından oluşan bir bilirkişilik kurumu oluşturulmalıdır.",nominalizer,syntactic,after,çalışma,uzmanlarından,uzmanlarından,çalış-NMLZ,çalış-ma,98,105,106,119,31,31,32,34,47
39,21,pre_ambiguity,False,1287,"Bu mahkemeler bünyesinde sosyal hizmet uzmanları görev almalı, ayrıca psikolog, pedagog ve sosyal çalışma uzmanlarından oluşan bir bilirkişilik kurumu oluşturulmalıdır.",nominalizer,syntactic,after,çalışma,uzmanlarından,uzmanlarından,çalış-NMLZ,çalış-ma,98,105,106,119,31,31,32,34,47
39,22,pre_ambiguity,False,1288,"Bu mahkemeler bünyesinde sosyal hizmet uzmanları görev almalı, ayrıca psikolog, pedagog ve sosyal çalışma uzmanlarından oluşan bir bilirkişilik kurumu oluşturulmalıdır.",nominalizer,syntactic,after,çalışma,uzmanlarından,uzmanlarından,çalış-NMLZ,çalış-ma,98,105,106,119,31,31,32,34,47
39,23,pre_ambiguity,False,1289,"Bu mahkemeler bünyesinde sosyal hizmet uzmanları görev almalı, ayrıca psikolog, pedagog ve sosyal çalışma uzmanlarından oluşan bir bilirkişilik kurumu oluşturulmalıdır.",nominalizer,syntactic,after,çalışma,uzmanlarından,uzmanlarından,çalış-NMLZ,çalış-ma,98,105,106,119,31,31,32,34,47
39,24,pre_ambiguity,False,1290,"Bu mahkemeler bünyesinde sosyal hizmet uzmanları görev almalı, ayrıca psikolog, pedagog ve sosyal çalışma uzmanlarından oluşan bir bilirkişilik kurumu oluşturulmalıdır.",nominalizer,syntactic,after,çalışma,uzmanlarından,uzmanlarından,çalış-NMLZ,çalış-ma,98,105,106,119,31,31,32,34,47
39,25,pre_ambiguity,False,1291,"Bu mahkemeler bünyesinde sosyal hizmet uzmanları görev almalı, ayrıca psikolog, pedagog ve sosyal çalışma uzmanlarından oluşan bir bilirkişilik kurumu oluşturulmalıdır.",nominalizer,syntactic,after,çalışma,uzmanlarından,uzmanlarından,çalış-NMLZ,çalış-ma,98,105,106,119,31,31,32,34,47
39,26,pre_ambiguity,False,1292,"Bu mahkemeler bünyesinde sosyal hizmet uzmanları görev almalı, ayrıca psikolog, pedagog ve sosyal çalışma uzmanlarından oluşan bir bilirkişilik kurumu oluşturulmalıdır.",nominalizer,syntactic,after,çalışma,uzmanlarından,uzmanlarından,çalış-NMLZ,çalış-ma,98,105,106,119,31,31,32,34,47
39,27,pre_ambiguity,False,1293,"Bu mahkemeler bünyesinde sosyal hizmet uzmanları görev almalı, ayrıca psikolog, pedagog ve sosyal çalışma uzmanlarından oluşan bir bilirkişilik kurumu oluşturulmalıdır.",nominalizer,syntactic,after,çalışma,uzmanlarından,uzmanlarından,çalış-NMLZ,çalış-ma,98,105,106,119,31,31,32,34,47
39,28,pre_ambiguity,False,1294,"Bu mahkemeler bünyesinde sosyal hizmet uzmanları görev almalı, ayrıca psikolog, pedagog ve sosyal çalışma uzmanlarından oluşan bir bilirkişilik kurumu oluşturulmalıdır.",nominalizer,syntactic,after,çalışma,uzmanlarından,uzmanlarından,çalış-NMLZ,çalış-ma,98,105,106,119,31,31,32,34,47
39,29,pre_ambiguity,False,1295,"Bu mahkemeler bünyesinde sosyal hizmet uzmanları görev almalı, ayrıca psikolog, pedagog ve sosyal çalışma uzmanlarından oluşan bir bilirkişilik kurumu oluşturulmalıdır.",nominalizer,syntactic,after,çalışma,uzmanlarından,uzmanlarından,çalış-NMLZ,çalış-ma,98,105,106,119,31,31,32,34,47
39,30,pre_ambiguity,False,1296,"Bu mahkemeler bünyesinde sosyal hizmet uzmanları görev almalı, ayrıca psikolog, pedagog ve sosyal çalışma uzmanlarından oluşan bir bilirkişilik kurumu oluşturulmalıdır.",nominalizer,syntactic,after,çalışma,uzmanlarından,uzmanlarından,çalış-NMLZ,çalış-ma,98,105,106,119,31,31,32,34,47
39,31,ambiguity_onset,False,1297,"Bu mahkemeler bünyesinde sosyal hizmet uzmanları görev almalı, ayrıca psikolog, pedagog ve sosyal çalışma uzmanlarından oluşan bir bilirkişilik kurumu oluşturulmalıdır.",nominalizer,syntactic,after,çalışma,uzmanlarından,uzmanlarından,çalış-NMLZ,çalış-ma,98,105,106,119,31,31,32,34,47
39,32,cue_onset,False,1298,"Bu mahkemeler bünyesinde sosyal hizmet uzmanları görev almalı, ayrıca psikolog, pedagog ve sosyal çalışma uzmanlarından oluşan bir bilirkişilik kurumu oluşturulmalıdır.",nominalizer,syntactic,after,çalışma,uzmanlarından,uzmanlarından,çalış-NMLZ,çalış-ma,98,105,106,119,31,31,32,34,47
39,33,cue_onset,False,1299,"Bu mahkemeler bünyesinde sosyal hizmet uzmanları görev almalı, ayrıca psikolog, pedagog ve sosyal çalışma uzmanlarından oluşan bir bilirkişilik kurumu oluşturulmalıdır.",nominalizer,syntactic,after,çalışma,uzmanlarından,uzmanlarından,çalış-NMLZ,çalış-ma,98,105,106,119,31,31,32,34,47
39,34,cue_onset,False,1300,"Bu mahkemeler bünyesinde sosyal hizmet uzmanları görev almalı, ayrıca psikolog, pedagog ve sosyal çalışma uzmanlarından oluşan bir bilirkişilik kurumu oluşturulmalıdır.",nominalizer,syntactic,after,çalışma,uzmanlarından,uzmanlarından,çalış-NMLZ,çalış-ma,98,105,106,119,31,31,32,34,47
39,35,post_cue,False,1301,"Bu mahkemeler bünyesinde sosyal hizmet uzmanları görev almalı, ayrıca psikolog, pedagog ve sosyal çalışma uzmanlarından oluşan bir bilirkişilik kurumu oluşturulmalıdır.",nominalizer,syntactic,after,çalışma,uzmanlarından,uzmanlarından,çalış-NMLZ,çalış-ma,98,105,106,119,31,31,32,34,47
39,36,post_cue,False,1302,"Bu mahkemeler bünyesinde sosyal hizmet uzmanları görev almalı, ayrıca psikolog, pedagog ve sosyal çalışma uzmanlarından oluşan bir bilirkişilik kurumu oluşturulmalıdır.",nominalizer,syntactic,after,çalışma,uzmanlarından,uzmanlarından,çalış-NMLZ,çalış-ma,98,105,106,119,31,31,32,34,47
39,37,post_cue,False,1303,"Bu mahkemeler bünyesinde sosyal hizmet uzmanları görev almalı, ayrıca psikolog, pedagog ve sosyal çalışma uzmanlarından oluşan bir bilirkişilik kurumu oluşturulmalıdır.",nominalizer,syntactic,after,çalışma,uzmanlarından,uzmanlarından,çalış-NMLZ,çalış-ma,98,105,106,119,31,31,32,34,47
39,38,post_cue,False,1304,"Bu mahkemeler bünyesinde sosyal hizmet uzmanları görev almalı, ayrıca psikolog, pedagog ve sosyal çalışma uzmanlarından oluşan bir bilirkişilik kurumu oluşturulmalıdır.",nominalizer,syntactic,after,çalışma,uzmanlarından,uzmanlarından,çalış-NMLZ,çalış-ma,98,105,106,119,31,31,32,34,47
39,39,post_cue,False,1305,"Bu mahkemeler bünyesinde sosyal hizmet uzmanları görev almalı, ayrıca psikolog, pedagog ve sosyal çalışma uzmanlarından oluşan bir bilirkişilik kurumu oluşturulmalıdır.",nominalizer,syntactic,after,çalışma,uzmanlarından,uzmanlarından,çalış-NMLZ,çalış-ma,98,105,106,119,31,31,32,34,47
39,40,post_cue,False,1306,"Bu mahkemeler bünyesinde sosyal hizmet uzmanları görev almalı, ayrıca psikolog, pedagog ve sosyal çalışma uzmanlarından oluşan bir bilirkişilik kurumu oluşturulmalıdır.",nominalizer,syntactic,after,çalışma,uzmanlarından,uzmanlarından,çalış-NMLZ,çalış-ma,98,105,106,119,31,31,32,34,47
39,41,post_cue,False,1307,"Bu mahkemeler bünyesinde sosyal hizmet uzmanları görev almalı, ayrıca psikolog, pedagog ve sosyal çalışma uzmanlarından oluşan bir bilirkişilik kurumu oluşturulmalıdır.",nominalizer,syntactic,after,çalışma,uzmanlarından,uzmanlarından,çalış-NMLZ,çalış-ma,98,105,106,119,31,31,32,34,47
39,42,post_cue,False,1308,"Bu mahkemeler bünyesinde sosyal hizmet uzmanları görev almalı, ayrıca psikolog, pedagog ve sosyal çalışma uzmanlarından oluşan bir bilirkişilik kurumu oluşturulmalıdır.",nominalizer,syntactic,after,çalışma,uzmanlarından,uzmanlarından,çalış-NMLZ,çalış-ma,98,105,106,119,31,31,32,34,47
39,43,post_cue,False,1309,"Bu mahkemeler bünyesinde sosyal hizmet uzmanları görev almalı, ayrıca psikolog, pedagog ve sosyal çalışma uzmanlarından oluşan bir bilirkişilik kurumu oluşturulmalıdır.",nominalizer,syntactic,after,çalışma,uzmanlarından,uzmanlarından,çalış-NMLZ,çalış-ma,98,105,106,119,31,31,32,34,47
39,44,post_cue,False,1310,"Bu mahkemeler bünyesinde sosyal hizmet uzmanları görev almalı, ayrıca psikolog, pedagog ve sosyal çalışma uzmanlarından oluşan bir bilirkişilik kurumu oluşturulmalıdır.",nominalizer,syntactic,after,çalışma,uzmanlarından,uzmanlarından,çalış-NMLZ,çalış-ma,98,105,106,119,31,31,32,34,47
39,45,post_cue,False,1311,"Bu mahkemeler bünyesinde sosyal hizmet uzmanları görev almalı, ayrıca psikolog, pedagog ve sosyal çalışma uzmanlarından oluşan bir bilirkişilik kurumu oluşturulmalıdır.",nominalizer,syntactic,after,çalışma,uzmanlarından,uzmanlarından,çalış-NMLZ,çalış-ma,98,105,106,119,31,31,32,34,47
39,46,full_sentence,True,1312,"Bu mahkemeler bünyesinde sosyal hizmet uzmanları görev almalı, ayrıca psikolog, pedagog ve sosyal çalışma uzmanlarından oluşan bir bilirkişilik kurumu oluşturulmalıdır.",nominalizer,syntactic,after,çalışma,uzmanlarından,uzmanlarından,çalış-NMLZ,çalış-ma,98,105,106,119,31,31,32,34,47
40,0,pre_ambiguity,False,1313,"""Koşma yavrum, terleyeceksin!"" Ah şu büyükleriniz! Bir türlü vazgeçmezler sizleri uyarmaktan...",negation,syntactic,after,koşma,"yavrum,","terleyeceksin!""",koş-NEG.IMP.2SG,koş-ma,1,6,7,30,1,4,5,14,33
40,1,ambiguity_onset,False,1314,"""Koşma yavrum, terleyeceksin!"" Ah şu büyükleriniz! Bir türlü vazgeçmezler sizleri uyarmaktan...",negation,syntactic,after,koşma,"yavrum,","terleyeceksin!""",koş-NEG.IMP.2SG,koş-ma,1,6,7,30,1,4,5,14,33
40,2,ambiguity_onset,False,1315,"""Koşma yavrum, terleyeceksin!"" Ah şu büyükleriniz! Bir türlü vazgeçmezler sizleri uyarmaktan...",negation,syntactic,after,koşma,"yavrum,","terleyeceksin!""",koş-NEG.IMP.2SG,koş-ma,1,6,7,30,1,4,5,14,33
40,3,ambiguity_onset,False,1316,"""Koşma yavrum, terleyeceksin!"" Ah şu büyükleriniz! Bir türlü vazgeçmezler sizleri uyarmaktan...",negation,syntactic,after,koşma,"yavrum,","terleyeceksin!""",koş-NEG.IMP.2SG,koş-ma,1,6,7,30,1,4,5,14,33
40,4,ambiguity_onset,False,1317,"""Koşma yavrum, terleyeceksin!"" Ah şu büyükleriniz! Bir türlü vazgeçmezler sizleri uyarmaktan...",negation,syntactic,after,koşma,"yavrum,","terleyeceksin!""",koş-NEG.IMP.2SG,koş-ma,1,6,7,30,1,4,5,14,33
40,5,cue_onset,False,1318,"""Koşma yavrum, terleyeceksin!"" Ah şu büyükleriniz! Bir türlü vazgeçmezler sizleri uyarmaktan...",negation,syntactic,after,koşma,"yavrum,","terleyeceksin!""",koş-NEG.IMP.2SG,koş-ma,1,6,7,30,1,4,5,14,33
40,6,cue_onset,False,1319,"""Koşma yavrum, terleyeceksin!"" Ah şu büyükleriniz! Bir türlü vazgeçmezler sizleri uyarmaktan...",negation,syntactic,after,koşma,"yavrum,","terleyeceksin!""",koş-NEG.IMP.2SG,koş-ma,1,6,7,30,1,4,5,14,33
40,7,cue_onset,False,1320,"""Koşma yavrum, terleyeceksin!"" Ah şu büyükleriniz! Bir türlü vazgeçmezler sizleri uyarmaktan...",negation,syntactic,after,koşma,"yavrum,","terleyeceksin!""",koş-NEG.IMP.2SG,koş-ma,1,6,7,30,1,4,5,14,33
40,8,cue_onset,False,1321,"""Koşma yavrum, terleyeceksin!"" Ah şu büyükleriniz! Bir türlü vazgeçmezler sizleri uyarmaktan...",negation,syntactic,after,koşma,"yavrum,","terleyeceksin!""",koş-NEG.IMP.2SG,koş-ma,1,6,7,30,1,4,5,14,33
40,9,cue_onset,False,1322,"""Koşma yavrum, terleyeceksin!"" Ah şu büyükleriniz! Bir türlü vazgeçmezler sizleri uyarmaktan...",negation,syntactic,after,koşma,"yavrum,","terleyeceksin!""",koş-NEG.IMP.2SG,koş-ma,1,6,7,30,1,4,5,14,33
40,10,cue_onset,False,1323,"""Koşma yavrum, terleyeceksin!"" Ah şu büyükleriniz! Bir türlü vazgeçmezler sizleri uyarmaktan...",negation,syntactic,after,koşma,"yavrum,","terleyeceksin!""",koş-NEG.IMP.2SG,koş-ma,1,6,7,30,1,4,5,14,33
40,11,cue_onset,False,1324,"""Koşma yavrum, terleyeceksin!"" Ah şu büyükleriniz! Bir türlü vazgeçmezler sizleri uyarmaktan...",negation,syntactic,after,koşma,"yavrum,","terleyeceksin!""",koş-NEG.IMP.2SG,koş-ma,1,6,7,30,1,4,5,14,33
40,12,cue_onset,False,1325,"""Koşma yavrum, terleyeceksin!"" Ah şu büyükleriniz! Bir türlü vazgeçmezler sizleri uyarmaktan...",negation,syntactic,after,koşma,"yavrum,","terleyeceksin!""",koş-NEG.IMP.2SG,koş-ma,1,6,7,30,1,4,5,14,33
40,13,cue_onset,False,1326,"""Koşma yavrum, terleyeceksin!"" Ah şu büyükleriniz! Bir türlü vazgeçmezler sizleri uyarmaktan...",negation,syntactic,after,koşma,"yavrum,","terleyeceksin!""",koş-NEG.IMP.2SG,koş-ma,1,6,7,30,1,4,5,14,33
40,14,cue_onset,False,1327,"""Koşma yavrum, terleyeceksin!"" Ah şu büyükleriniz! Bir türlü vazgeçmezler sizleri uyarmaktan...",negation,syntactic,after,koşma,"yavrum,","terleyeceksin!""",koş-NEG.IMP.2SG,koş-ma,1,6,7,30,1,4,5,14,33
40,15,post_cue,False,1328,"""Koşma yavrum, terleyeceksin!"" Ah şu büyükleriniz! Bir türlü vazgeçmezler sizleri uyarmaktan...",negation,syntactic,after,koşma,"yavrum,","terleyeceksin!""",koş-NEG.IMP.2SG,koş-ma,1,6,7,30,1,4,5,14,33
40,16,post_cue,False,1329,"""Koşma yavrum, terleyeceksin!"" Ah şu büyükleriniz! Bir türlü vazgeçmezler sizleri uyarmaktan...",negation,syntactic,after,koşma,"yavrum,","terleyeceksin!""",koş-NEG.IMP.2SG,koş-ma,1,6,7,30,1,4,5,14,33
40,17,post_cue,False,1330,"""Koşma yavrum, terleyeceksin!"" Ah şu büyükleriniz! Bir türlü vazgeçmezler sizleri uyarmaktan...",negation,syntactic,after,koşma,"yavrum,","terleyeceksin!""",koş-NEG.IMP.2SG,koş-ma,1,6,7,30,1,4,5,14,33
40,18,post_cue,False,1331,"""Koşma yavrum, terleyeceksin!"" Ah şu büyükleriniz! Bir türlü vazgeçmezler sizleri uyarmaktan...",negation,syntactic,after,koşma,"yavrum,","terleyeceksin!""",koş-NEG.IMP.2SG,koş-ma,1,6,7,30,1,4,5,14,33
40,19,post_cue,False,1332,"""Koşma yavrum, terleyeceksin!"" Ah şu büyükleriniz! Bir türlü vazgeçmezler sizleri uyarmaktan...",negation,syntactic,after,koşma,"yavrum,","terleyeceksin!""",koş-NEG.IMP.2SG,koş-ma,1,6,7,30,1,4,5,14,33
40,20,post_cue,False,1333,"""Koşma yavrum, terleyeceksin!"" Ah şu büyükleriniz! Bir türlü vazgeçmezler sizleri uyarmaktan...",negation,syntactic,after,koşma,"yavrum,","terleyeceksin!""",koş-NEG.IMP.2SG,koş-ma,1,6,7,30,1,4,5,14,33
40,21,post_cue,False,1334,"""Koşma yavrum, terleyeceksin!"" Ah şu büyükleriniz! Bir türlü vazgeçmezler sizleri uyarmaktan...",negation,syntactic,after,koşma,"yavrum,","terleyeceksin!""",koş-NEG.IMP.2SG,koş-ma,1,6,7,30,1,4,5,14,33
40,22,post_cue,False,1335,"""Koşma yavrum, terleyeceksin!"" Ah şu büyükleriniz! Bir türlü vazgeçmezler sizleri uyarmaktan...",negation,syntactic,after,koşma,"yavrum,","terleyeceksin!""",koş-NEG.IMP.2SG,koş-ma,1,6,7,30,1,4,5,14,33
40,23,post_cue,False,1336,"""Koşma yavrum, terleyeceksin!"" Ah şu büyükleriniz! Bir türlü vazgeçmezler sizleri uyarmaktan...",negation,syntactic,after,koşma,"yavrum,","terleyeceksin!""",koş-NEG.IMP.2SG,koş-ma,1,6,7,30,1,4,5,14,33
40,24,post_cue,False,1337,"""Koşma yavrum, terleyeceksin!"" Ah şu büyükleriniz! Bir türlü vazgeçmezler sizleri uyarmaktan...",negation,syntactic,after,koşma,"yavrum,","terleyeceksin!""",koş-NEG.IMP.2SG,koş-ma,1,6,7,30,1,4,5,14,33
40,25,post_cue,False,1338,"""Koşma yavrum, terleyeceksin!"" Ah şu büyükleriniz! Bir türlü vazgeçmezler sizleri uyarmaktan...",negation,syntactic,after,koşma,"yavrum,","terleyeceksin!""",koş-NEG.IMP.2SG,koş-ma,1,6,7,30,1,4,5,14,33
40,26,post_cue,False,1339,"""Koşma yavrum, terleyeceksin!"" Ah şu büyükleriniz! Bir türlü vazgeçmezler sizleri uyarmaktan...",negation,syntactic,after,koşma,"yavrum,","terleyeceksin!""",koş-NEG.IMP.2SG,koş-ma,1,6,7,30,1,4,5,14,33
40,27,post_cue,False,1340,"""Koşma yavrum, terleyeceksin!"" Ah şu büyükleriniz! Bir türlü vazgeçmezler sizleri uyarmaktan...",negation,syntactic,after,koşma,"yavrum,","terleyeceksin!""",koş-NEG.IMP.2SG,koş-ma,1,6,7,30,1,4,5,14,33
40,28,post_cue,False,1341,"""Koşma yavrum, terleyeceksin!"" Ah şu büyükleriniz! Bir türlü vazgeçmezler sizleri uyarmaktan...",negation,syntactic,after,koşma,"yavrum,","terleyeceksin!""",koş-NEG.IMP.2SG,koş-ma,1,6,7,30,1,4,5,14,33
40,29,post_cue,False,1342,"""Koşma yavrum, terleyeceksin!"" Ah şu büyükleriniz! Bir türlü vazgeçmezler sizleri uyarmaktan...",negation,syntactic,after,koşma,"yavrum,","terleyeceksin!""",koş-NEG.IMP.2SG,koş-ma,1,6,7,30,1,4,5,14,33
40,30,post_cue,False,1343,"""Koşma yavrum, terleyeceksin!"" Ah şu büyükleriniz! Bir türlü vazgeçmezler sizleri uyarmaktan...",negation,syntactic,after,koşma,"yavrum,","terleyeceksin!""",koş-NEG.IMP.2SG,koş-ma,1,6,7,30,1,4,5,14,33
40,31,post_cue,False,1344,"""Koşma yavrum, terleyeceksin!"" Ah şu büyükleriniz! Bir türlü vazgeçmezler sizleri uyarmaktan...",negation,syntactic,after,koşma,"yavrum,","terleyeceksin!""",koş-NEG.IMP.2SG,koş-ma,1,6,7,30,1,4,5,14,33
40,32,full_sentence,True,1345,"""Koşma yavrum, terleyeceksin!"" Ah şu büyükleriniz! Bir türlü vazgeçmezler sizleri uyarmaktan...",negation,syntactic,after,koşma,"yavrum,","terleyeceksin!""",koş-NEG.IMP.2SG,koş-ma,1,6,7,30,1,4,5,14,33
41,0,ambiguity_onset,False,1346,Koşma yavrum bunun adı.,nominalizer,syntactic,after,koşma,yavrum,adı.,koş-NMLZ,koş-ma,0,5,6,23,0,3,4,11,12
41,1,ambiguity_onset,False,1347,Koşma yavrum bunun adı.,nominalizer,syntactic,after,koşma,yavrum,adı.,koş-NMLZ,koş-ma,0,5,6,23,0,3,4,11,12
41,2,ambiguity_onset,False,1348,Koşma yavrum bunun adı.,nominalizer,syntactic,after,koşma,yavrum,adı.,koş-NMLZ,koş-ma,0,5,6,23,0,3,4,11,12
41,3,ambiguity_onset,False,1349,Koşma yavrum bunun adı.,nominalizer,syntactic,after,koşma,yavrum,adı.,koş-NMLZ,koş-ma,0,5,6,23,0,3,4,11,12
41,4,cue_onset,False,1350,Koşma yavrum bunun adı.,nominalizer,syntactic,after,koşma,yavrum,adı.,koş-NMLZ,koş-ma,0,5,6,23,0,3,4,11,12
41,5,cue_onset,False,1351,Koşma yavrum bunun adı.,nominalizer,syntactic,after,koşma,yavrum,adı.,koş-NMLZ,koş-ma,0,5,6,23,0,3,4,11,12
41,6,cue_onset,False,1352,Koşma yavrum bunun adı.,nominalizer,syntactic,after,koşma,yavrum,adı.,koş-NMLZ,koş-ma,0,5,6,23,0,3,4,11,12
41,7,cue_onset,False,1353,Koşma yavrum bunun adı.,nominalizer,syntactic,after,koşma,yavrum,adı.,koş-NMLZ,koş-ma,0,5,6,23,0,3,4,11,12
41,8,cue_onset,False,1354,Koşma yavrum bunun adı.,nominalizer,syntactic,after,koşma,yavrum,adı.,koş-NMLZ,koş-ma,0,5,6,23,0,3,4,11,12
41,9,cue_onset,False,1355,Koşma yavrum bunun adı.,nominalizer,syntactic,after,koşma,yavrum,adı.,koş-NMLZ,koş-ma,0,5,6,23,0,3,4,11,12
41,10,cue_onset,False,1356,Koşma yavrum bunun adı.,nominalizer,syntactic,after,koşma,yavrum,adı.,koş-NMLZ,koş-ma,0,5,6,23,0,3,4,11,12
41,11,full_sentence,True,1357,Koşma yavrum bunun adı.,nominalizer,syntactic,after,koşma,yavrum,adı.,koş-NMLZ,koş-ma,0,5,6,23,0,3,4,11,12
42,0,ambiguity_onset,False,1358,"Koşma yavrum, hece ölçüsüyle yazılır ve aşık edebiyatında bir nazım biçimidir.",nominalizer,semantic,after,koşma,hece,biçimidir.,koş-NMLZ,koş-ma,0,5,14,78,0,3,8,29,30
42,1,ambiguity_onset,False,1359,"Koşma yavrum, hece ölçüsüyle yazılır ve aşık edebiyatında bir nazım biçimidir.",nominalizer,semantic,after,koşma,hece,biçimidir.,koş-NMLZ,koş-ma,0,5,14,78,0,3,8,29,30
42,2,ambiguity_onset,False,1360,"Koşma yavrum, hece ölçüsüyle yazılır ve aşık edebiyatında bir nazım biçimidir.",nominalizer,semantic,after,koşma,hece,biçimidir.,koş-NMLZ,koş-ma,0,5,14,78,0,3,8,29,30
42,3,ambiguity_onset,False,1361,"Koşma yavrum, hece ölçüsüyle yazılır ve aşık edebiyatında bir nazım biçimidir.",nominalizer,semantic,after,koşma,hece,biçimidir.,koş-NMLZ,koş-ma,0,5,14,78,0,3,8,29,30
42,4,post_ambiguity_pre_cue,False,1362,"Koşma yavrum, hece ölçüsüyle yazılır ve aşık edebiyatında bir nazım biçimidir.",nominalizer,semantic,after,koşma,hece,biçimidir.,koş-NMLZ,koş-ma,0,5,14,78,0,3,8,29,30
42,5,post_ambiguity_pre_cue,False,1363,"Koşma yavrum, hece ölçüsüyle yazılır ve aşık edebiyatında bir nazım biçimidir.",nominalizer,semantic,after,koşma,hece,biçimidir.,koş-NMLZ,koş-ma,0,5,14,78,0,3,8,29,30
42,6,post_ambiguity_pre_cue,False,1364,"Koşma yavrum, hece ölçüsüyle yazılır ve aşık edebiyatında bir nazım biçimidir.",nominalizer,semantic,after,koşma,hece,biçimidir.,koş-NMLZ,koş-ma,0,5,14,78,0,3,8,29,30
42,7,post_ambiguity_pre_cue,False,1365,"Koşma yavrum, hece ölçüsüyle yazılır ve aşık edebiyatında bir nazım biçimidir.",nominalizer,semantic,after,koşma,hece,biçimidir.,koş-NMLZ,koş-ma,0,5,14,78,0,3,8,29,30
42,8,cue_onset,False,1366,"Koşma yavrum, hece ölçüsüyle yazılır ve aşık edebiyatında bir nazım biçimidir.",nominalizer,semantic,after,koşma,hece,biçimidir.,koş-NMLZ,koş-ma,0,5,14,78,0,3,8,29,30
42,9,cue_onset,False,1367,"Koşma yavrum, hece ölçüsüyle yazılır ve aşık edebiyatında bir nazım biçimidir.",nominalizer,semantic,after,koşma,hece,biçimidir.,koş-NMLZ,koş-ma,0,5,14,78,0,3,8,29,30
42,10,cue_onset,False,1368,"Koşma yavrum, hece ölçüsüyle yazılır ve aşık edebiyatında bir nazım biçimidir.",nominalizer,semantic,after,koşma,hece,biçimidir.,koş-NMLZ,koş-ma,0,5,14,78,0,3,8,29,30
42,11,cue_onset,False,1369,"Koşma yavrum, hece ölçüsüyle yazılır ve aşık edebiyatında bir nazım biçimidir.",nominalizer,semantic,after,koşma,hece,biçimidir.,koş-NMLZ,koş-ma,0,5,14,78,0,3,8,29,30
42,12,cue_onset,False,1370,"Koşma yavrum, hece ölçüsüyle yazılır ve aşık edebiyatında bir nazım biçimidir.",nominalizer,semantic,after,koşma,hece,biçimidir.,koş-NMLZ,koş-ma,0,5,14,78,0,3,8,29,30
42,13,cue_onset,False,1371,"Koşma yavrum, hece ölçüsüyle yazılır ve aşık edebiyatında bir nazım biçimidir.",nominalizer,semantic,after,koşma,hece,biçimidir.,koş-NMLZ,koş-ma,0,5,14,78,0,3,8,29,30
42,14,cue_onset,False,1372,"Koşma yavrum, hece ölçüsüyle yazılır ve aşık edebiyatında bir nazım biçimidir.",nominalizer,semantic,after,koşma,hece,biçimidir.,koş-NMLZ,koş-ma,0,5,14,78,0,3,8,29,30
42,15,cue_onset,False,1373,"Koşma yavrum, hece ölçüsüyle yazılır ve aşık edebiyatında bir nazım biçimidir.",nominalizer,semantic,after,koşma,hece,biçimidir.,koş-NMLZ,koş-ma,0,5,14,78,0,3,8,29,30
42,16,cue_onset,False,1374,"Koşma yavrum, hece ölçüsüyle yazılır ve aşık edebiyatında bir nazım biçimidir.",nominalizer,semantic,after,koşma,hece,biçimidir.,koş-NMLZ,koş-ma,0,5,14,78,0,3,8,29,30
42,17,cue_onset,False,1375,"Koşma yavrum, hece ölçüsüyle yazılır ve aşık edebiyatında bir nazım biçimidir.",nominalizer,semantic,after,koşma,hece,biçimidir.,koş-NMLZ,koş-ma,0,5,14,78,0,3,8,29,30
42,18,cue_onset,False,1376,"Koşma yavrum, hece ölçüsüyle yazılır ve aşık edebiyatında bir nazım biçimidir.",nominalizer,semantic,after,koşma,hece,biçimidir.,koş-NMLZ,koş-ma,0,5,14,78,0,3,8,29,30
42,19,cue_onset,False,1377,"Koşma yavrum, hece ölçüsüyle yazılır ve aşık edebiyatında bir nazım biçimidir.",nominalizer,semantic,after,koşma,hece,biçimidir.,koş-NMLZ,koş-ma,0,5,14,78,0,3,8,29,30
42,20,cue_onset,False,1378,"Koşma yavrum, hece ölçüsüyle yazılır ve aşık edebiyatında bir nazım biçimidir.",nominalizer,semantic,after,koşma,hece,biçimidir.,koş-NMLZ,koş-ma,0,5,14,78,0,3,8,29,30
42,21,cue_onset,False,1379,"Koşma yavrum, hece ölçüsüyle yazılır ve aşık edebiyatında bir nazım biçimidir.",nominalizer,semantic,after,koşma,hece,biçimidir.,koş-NMLZ,koş-ma,0,5,14,78,0,3,8,29,30
42,22,cue_onset,False,1380,"Koşma yavrum, hece ölçüsüyle yazılır ve aşık edebiyatında bir nazım biçimidir.",nominalizer,semantic,after,koşma,hece,biçimidir.,koş-NMLZ,koş-ma,0,5,14,78,0,3,8,29,30
42,23,cue_onset,False,1381,"Koşma yavrum, hece ölçüsüyle yazılır ve aşık edebiyatında bir nazım biçimidir.",nominalizer,semantic,after,koşma,hece,biçimidir.,koş-NMLZ,koş-ma,0,5,14,78,0,3,8,29,30
42,24,cue_onset,False,1382,"Koşma yavrum, hece ölçüsüyle yazılır ve aşık edebiyatında bir nazım biçimidir.",nominalizer,semantic,after,koşma,hece,biçimidir.,koş-NMLZ,koş-ma,0,5,14,78,0,3,8,29,30
42,25,cue_onset,False,1383,"Koşma yavrum, hece ölçüsüyle yazılır ve aşık edebiyatında bir nazım biçimidir.",nominalizer,semantic,after,koşma,hece,biçimidir.,koş-NMLZ,koş-ma,0,5,14,78,0,3,8,29,30
42,26,cue_onset,False,1384,"Koşma yavrum, hece ölçüsüyle yazılır ve aşık edebiyatında bir nazım biçimidir.",nominalizer,semantic,after,koşma,hece,biçimidir.,koş-NMLZ,koş-ma,0,5,14,78,0,3,8,29,30
42,27,cue_onset,False,1385,"Koşma yavrum, hece ölçüsüyle yazılır ve aşık edebiyatında bir nazım biçimidir.",nominalizer,semantic,after,koşma,hece,biçimidir.,koş-NMLZ,koş-ma,0,5,14,78,0,3,8,29,30
42,28,cue_onset,False,1386,"Koşma yavrum, hece ölçüsüyle yazılır ve aşık edebiyatında bir nazım biçimidir.",nominalizer,semantic,after,koşma,hece,biçimidir.,koş-NMLZ,koş-ma,0,5,14,78,0,3,8,29,30
42,29,full_sentence,True,1387,"Koşma yavrum, hece ölçüsüyle yazılır ve aşık edebiyatında bir nazım biçimidir.",nominalizer,semantic,after,koşma,hece,biçimidir.,koş-NMLZ,koş-ma,0,5,14,78,0,3,8,29,30
43,0,pre_ambiguity,False,1388,"Hece ölçüsüyle yazılır, koşma yavrum bu nazım biçiminin adı.",nominalizer,semantic,before,koşma,bu,adı.,koş-NMLZ,koş-ma,24,29,37,60,8,9,13,21,22
43,1,pre_ambiguity,False,1389,"Hece ölçüsüyle yazılır, koşma yavrum bu nazım biçiminin adı.",nominalizer,semantic,before,koşma,bu,adı.,koş-NMLZ,koş-ma,24,29,37,60,8,9,13,21,22
43,2,pre_ambiguity,False,1390,"Hece ölçüsüyle yazılır, koşma yavrum bu nazım biçiminin adı.",nominalizer,semantic,before,koşma,bu,adı.,koş-NMLZ,koş-ma,24,29,37,60,8,9,13,21,22
43,3,pre_ambiguity,False,1391,"Hece ölçüsüyle yazılır, koşma yavrum bu nazım biçiminin adı.",nominalizer,semantic,before,koşma,bu,adı.,koş-NMLZ,koş-ma,24,29,37,60,8,9,13,21,22
43,4,pre_ambiguity,False,1392,"Hece ölçüsüyle yazılır, koşma yavrum bu nazım biçiminin adı.",nominalizer,semantic,before,koşma,bu,adı.,koş-NMLZ,koş-ma,24,29,37,60,8,9,13,21,22
43,5,pre_ambiguity,False,1393,"Hece ölçüsüyle yazılır, koşma yavrum bu nazım biçiminin adı.",nominalizer,semantic,before,koşma,bu,adı.,koş-NMLZ,koş-ma,24,29,37,60,8,9,13,21,22
43,6,pre_ambiguity,False,1394,"Hece ölçüsüyle yazılır, koşma yavrum bu nazım biçiminin adı.",nominalizer,semantic,before,koşma,bu,adı.,koş-NMLZ,koş-ma,24,29,37,60,8,9,13,21,22
43,7,pre_ambiguity,False,1395,"Hece ölçüsüyle yazılır, koşma yavrum bu nazım biçiminin adı.",nominalizer,semantic,before,koşma,bu,adı.,koş-NMLZ,koş-ma,24,29,37,60,8,9,13,21,22
43,8,ambiguity_onset,False,1396,"Hece ölçüsüyle yazılır, koşma yavrum bu nazım biçiminin adı.",nominalizer,semantic,before,koşma,bu,adı.,koş-NMLZ,koş-ma,24,29,37,60,8,9,13,21,22
43,9,ambiguity_onset,False,1397,"Hece ölçüsüyle yazılır, koşma yavrum bu nazım biçiminin adı.",nominalizer,semantic,before,koşma,bu,adı.,koş-NMLZ,koş-ma,24,29,37,60,8,9,13,21,22
43,10,post_ambiguity_pre_cue,False,1398,"Hece ölçüsüyle yazılır, koşma yavrum bu nazım biçiminin adı.",nominalizer,semantic,before,koşma,bu,adı.,koş-NMLZ,koş-ma,24,29,37,60,8,9,13,21,22
43,11,post_ambiguity_pre_cue,False,1399,"Hece ölçüsüyle yazılır, koşma yavrum bu nazım biçiminin adı.",nominalizer,semantic,before,koşma,bu,adı.,koş-NMLZ,koş-ma,24,29,37,60,8,9,13,21,22
43,12,post_ambiguity_pre_cue,False,1400,"Hece ölçüsüyle yazılır, koşma yavrum bu nazım biçiminin adı.",nominalizer,semantic,before,koşma,bu,adı.,koş-NMLZ,koş-ma,24,29,37,60,8,9,13,21,22
43,13,cue_onset,False,1401,"Hece ölçüsüyle yazılır, koşma yavrum bu nazım biçiminin adı.",nominalizer,semantic,before,koşma,bu,adı.,koş-NMLZ,koş-ma,24,29,37,60,8,9,13,21,22
43,14,cue_onset,False,1402,"Hece ölçüsüyle yazılır, koşma yavrum bu nazım biçiminin adı.",nominalizer,semantic,before,koşma,bu,adı.,koş-NMLZ,koş-ma,24,29,37,60,8,9,13,21,22
43,15,cue_onset,False,1403,"Hece ölçüsüyle yazılır, koşma yavrum bu nazım biçiminin adı.",nominalizer,semantic,before,koşma,bu,adı.,koş-NMLZ,koş-ma,24,29,37,60,8,9,13,21,22
43,16,cue_onset,False,1404,"Hece ölçüsüyle yazılır, koşma yavrum bu nazım biçiminin adı.",nominalizer,semantic,before,koşma,bu,adı.,koş-NMLZ,koş-ma,24,29,37,60,8,9,13,21,22
43,17,cue_onset,False,1405,"Hece ölçüsüyle yazılır, koşma yavrum bu nazım biçiminin adı.",nominalizer,semantic,before,koşma,bu,adı.,koş-NMLZ,koş-ma,24,29,37,60,8,9,13,21,22
43,18,cue_onset,False,1406,"Hece ölçüsüyle yazılır, koşma yavrum bu nazım biçiminin adı.",nominalizer,semantic,before,koşma,bu,adı.,koş-NMLZ,koş-ma,24,29,37,60,8,9,13,21,22
43,19,cue_onset,False,1407,"Hece ölçüsüyle yazılır, koşma yavrum bu nazım biçiminin adı.",nominalizer,semantic,before,koşma,bu,adı.,koş-NMLZ,koş-ma,24,29,37,60,8,9,13,21,22
43,20,cue_onset,False,1408,"Hece ölçüsüyle yazılır, koşma yavrum bu nazım biçiminin adı.",nominalizer,semantic,before,koşma,bu,adı.,koş-NMLZ,koş-ma,24,29,37,60,8,9,13,21,22
43,21,full_sentence,True,1409,"Hece ölçüsüyle yazılır, koşma yavrum bu nazım biçiminin adı.",nominalizer,semantic,before,koşma,bu,adı.,koş-NMLZ,koş-ma,24,29,37,60,8,9,13,21,22
44,0,pre_ambiguity,False,1410,"Bir memnuniyet, bir teşekkür ki sorma gitsin.",negation,syntactic,after,sorma,gitsin.,gitsin.,sor-NEG.IMP.2SG,sor-ma,32,37,38,45,10,12,13,16,17
44,1,pre_ambiguity,False,1411,"Bir memnuniyet, bir teşekkür ki sorma gitsin.",negation,syntactic,after,sorma,gitsin.,gitsin.,sor-NEG.IMP.2SG,sor-ma,32,37,38,45,10,12,13,16,17
44,2,pre_ambiguity,False,1412,"Bir memnuniyet, bir teşekkür ki sorma gitsin.",negation,syntactic,after,sorma,gitsin.,gitsin.,sor-NEG.IMP.2SG,sor-ma,32,37,38,45,10,12,13,16,17
44,3,pre_ambiguity,False,1413,"Bir memnuniyet, bir teşekkür ki sorma gitsin.",negation,syntactic,after,sorma,gitsin.,gitsin.,sor-NEG.IMP.2SG,sor-ma,32,37,38,45,10,12,13,16,17
44,4,pre_ambiguity,False,1414,"Bir memnuniyet, bir teşekkür ki sorma gitsin.",negation,syntactic,after,sorma,gitsin.,gitsin.,sor-NEG.IMP.2SG,sor-ma,32,37,38,45,10,12,13,16,17
44,5,pre_ambiguity,False,1415,"Bir memnuniyet, bir teşekkür ki sorma gitsin.",negation,syntactic,after,sorma,gitsin.,gitsin.,sor-NEG.IMP.2SG,sor-ma,32,37,38,45,10,12,13,16,17
44,6,pre_ambiguity,False,1416,"Bir memnuniyet, bir teşekkür ki sorma gitsin.",negation,syntactic,after,sorma,gitsin.,gitsin.,sor-NEG.IMP.2SG,sor-ma,32,37,38,45,10,12,13,16,17
44,7,pre_ambiguity,False,1417,"Bir memnuniyet, bir teşekkür ki sorma gitsin.",negation,syntactic,after,sorma,gitsin.,gitsin.,sor-NEG.IMP.2SG,sor-ma,32,37,38,45,10,12,13,16,17
44,8,pre_ambiguity,False,1418,"Bir memnuniyet, bir teşekkür ki sorma gitsin.",negation,syntactic,after,sorma,gitsin.,gitsin.,sor-NEG.IMP.2SG,sor-ma,32,37,38,45,10,12,13,16,17
44,9,pre_ambiguity,False,1419,"Bir memnuniyet, bir teşekkür ki sorma gitsin.",negation,syntactic,after,sorma,gitsin.,gitsin.,sor-NEG.IMP.2SG,sor-ma,32,37,38,45,10,12,13,16,17
44,10,ambiguity_onset,False,1420,"Bir memnuniyet, bir teşekkür ki sorma gitsin.",negation,syntactic,after,sorma,gitsin.,gitsin.,sor-NEG.IMP.2SG,sor-ma,32,37,38,45,10,12,13,16,17
44,11,ambiguity_onset,False,1421,"Bir memnuniyet, bir teşekkür ki sorma gitsin.",negation,syntactic,after,sorma,gitsin.,gitsin.,sor-NEG.IMP.2SG,sor-ma,32,37,38,45,10,12,13,16,17
44,12,ambiguity_onset,False,1422,"Bir memnuniyet, bir teşekkür ki sorma gitsin.",negation,syntactic,after,sorma,gitsin.,gitsin.,sor-NEG.IMP.2SG,sor-ma,32,37,38,45,10,12,13,16,17
44,13,cue_onset,False,1423,"Bir memnuniyet, bir teşekkür ki sorma gitsin.",negation,syntactic,after,sorma,gitsin.,gitsin.,sor-NEG.IMP.2SG,sor-ma,32,37,38,45,10,12,13,16,17
44,14,cue_onset,False,1424,"Bir memnuniyet, bir teşekkür ki sorma gitsin.",negation,syntactic,after,sorma,gitsin.,gitsin.,sor-NEG.IMP.2SG,sor-ma,32,37,38,45,10,12,13,16,17
44,15,cue_onset,False,1425,"Bir memnuniyet, bir teşekkür ki sorma gitsin.",negation,syntactic,after,sorma,gitsin.,gitsin.,sor-NEG.IMP.2SG,sor-ma,32,37,38,45,10,12,13,16,17
44,16,full_sentence,True,1426,"Bir memnuniyet, bir teşekkür ki sorma gitsin.",negation,syntactic,after,sorma,gitsin.,gitsin.,sor-NEG.IMP.2SG,sor-ma,32,37,38,45,10,12,13,16,17
45,0,pre_ambiguity,False,1427,Kombi bozulunca 500 lira çıkma durumunda kaldı.,nominalizer,syntactic,after,çıkma,durumunda,kaldı.,çık-NMLZ,çık-ma,25,30,31,47,14,14,15,19,20
45,1,pre_ambiguity,False,1428,Kombi bozulunca 500 lira çıkma durumunda kaldı.,nominalizer,syntactic,after,çıkma,durumunda,kaldı.,çık-NMLZ,çık-ma,25,30,31,47,14,14,15,19,20
45,2,pre_ambiguity,False,1429,Kombi bozulunca 500 lira çıkma durumunda kaldı.,nominalizer,syntactic,after,çıkma,durumunda,kaldı.,çık-NMLZ,çık-ma,25,30,31,47,14,14,15,19,20
45,3,pre_ambiguity,False,1430,Kombi bozulunca 500 lira çıkma durumunda kaldı.,nominalizer,syntactic,after,çıkma,durumunda,kaldı.,çık-NMLZ,çık-ma,25,30,31,47,14,14,15,19,20
45,4,pre_ambiguity,False,1431,Kombi bozulunca 500 lira çıkma durumunda kaldı.,nominalizer,syntactic,after,çıkma,durumunda,kaldı.,çık-NMLZ,çık-ma,25,30,31,47,14,14,15,19,20
45,5,pre_ambiguity,False,1432,Kombi bozulunca 500 lira çıkma durumunda kaldı.,nominalizer,syntactic,after,çıkma,durumunda,kaldı.,çık-NMLZ,çık-ma,25,30,31,47,14,14,15,19,20
45,6,pre_ambiguity,False,1433,Kombi bozulunca 500 lira çıkma durumunda kaldı.,nominalizer,syntactic,after,çıkma,durumunda,kaldı.,çık-NMLZ,çık-ma,25,30,31,47,14,14,15,19,20
45,7,pre_ambiguity,False,1434,Kombi bozulunca 500 lira çıkma durumunda kaldı.,nominalizer,syntactic,after,çıkma,durumunda,kaldı.,çık-NMLZ,çık-ma,25,30,31,47,14,14,15,19,20
45,8,pre_ambiguity,False,1435,Kombi bozulunca 500 lira çıkma durumunda kaldı.,nominalizer,syntactic,after,çıkma,durumunda,kaldı.,çık-NMLZ,çık-ma,25,30,31,47,14,14,15,19,20
45,9,pre_ambiguity,False,1436,Kombi bozulunca 500 lira çıkma durumunda kaldı.,nominalizer,syntactic,after,çıkma,durumunda,kaldı.,çık-NMLZ,çık-ma,25,30,31,47,14,14,15,19,20
45,10,pre_ambiguity,False,1437,Kombi bozulunca 500 lira çıkma durumunda kaldı.,nominalizer,syntactic,after,çıkma,durumunda,kaldı.,çık-NMLZ,çık-ma,25,30,31,47,14,14,15,19,20
45,11,pre_ambiguity,False,1438,Kombi bozulunca 500 lira çıkma durumunda kaldı.,nominalizer,syntactic,after,çıkma,durumunda,kaldı.,çık-NMLZ,çık-ma,25,30,31,47,14,14,15,19,20
45,12,pre_ambiguity,False,1439,Kombi bozulunca 500 lira çıkma durumunda kaldı.,nominalizer,syntactic,after,çıkma,durumunda,kaldı.,çık-NMLZ,çık-ma,25,30,31,47,14,14,15,19,20
45,13,pre_ambiguity,False,1440,Kombi bozulunca 500 lira çıkma durumunda kaldı.,nominalizer,syntactic,after,çıkma,durumunda,kaldı.,çık-NMLZ,çık-ma,25,30,31,47,14,14,15,19,20
45,14,ambiguity_onset,False,1441,Kombi bozulunca 500 lira çıkma durumunda kaldı.,nominalizer,syntactic,after,çıkma,durumunda,kaldı.,çık-NMLZ,çık-ma,25,30,31,47,14,14,15,19,20
45,15,cue_onset,False,1442,Kombi bozulunca 500 lira çıkma durumunda kaldı.,nominalizer,syntactic,after,çıkma,durumunda,kaldı.,çık-NMLZ,çık-ma,25,30,31,47,14,14,15,19,20
45,16,cue_onset,False,1443,Kombi bozulunca 500 lira çıkma durumunda kaldı.,nominalizer,syntactic,after,çıkma,durumunda,kaldı.,çık-NMLZ,çık-ma,25,30,31,47,14,14,15,19,20
45,17,cue_onset,False,1444,Kombi bozulunca 500 lira çıkma durumunda kaldı.,nominalizer,syntactic,after,çıkma,durumunda,kaldı.,çık-NMLZ,çık-ma,25,30,31,47,14,14,15,19,20
45,18,cue_onset,False,1445,Kombi bozulunca 500 lira çıkma durumunda kaldı.,nominalizer,syntactic,after,çıkma,durumunda,kaldı.,çık-NMLZ,çık-ma,25,30,31,47,14,14,15,19,20
45,19,full_sentence,True,1446,Kombi bozulunca 500 lira çıkma durumunda kaldı.,nominalizer,syntactic,after,çıkma,durumunda,kaldı.,çık-NMLZ,çık-ma,25,30,31,47,14,14,15,19,20
46,0,pre_ambiguity,False,1447,"Hava çok soğuk, sen sakın evden çıkma.",negation,semantic,before,çıkma,sen,evden,çık-NEG.IMP.2SG,çık-ma,32,37,16,31,12,12,7,11,14
46,1,pre_ambiguity,False,1448,"Hava çok soğuk, sen sakın evden çıkma.",negation,semantic,before,çıkma,sen,evden,çık-NEG.IMP.2SG,çık-ma,32,37,16,31,12,12,7,11,14
46,2,pre_ambiguity,False,1449,"Hava çok soğuk, sen sakın evden çıkma.",negation,semantic,before,çıkma,sen,evden,çık-NEG.IMP.2SG,çık-ma,32,37,16,31,12,12,7,11,14
46,3,pre_ambiguity,False,1450,"Hava çok soğuk, sen sakın evden çıkma.",negation,semantic,before,çıkma,sen,evden,çık-NEG.IMP.2SG,çık-ma,32,37,16,31,12,12,7,11,14
46,4,pre_ambiguity,False,1451,"Hava çok soğuk, sen sakın evden çıkma.",negation,semantic,before,çıkma,sen,evden,çık-NEG.IMP.2SG,çık-ma,32,37,16,31,12,12,7,11,14
46,5,pre_ambiguity,False,1452,"Hava çok soğuk, sen sakın evden çıkma.",negation,semantic,before,çıkma,sen,evden,çık-NEG.IMP.2SG,çık-ma,32,37,16,31,12,12,7,11,14
46,6,pre_ambiguity,False,1453,"Hava çok soğuk, sen sakın evden çıkma.",negation,semantic,before,çıkma,sen,evden,çık-NEG.IMP.2SG,çık-ma,32,37,16,31,12,12,7,11,14
46,7,cue_onset,False,1454,"Hava çok soğuk, sen sakın evden çıkma.",negation,semantic,before,çıkma,sen,evden,çık-NEG.IMP.2SG,çık-ma,32,37,16,31,12,12,7,11,14
46,8,cue_onset,False,1455,"Hava çok soğuk, sen sakın evden çıkma.",negation,semantic,before,çıkma,sen,evden,çık-NEG.IMP.2SG,çık-ma,32,37,16,31,12,12,7,11,14
46,9,cue_onset,False,1456,"Hava çok soğuk, sen sakın evden çıkma.",negation,semantic,before,çıkma,sen,evden,çık-NEG.IMP.2SG,çık-ma,32,37,16,31,12,12,7,11,14
46,10,cue_onset,False,1457,"Hava çok soğuk, sen sakın evden çıkma.",negation,semantic,before,çıkma,sen,evden,çık-NEG.IMP.2SG,çık-ma,32,37,16,31,12,12,7,11,14
46,11,cue_onset,False,1458,"Hava çok soğuk, sen sakın evden çıkma.",negation,semantic,before,çıkma,sen,evden,çık-NEG.IMP.2SG,çık-ma,32,37,16,31,12,12,7,11,14
46,12,ambiguity_onset,False,1459,"Hava çok soğuk, sen sakın evden çıkma.",negation,semantic,before,çıkma,sen,evden,çık-NEG.IMP.2SG,çık-ma,32,37,16,31,12,12,7,11,14
46,13,full_sentence,True,1460,"Hava çok soğuk, sen sakın evden çıkma.",negation,semantic,before,çıkma,sen,evden,çık-NEG.IMP.2SG,çık-ma,32,37,16,31,12,12,7,11,14
47,0,ambiguity_onset,False,1461,"Ekme dedim ama dinlemedi , bütün parasını kaybetmiş .",negation,syntactic,after,ekme,dedim,dinlemedi,ek-NEG.IMP.2SG,ek-me,0,4,5,24,0,1,2,7,16
47,1,ambiguity_onset,False,1462,"Ekme dedim ama dinlemedi , bütün parasını kaybetmiş .",negation,syntactic,after,ekme,dedim,dinlemedi,ek-NEG.IMP.2SG,ek-me,0,4,5,24,0,1,2,7,16
47,2,cue_onset,False,1463,"Ekme dedim ama dinlemedi , bütün parasını kaybetmiş .",negation,syntactic,after,ekme,dedim,dinlemedi,ek-NEG.IMP.2SG,ek-me,0,4,5,24,0,1,2,7,16
47,3,cue_onset,False,1464,"Ekme dedim ama dinlemedi , bütün parasını kaybetmiş .",negation,syntactic,after,ekme,dedim,dinlemedi,ek-NEG.IMP.2SG,ek-me,0,4,5,24,0,1,2,7,16
47,4,cue_onset,False,1465,"Ekme dedim ama dinlemedi , bütün parasını kaybetmiş .",negation,syntactic,after,ekme,dedim,dinlemedi,ek-NEG.IMP.2SG,ek-me,0,4,5,24,0,1,2,7,16
47,5,cue_onset,False,1466,"Ekme dedim ama dinlemedi , bütün parasını kaybetmiş .",negation,syntactic,after,ekme,dedim,dinlemedi,ek-NEG.IMP.2SG,ek-me,0,4,5,24,0,1,2,7,16
47,6,cue_onset,False,1467,"Ekme dedim ama dinlemedi , bütün parasını kaybetmiş .",negation,syntactic,after,ekme,dedim,dinlemedi,ek-NEG.IMP.2SG,ek-me,0,4,5,24,0,1,2,7,16
47,7,cue_onset,False,1468,"Ekme dedim ama dinlemedi , bütün parasını kaybetmiş .",negation,syntactic,after,ekme,dedim,dinlemedi,ek-NEG.IMP.2SG,ek-me,0,4,5,24,0,1,2,7,16
47,8,post_cue,False,1469,"Ekme dedim ama dinlemedi , bütün parasını kaybetmiş .",negation,syntactic,after,ekme,dedim,dinlemedi,ek-NEG.IMP.2SG,ek-me,0,4,5,24,0,1,2,7,16
47,9,post_cue,False,1470,"Ekme dedim ama dinlemedi , bütün parasını kaybetmiş .",negation,syntactic,after,ekme,dedim,dinlemedi,ek-NEG.IMP.2SG,ek-me,0,4,5,24,0,1,2,7,16
47,10,post_cue,False,1471,"Ekme dedim ama dinlemedi , bütün parasını kaybetmiş .",negation,syntactic,after,ekme,dedim,dinlemedi,ek-NEG.IMP.2SG,ek-me,0,4,5,24,0,1,2,7,16
47,11,post_cue,False,1472,"Ekme dedim ama dinlemedi , bütün parasını kaybetmiş .",negation,syntactic,after,ekme,dedim,dinlemedi,ek-NEG.IMP.2SG,ek-me,0,4,5,24,0,1,2,7,16
47,12,post_cue,False,1473,"Ekme dedim ama dinlemedi , bütün parasını kaybetmiş .",negation,syntactic,after,ekme,dedim,dinlemedi,ek-NEG.IMP.2SG,ek-me,0,4,5,24,0,1,2,7,16
47,13,post_cue,False,1474,"Ekme dedim ama dinlemedi , bütün parasını kaybetmiş .",negation,syntactic,after,ekme,dedim,dinlemedi,ek-NEG.IMP.2SG,ek-me,0,4,5,24,0,1,2,7,16
47,14,post_cue,False,1475,"Ekme dedim ama dinlemedi , bütün parasını kaybetmiş .",negation,syntactic,after,ekme,dedim,dinlemedi,ek-NEG.IMP.2SG,ek-me,0,4,5,24,0,1,2,7,16
47,15,full_sentence,True,1476,"Ekme dedim ama dinlemedi , bütün parasını kaybetmiş .",negation,syntactic,after,ekme,dedim,dinlemedi,ek-NEG.IMP.2SG,ek-me,0,4,5,24,0,1,2,7,16
48,0,pre_ambiguity,False,1477,Bütün bu projeler süresince israfa kaçma lütfen mümkünse .,negation,syntactic,after,kaçma,lütfen,mümkünse,kaç-NEG.IMP.2SG,kaç-ma,35,40,41,56,12,13,14,19,21
48,1,pre_ambiguity,False,1478,Bütün bu projeler süresince israfa kaçma lütfen mümkünse .,negation,syntactic,after,kaçma,lütfen,mümkünse,kaç-NEG.IMP.2SG,kaç-ma,35,40,41,56,12,13,14,19,21
48,2,pre_ambiguity,False,1479,Bütün bu projeler süresince israfa kaçma lütfen mümkünse .,negation,syntactic,after,kaçma,lütfen,mümkünse,kaç-NEG.IMP.2SG,kaç-ma,35,40,41,56,12,13,14,19,21
48,3,pre_ambiguity,False,1480,Bütün bu projeler süresince israfa kaçma lütfen mümkünse .,negation,syntactic,after,kaçma,lütfen,mümkünse,kaç-NEG.IMP.2SG,kaç-ma,35,40,41,56,12,13,14,19,21
48,4,pre_ambiguity,False,1481,Bütün bu projeler süresince israfa kaçma lütfen mümkünse .,negation,syntactic,after,kaçma,lütfen,mümkünse,kaç-NEG.IMP.2SG,kaç-ma,35,40,41,56,12,13,14,19,21
48,5,pre_ambiguity,False,1482,Bütün bu projeler süresince israfa kaçma lütfen mümkünse .,negation,syntactic,after,kaçma,lütfen,mümkünse,kaç-NEG.IMP.2SG,kaç-ma,35,40,41,56,12,13,14,19,21
48,6,pre_ambiguity,False,1483,Bütün bu projeler süresince israfa kaçma lütfen mümkünse .,negation,syntactic,after,kaçma,lütfen,mümkünse,kaç-NEG.IMP.2SG,kaç-ma,35,40,41,56,12,13,14,19,21
48,7,pre_ambiguity,False,1484,Bütün bu projeler süresince israfa kaçma lütfen mümkünse .,negation,syntactic,after,kaçma,lütfen,mümkünse,kaç-NEG.IMP.2SG,kaç-ma,35,40,41,56,12,13,14,19,21
48,8,pre_ambiguity,False,1485,Bütün bu projeler süresince israfa kaçma lütfen mümkünse .,negation,syntactic,after,kaçma,lütfen,mümkünse,kaç-NEG.IMP.2SG,kaç-ma,35,40,41,56,12,13,14,19,21
48,9,pre_ambiguity,False,1486,Bütün bu projeler süresince israfa kaçma lütfen mümkünse .,negation,syntactic,after,kaçma,lütfen,mümkünse,kaç-NEG.IMP.2SG,kaç-ma,35,40,41,56,12,13,14,19,21
48,10,pre_ambiguity,False,1487,Bütün bu projeler süresince israfa kaçma lütfen mümkünse .,negation,syntactic,after,kaçma,lütfen,mümkünse,kaç-NEG.IMP.2SG,kaç-ma,35,40,41,56,12,13,14,19,21
48,11,pre_ambiguity,False,1488,Bütün bu projeler süresince israfa kaçma lütfen mümkünse .,negation,syntactic,after,kaçma,lütfen,mümkünse,kaç-NEG.IMP.2SG,kaç-ma,35,40,41,56,12,13,14,19,21
48,12,ambiguity_onset,False,1489,Bütün bu projeler süresince israfa kaçma lütfen mümkünse .,negation,syntactic,after,kaçma,lütfen,mümkünse,kaç-NEG.IMP.2SG,kaç-ma,35,40,41,56,12,13,14,19,21
48,13,ambiguity_onset,False,1490,Bütün bu projeler süresince israfa kaçma lütfen mümkünse .,negation,syntactic,after,kaçma,lütfen,mümkünse,kaç-NEG.IMP.2SG,kaç-ma,35,40,41,56,12,13,14,19,21
48,14,cue_onset,False,1491,Bütün bu projeler süresince israfa kaçma lütfen mümkünse .,negation,syntactic,after,kaçma,lütfen,mümkünse,kaç-NEG.IMP.2SG,kaç-ma,35,40,41,56,12,13,14,19,21
48,15,cue_onset,False,1492,Bütün bu projeler süresince israfa kaçma lütfen mümkünse .,negation,syntactic,after,kaçma,lütfen,mümkünse,kaç-NEG.IMP.2SG,kaç-ma,35,40,41,56,12,13,14,19,21
48,16,cue_onset,False,1493,Bütün bu projeler süresince israfa kaçma lütfen mümkünse .,negation,syntactic,after,kaçma,lütfen,mümkünse,kaç-NEG.IMP.2SG,kaç-ma,35,40,41,56,12,13,14,19,21
48,17,cue_onset,False,1494,Bütün bu projeler süresince israfa kaçma lütfen mümkünse .,negation,syntactic,after,kaçma,lütfen,mümkünse,kaç-NEG.IMP.2SG,kaç-ma,35,40,41,56,12,13,14,19,21
48,18,cue_onset,False,1495,Bütün bu projeler süresince israfa kaçma lütfen mümkünse .,negation,syntactic,after,kaçma,lütfen,mümkünse,kaç-NEG.IMP.2SG,kaç-ma,35,40,41,56,12,13,14,19,21
48,19,cue_onset,False,1496,Bütün bu projeler süresince israfa kaçma lütfen mümkünse .,negation,syntactic,after,kaçma,lütfen,mümkünse,kaç-NEG.IMP.2SG,kaç-ma,35,40,41,56,12,13,14,19,21
48,20,full_sentence,True,1497,Bütün bu projeler süresince israfa kaçma lütfen mümkünse .,negation,syntactic,after,kaçma,lütfen,mümkünse,kaç-NEG.IMP.2SG,kaç-ma,35,40,41,56,12,13,14,19,21
49,0,cue_onset,False,1498,"Rahat bırak şu kızı artık, elleşme durup durup!",negation,semantic,before,elleşme,Rahat,"artık,",elleş-NEG.IMP.2SG,elleş-me,27,34,0,26,9,11,0,8,17
49,1,cue_onset,False,1499,"Rahat bırak şu kızı artık, elleşme durup durup!",negation,semantic,before,elleşme,Rahat,"artık,",elleş-NEG.IMP.2SG,elleş-me,27,34,0,26,9,11,0,8,17
49,2,cue_onset,False,1500,"Rahat bırak şu kızı artık, elleşme durup durup!",negation,semantic,before,elleşme,Rahat,"artık,",elleş-NEG.IMP.2SG,elleş-me,27,34,0,26,9,11,0,8,17
49,3,cue_onset,False,1501,"Rahat bırak şu kızı artık, elleşme durup durup!",negation,semantic,before,elleşme,Rahat,"artık,",elleş-NEG.IMP.2SG,elleş-me,27,34,0,26,9,11,0,8,17
49,4,cue_onset,False,1502,"Rahat bırak şu kızı artık, elleşme durup durup!",negation,semantic,before,elleşme,Rahat,"artık,",elleş-NEG.IMP.2SG,elleş-me,27,34,0,26,9,11,0,8,17
49,5,cue_onset,False,1503,"Rahat bırak şu kızı artık, elleşme durup durup!",negation,semantic,before,elleşme,Rahat,"artık,",elleş-NEG.IMP.2SG,elleş-me,27,34,0,26,9,11,0,8,17
49,6,cue_onset,False,1504,"Rahat bırak şu kızı artık, elleşme durup durup!",negation,semantic,before,elleşme,Rahat,"artık,",elleş-NEG.IMP.2SG,elleş-me,27,34,0,26,9,11,0,8,17
49,7,cue_onset,False,1505,"Rahat bırak şu kızı artık, elleşme durup durup!",negation,semantic,before,elleşme,Rahat,"artık,",elleş-NEG.IMP.2SG,elleş-me,27,34,0,26,9,11,0,8,17
49,8,cue_onset,False,1506,"Rahat bırak şu kızı artık, elleşme durup durup!",negation,semantic,before,elleşme,Rahat,"artık,",elleş-NEG.IMP.2SG,elleş-me,27,34,0,26,9,11,0,8,17
49,9,ambiguity_onset,False,1507,"Rahat bırak şu kızı artık, elleşme durup durup!",negation,semantic,before,elleşme,Rahat,"artık,",elleş-NEG.IMP.2SG,elleş-me,27,34,0,26,9,11,0,8,17
49,10,ambiguity_onset,False,1508,"Rahat bırak şu kızı artık, elleşme durup durup!",negation,semantic,before,elleşme,Rahat,"artık,",elleş-NEG.IMP.2SG,elleş-me,27,34,0,26,9,11,0,8,17
49,11,ambiguity_onset,False,1509,"Rahat bırak şu kızı artık, elleşme durup durup!",negation,semantic,before,elleşme,Rahat,"artık,",elleş-NEG.IMP.2SG,elleş-me,27,34,0,26,9,11,0,8,17
49,12,post_cue,False,1510,"Rahat bırak şu kızı artık, elleşme durup durup!",negation,semantic,before,elleşme,Rahat,"artık,",elleş-NEG.IMP.2SG,elleş-me,27,34,0,26,9,11,0,8,17
49,13,post_cue,False,1511,"Rahat bırak şu kızı artık, elleşme durup durup!",negation,semantic,before,elleşme,Rahat,"artık,",elleş-NEG.IMP.2SG,elleş-me,27,34,0,26,9,11,0,8,17
49,14,post_cue,False,1512,"Rahat bırak şu kızı artık, elleşme durup durup!",negation,semantic,before,elleşme,Rahat,"artık,",elleş-NEG.IMP.2SG,elleş-me,27,34,0,26,9,11,0,8,17
49,15,post_cue,False,1513,"Rahat bırak şu kızı artık, elleşme durup durup!",negation,semantic,before,elleşme,Rahat,"artık,",elleş-NEG.IMP.2SG,elleş-me,27,34,0,26,9,11,0,8,17
49,16,full_sentence,True,1514,"Rahat bırak şu kızı artık, elleşme durup durup!",negation,semantic,before,elleşme,Rahat,"artık,",elleş-NEG.IMP.2SG,elleş-me,27,34,0,26,9,11,0,8,17
50,0,cue_onset,False,1515,Durup durup kıza elleşme!,negation,syntactic,before,elleşme,Durup,kıza,elleş-NEG.IMP.2SG,elleş-me,17,24,0,16,6,8,0,5,10
50,1,cue_onset,False,1516,Durup durup kıza elleşme!,negation,syntactic,before,elleşme,Durup,kıza,elleş-NEG.IMP.2SG,elleş-me,17,24,0,16,6,8,0,5,10
50,2,cue_onset,False,1517,Durup durup kıza elleşme!,negation,syntactic,before,elleşme,Durup,kıza,elleş-NEG.IMP.2SG,elleş-me,17,24,0,16,6,8,0,5,10
50,3,cue_onset,False,1518,Durup durup kıza elleşme!,negation,syntactic,before,elleşme,Durup,kıza,elleş-NEG.IMP.2SG,elleş-me,17,24,0,16,6,8,0,5,10
50,4,cue_onset,False,1519,Durup durup kıza elleşme!,negation,syntactic,before,elleşme,Durup,kıza,elleş-NEG.IMP.2SG,elleş-me,17,24,0,16,6,8,0,5,10
50,5,cue_onset,False,1520,Durup durup kıza elleşme!,negation,syntactic,before,elleşme,Durup,kıza,elleş-NEG.IMP.2SG,elleş-me,17,24,0,16,6,8,0,5,10
50,6,ambiguity_onset,False,1521,Durup durup kıza elleşme!,negation,syntactic,before,elleşme,Durup,kıza,elleş-NEG.IMP.2SG,elleş-me,17,24,0,16,6,8,0,5,10
50,7,ambiguity_onset,False,1522,Durup durup kıza elleşme!,negation,syntactic,before,elleşme,Durup,kıza,elleş-NEG.IMP.2SG,elleş-me,17,24,0,16,6,8,0,5,10
50,8,ambiguity_onset,False,1523,Durup durup kıza elleşme!,negation,syntactic,before,elleşme,Durup,kıza,elleş-NEG.IMP.2SG,elleş-me,17,24,0,16,6,8,0,5,10
50,9,full_sentence,True,1524,Durup durup kıza elleşme!,negation,syntactic,before,elleşme,Durup,kıza,elleş-NEG.IMP.2SG,elleş-me,17,24,0,16,6,8,0,5,10
51,0,pre_ambiguity,False,1525,"Nerede güzel görsen ona çevrilme , bizim ilde cana kıyan beyler var",negation,syntactic,before,çevrilme,ona,ona,çevril-NEG.IMP.2SG / çev-PASS-NEG.IMP.2SG,çevril-me / çevir-il-me,24,32,20,23,9,11,7,8,24
51,1,pre_ambiguity,False,1526,"Nerede güzel görsen ona çevrilme , bizim ilde cana kıyan beyler var",negation,syntactic,before,çevrilme,ona,ona,çevril-NEG.IMP.2SG / çev-PASS-NEG.IMP.2SG,çevril-me / çevir-il-me,24,32,20,23,9,11,7,8,24
51,2,pre_ambiguity,False,1527,"Nerede güzel görsen ona çevrilme , bizim ilde cana kıyan beyler var",negation,syntactic,before,çevrilme,ona,ona,çevril-NEG.IMP.2SG / çev-PASS-NEG.IMP.2SG,çevril-me / çevir-il-me,24,32,20,23,9,11,7,8,24
51,3,pre_ambiguity,False,1528,"Nerede güzel görsen ona çevrilme , bizim ilde cana kıyan beyler var",negation,syntactic,before,çevrilme,ona,ona,çevril-NEG.IMP.2SG / çev-PASS-NEG.IMP.2SG,çevril-me / çevir-il-me,24,32,20,23,9,11,7,8,24
51,4,pre_ambiguity,False,1529,"Nerede güzel görsen ona çevrilme , bizim ilde cana kıyan beyler var",negation,syntactic,before,çevrilme,ona,ona,çevril-NEG.IMP.2SG / çev-PASS-NEG.IMP.2SG,çevril-me / çevir-il-me,24,32,20,23,9,11,7,8,24
51,5,pre_ambiguity,False,1530,"Nerede güzel görsen ona çevrilme , bizim ilde cana kıyan beyler var",negation,syntactic,before,çevrilme,ona,ona,çevril-NEG.IMP.2SG / çev-PASS-NEG.IMP.2SG,çevril-me / çevir-il-me,24,32,20,23,9,11,7,8,24
51,6,pre_ambiguity,False,1531,"Nerede güzel görsen ona çevrilme , bizim ilde cana kıyan beyler var",negation,syntactic,before,çevrilme,ona,ona,çevril-NEG.IMP.2SG / çev-PASS-NEG.IMP.2SG,çevril-me / çevir-il-me,24,32,20,23,9,11,7,8,24
51,7,cue_onset,False,1532,"Nerede güzel görsen ona çevrilme , bizim ilde cana kıyan beyler var",negation,syntactic,before,çevrilme,ona,ona,çevril-NEG.IMP.2SG / çev-PASS-NEG.IMP.2SG,çevril-me / çevir-il-me,24,32,20,23,9,11,7,8,24
51,8,cue_onset,False,1533,"Nerede güzel görsen ona çevrilme , bizim ilde cana kıyan beyler var",negation,syntactic,before,çevrilme,ona,ona,çevril-NEG.IMP.2SG / çev-PASS-NEG.IMP.2SG,çevril-me / çevir-il-me,24,32,20,23,9,11,7,8,24
51,9,ambiguity_onset,False,1534,"Nerede güzel görsen ona çevrilme , bizim ilde cana kıyan beyler var",negation,syntactic,before,çevrilme,ona,ona,çevril-NEG.IMP.2SG / çev-PASS-NEG.IMP.2SG,çevril-me / çevir-il-me,24,32,20,23,9,11,7,8,24
51,10,ambiguity_onset,False,1535,"Nerede güzel görsen ona çevrilme , bizim ilde cana kıyan beyler var",negation,syntactic,before,çevrilme,ona,ona,çevril-NEG.IMP.2SG / çev-PASS-NEG.IMP.2SG,çevril-me / çevir-il-me,24,32,20,23,9,11,7,8,24
51,11,ambiguity_onset,False,1536,"Nerede güzel görsen ona çevrilme , bizim ilde cana kıyan beyler var",negation,syntactic,before,çevrilme,ona,ona,çevril-NEG.IMP.2SG / çev-PASS-NEG.IMP.2SG,çevril-me / çevir-il-me,24,32,20,23,9,11,7,8,24
51,12,post_cue,False,1537,"Nerede güzel görsen ona çevrilme , bizim ilde cana kıyan beyler var",negation,syntactic,before,çevrilme,ona,ona,çevril-NEG.IMP.2SG / çev-PASS-NEG.IMP.2SG,çevril-me / çevir-il-me,24,32,20,23,9,11,7,8,24
51,13,post_cue,False,1538,"Nerede güzel görsen ona çevrilme , bizim ilde cana kıyan beyler var",negation,syntactic,before,çevrilme,ona,ona,çevril-NEG.IMP.2SG / çev-PASS-NEG.IMP.2SG,çevril-me / çevir-il-me,24,32,20,23,9,11,7,8,24
51,14,post_cue,False,1539,"Nerede güzel görsen ona çevrilme , bizim ilde cana kıyan beyler var",negation,syntactic,before,çevrilme,ona,ona,çevril-NEG.IMP.2SG / çev-PASS-NEG.IMP.2SG,çevril-me / çevir-il-me,24,32,20,23,9,11,7,8,24
51,15,post_cue,False,1540,"Nerede güzel görsen ona çevrilme , bizim ilde cana kıyan beyler var",negation,syntactic,before,çevrilme,ona,ona,çevril-NEG.IMP.2SG / çev-PASS-NEG.IMP.2SG,çevril-me / çevir-il-me,24,32,20,23,9,11,7,8,24
51,16,post_cue,False,1541,"Nerede güzel görsen ona çevrilme , bizim ilde cana kıyan beyler var",negation,syntactic,before,çevrilme,ona,ona,çevril-NEG.IMP.2SG / çev-PASS-NEG.IMP.2SG,çevril-me / çevir-il-me,24,32,20,23,9,11,7,8,24
51,17,post_cue,False,1542,"Nerede güzel görsen ona çevrilme , bizim ilde cana kıyan beyler var",negation,syntactic,before,çevrilme,ona,ona,çevril-NEG.IMP.2SG / çev-PASS-NEG.IMP.2SG,çevril-me / çevir-il-me,24,32,20,23,9,11,7,8,24
51,18,post_cue,False,1543,"Nerede güzel görsen ona çevrilme , bizim ilde cana kıyan beyler var",negation,syntactic,before,çevrilme,ona,ona,çevril-NEG.IMP.2SG / çev-PASS-NEG.IMP.2SG,çevril-me / çevir-il-me,24,32,20,23,9,11,7,8,24
51,19,post_cue,False,1544,"Nerede güzel görsen ona çevrilme , bizim ilde cana kıyan beyler var",negation,syntactic,before,çevrilme,ona,ona,çevril-NEG.IMP.2SG / çev-PASS-NEG.IMP.2SG,çevril-me / çevir-il-me,24,32,20,23,9,11,7,8,24
51,20,post_cue,False,1545,"Nerede güzel görsen ona çevrilme , bizim ilde cana kıyan beyler var",negation,syntactic,before,çevrilme,ona,ona,çevril-NEG.IMP.2SG / çev-PASS-NEG.IMP.2SG,çevril-me / çevir-il-me,24,32,20,23,9,11,7,8,24
51,21,post_cue,False,1546,"Nerede güzel görsen ona çevrilme , bizim ilde cana kıyan beyler var",negation,syntactic,before,çevrilme,ona,ona,çevril-NEG.IMP.2SG / çev-PASS-NEG.IMP.2SG,çevril-me / çevir-il-me,24,32,20,23,9,11,7,8,24
51,22,post_cue,False,1547,"Nerede güzel görsen ona çevrilme , bizim ilde cana kıyan beyler var",negation,syntactic,before,çevrilme,ona,ona,çevril-NEG.IMP.2SG / çev-PASS-NEG.IMP.2SG,çevril-me / çevir-il-me,24,32,20,23,9,11,7,8,24
51,23,full_sentence,True,1548,"Nerede güzel görsen ona çevrilme , bizim ilde cana kıyan beyler var",negation,syntactic,before,çevrilme,ona,ona,çevril-NEG.IMP.2SG / çev-PASS-NEG.IMP.2SG,çevril-me / çevir-il-me,24,32,20,23,9,11,7,8,24
52,0,pre_ambiguity,False,1549,"Nerede güzel görsen ona çevirme yüzünü, bizim ilde cana kıyan beyler var.",negation,syntactic,after,çevirme,"yüzünü,","yüzünü,",çevir-NEG.IMP.2SG,çevir-me,24,31,32,39,9,10,11,13,26
52,1,pre_ambiguity,False,1550,"Nerede güzel görsen ona çevirme yüzünü, bizim ilde cana kıyan beyler var.",negation,syntactic,after,çevirme,"yüzünü,","yüzünü,",çevir-NEG.IMP.2SG,çevir-me,24,31,32,39,9,10,11,13,26
52,2,pre_ambiguity,False,1551,"Nerede güzel görsen ona çevirme yüzünü, bizim ilde cana kıyan beyler var.",negation,syntactic,after,çevirme,"yüzünü,","yüzünü,",çevir-NEG.IMP.2SG,çevir-me,24,31,32,39,9,10,11,13,26
52,3,pre_ambiguity,False,1552,"Nerede güzel görsen ona çevirme yüzünü, bizim ilde cana kıyan beyler var.",negation,syntactic,after,çevirme,"yüzünü,","yüzünü,",çevir-NEG.IMP.2SG,çevir-me,24,31,32,39,9,10,11,13,26
52,4,pre_ambiguity,False,1553,"Nerede güzel görsen ona çevirme yüzünü, bizim ilde cana kıyan beyler var.",negation,syntactic,after,çevirme,"yüzünü,","yüzünü,",çevir-NEG.IMP.2SG,çevir-me,24,31,32,39,9,10,11,13,26
52,5,pre_ambiguity,False,1554,"Nerede güzel görsen ona çevirme yüzünü, bizim ilde cana kıyan beyler var.",negation,syntactic,after,çevirme,"yüzünü,","yüzünü,",çevir-NEG.IMP.2SG,çevir-me,24,31,32,39,9,10,11,13,26
52,6,pre_ambiguity,False,1555,"Nerede güzel görsen ona çevirme yüzünü, bizim ilde cana kıyan beyler var.",negation,syntactic,after,çevirme,"yüzünü,","yüzünü,",çevir-NEG.IMP.2SG,çevir-me,24,31,32,39,9,10,11,13,26
52,7,pre_ambiguity,False,1556,"Nerede güzel görsen ona çevirme yüzünü, bizim ilde cana kıyan beyler var.",negation,syntactic,after,çevirme,"yüzünü,","yüzünü,",çevir-NEG.IMP.2SG,çevir-me,24,31,32,39,9,10,11,13,26
52,8,pre_ambiguity,False,1557,"Nerede güzel görsen ona çevirme yüzünü, bizim ilde cana kıyan beyler var.",negation,syntactic,after,çevirme,"yüzünü,","yüzünü,",çevir-NEG.IMP.2SG,çevir-me,24,31,32,39,9,10,11,13,26
52,9,ambiguity_onset,False,1558,"Nerede güzel görsen ona çevirme yüzünü, bizim ilde cana kıyan beyler var.",negation,syntactic,after,çevirme,"yüzünü,","yüzünü,",çevir-NEG.IMP.2SG,çevir-me,24,31,32,39,9,10,11,13,26
52,10,ambiguity_onset,False,1559,"Nerede güzel görsen ona çevirme yüzünü, bizim ilde cana kıyan beyler var.",negation,syntactic,after,çevirme,"yüzünü,","yüzünü,",çevir-NEG.IMP.2SG,çevir-me,24,31,32,39,9,10,11,13,26
52,11,cue_onset,False,1560,"Nerede güzel görsen ona çevirme yüzünü, bizim ilde cana kıyan beyler var.",negation,syntactic,after,çevirme,"yüzünü,","yüzünü,",çevir-NEG.IMP.2SG,çevir-me,24,31,32,39,9,10,11,13,26
52,12,cue_onset,False,1561,"Nerede güzel görsen ona çevirme yüzünü, bizim ilde cana kıyan beyler var.",negation,syntactic,after,çevirme,"yüzünü,","yüzünü,",çevir-NEG.IMP.2SG,çevir-me,24,31,32,39,9,10,11,13,26
52,13,cue_onset,False,1562,"Nerede güzel görsen ona çevirme yüzünü, bizim ilde cana kıyan beyler var.",negation,syntactic,after,çevirme,"yüzünü,","yüzünü,",çevir-NEG.IMP.2SG,çevir-me,24,31,32,39,9,10,11,13,26
52,14,post_cue,False,1563,"Nerede güzel görsen ona çevirme yüzünü, bizim ilde cana kıyan beyler var.",negation,syntactic,after,çevirme,"yüzünü,","yüzünü,",çevir-NEG.IMP.2SG,çevir-me,24,31,32,39,9,10,11,13,26
52,15,post_cue,False,1564,"Nerede güzel görsen ona çevirme yüzünü, bizim ilde cana kıyan beyler var.",negation,syntactic,after,çevirme,"yüzünü,","yüzünü,",çevir-NEG.IMP.2SG,çevir-me,24,31,32,39,9,10,11,13,26
52,16,post_cue,False,1565,"Nerede güzel görsen ona çevirme yüzünü, bizim ilde cana kıyan beyler var.",negation,syntactic,after,çevirme,"yüzünü,","yüzünü,",çevir-NEG.IMP.2SG,çevir-me,24,31,32,39,9,10,11,13,26
52,17,post_cue,False,1566,"Nerede güzel görsen ona çevirme yüzünü, bizim ilde cana kıyan beyler var.",negation,syntactic,after,çevirme,"yüzünü,","yüzünü,",çevir-NEG.IMP.2SG,çevir-me,24,31,32,39,9,10,11,13,26
52,18,post_cue,False,1567,"Nerede güzel görsen ona çevirme yüzünü, bizim ilde cana kıyan beyler var.",negation,syntactic,after,çevirme,"yüzünü,","yüzünü,",çevir-NEG.IMP.2SG,çevir-me,24,31,32,39,9,10,11,13,26
52,19,post_cue,False,1568,"Nerede güzel görsen ona çevirme yüzünü, bizim ilde cana kıyan beyler var.",negation,syntactic,after,çevirme,"yüzünü,","yüzünü,",çevir-NEG.IMP.2SG,çevir-me,24,31,32,39,9,10,11,13,26
52,20,post_cue,False,1569,"Nerede güzel görsen ona çevirme yüzünü, bizim ilde cana kıyan beyler var.",negation,syntactic,after,çevirme,"yüzünü,","yüzünü,",çevir-NEG.IMP.2SG,çevir-me,24,31,32,39,9,10,11,13,26
52,21,post_cue,False,1570,"Nerede güzel görsen ona çevirme yüzünü, bizim ilde cana kıyan beyler var.",negation,syntactic,after,çevirme,"yüzünü,","yüzünü,",çevir-NEG.IMP.2SG,çevir-me,24,31,32,39,9,10,11,13,26
52,22,post_cue,False,1571,"Nerede güzel görsen ona çevirme yüzünü, bizim ilde cana kıyan beyler var.",negation,syntactic,after,çevirme,"yüzünü,","yüzünü,",çevir-NEG.IMP.2SG,çevir-me,24,31,32,39,9,10,11,13,26
52,23,post_cue,False,1572,"Nerede güzel görsen ona çevirme yüzünü, bizim ilde cana kıyan beyler var.",negation,syntactic,after,çevirme,"yüzünü,","yüzünü,",çevir-NEG.IMP.2SG,çevir-me,24,31,32,39,9,10,11,13,26
52,24,post_cue,False,1573,"Nerede güzel görsen ona çevirme yüzünü, bizim ilde cana kıyan beyler var.",negation,syntactic,after,çevirme,"yüzünü,","yüzünü,",çevir-NEG.IMP.2SG,çevir-me,24,31,32,39,9,10,11,13,26
52,25,full_sentence,True,1574,"Nerede güzel görsen ona çevirme yüzünü, bizim ilde cana kıyan beyler var.",negation,syntactic,after,çevirme,"yüzünü,","yüzünü,",çevir-NEG.IMP.2SG,çevir-me,24,31,32,39,9,10,11,13,26
53,0,pre_ambiguity,False,1575,"Nerede güzel görsen ona çevirme niyetin oluyor , bizim ilde cana kıyan beyler var",negation,syntactic,after,çevirme,niyetin,oluyor,çevir-NMLZ,çevir-me,24,31,32,46,9,10,11,16,29
53,1,pre_ambiguity,False,1576,"Nerede güzel görsen ona çevirme niyetin oluyor , bizim ilde cana kıyan beyler var",negation,syntactic,after,çevirme,niyetin,oluyor,çevir-NMLZ,çevir-me,24,31,32,46,9,10,11,16,29
53,2,pre_ambiguity,False,1577,"Nerede güzel görsen ona çevirme niyetin oluyor , bizim ilde cana kıyan beyler var",negation,syntactic,after,çevirme,niyetin,oluyor,çevir-NMLZ,çevir-me,24,31,32,46,9,10,11,16,29
53,3,pre_ambiguity,False,1578,"Nerede güzel görsen ona çevirme niyetin oluyor , bizim ilde cana kıyan beyler var",negation,syntactic,after,çevirme,niyetin,oluyor,çevir-NMLZ,çevir-me,24,31,32,46,9,10,11,16,29
53,4,pre_ambiguity,False,1579,"Nerede güzel görsen ona çevirme niyetin oluyor , bizim ilde cana kıyan beyler var",negation,syntactic,after,çevirme,niyetin,oluyor,çevir-NMLZ,çevir-me,24,31,32,46,9,10,11,16,29
53,5,pre_ambiguity,False,1580,"Nerede güzel görsen ona çevirme niyetin oluyor , bizim ilde cana kıyan beyler var",negation,syntactic,after,çevirme,niyetin,oluyor,çevir-NMLZ,çevir-me,24,31,32,46,9,10,11,16,29
53,6,pre_ambiguity,False,1581,"Nerede güzel görsen ona çevirme niyetin oluyor , bizim ilde cana kıyan beyler var",negation,syntactic,after,çevirme,niyetin,oluyor,çevir-NMLZ,çevir-me,24,31,32,46,9,10,11,16,29
53,7,pre_ambiguity,False,1582,"Nerede güzel görsen ona çevirme niyetin oluyor , bizim ilde cana kıyan beyler var",negation,syntactic,after,çevirme,niyetin,oluyor,çevir-NMLZ,çevir-me,24,31,32,46,9,10,11,16,29
53,8,pre_ambiguity,False,1583,"Nerede güzel görsen ona çevirme niyetin oluyor , bizim ilde cana kıyan beyler var",negation,syntactic,after,çevirme,niyetin,oluyor,çevir-NMLZ,çevir-me,24,31,32,46,9,10,11,16,29
53,9,ambiguity_onset,False,1584,"Nerede güzel görsen ona çevirme niyetin oluyor , bizim ilde cana kıyan beyler var",negation,syntactic,after,çevirme,niyetin,oluyor,çevir-NMLZ,çevir-me,24,31,32,46,9,10,11,16,29
53,10,ambiguity_onset,False,1585,"Nerede güzel görsen ona çevirme niyetin oluyor , bizim ilde cana kıyan beyler var",negation,syntactic,after,çevirme,niyetin,oluyor,çevir-NMLZ,çevir-me,24,31,32,46,9,10,11,16,29
53,11,cue_onset,False,1586,"Nerede güzel görsen ona çevirme niyetin oluyor , bizim ilde cana kıyan beyler var",negation,syntactic,after,çevirme,niyetin,oluyor,çevir-NMLZ,çevir-me,24,31,32,46,9,10,11,16,29
53,12,cue_onset,False,1587,"Nerede güzel görsen ona çevirme niyetin oluyor , bizim ilde cana kıyan beyler var",negation,syntactic,after,çevirme,niyetin,oluyor,çevir-NMLZ,çevir-me,24,31,32,46,9,10,11,16,29
53,13,cue_onset,False,1588,"Nerede güzel görsen ona çevirme niyetin oluyor , bizim ilde cana kıyan beyler var",negation,syntactic,after,çevirme,niyetin,oluyor,çevir-NMLZ,çevir-me,24,31,32,46,9,10,11,16,29
53,14,cue_onset,False,1589,"Nerede güzel görsen ona çevirme niyetin oluyor , bizim ilde cana kıyan beyler var",negation,syntactic,after,çevirme,niyetin,oluyor,çevir-NMLZ,çevir-me,24,31,32,46,9,10,11,16,29
53,15,cue_onset,False,1590,"Nerede güzel görsen ona çevirme niyetin oluyor , bizim ilde cana kıyan beyler var",negation,syntactic,after,çevirme,niyetin,oluyor,çevir-NMLZ,çevir-me,24,31,32,46,9,10,11,16,29
53,16,cue_onset,False,1591,"Nerede güzel görsen ona çevirme niyetin oluyor , bizim ilde cana kıyan beyler var",negation,syntactic,after,çevirme,niyetin,oluyor,çevir-NMLZ,çevir-me,24,31,32,46,9,10,11,16,29
53,17,post_cue,False,1592,"Nerede güzel görsen ona çevirme niyetin oluyor , bizim ilde cana kıyan beyler var",negation,syntactic,after,çevirme,niyetin,oluyor,çevir-NMLZ,çevir-me,24,31,32,46,9,10,11,16,29
53,18,post_cue,False,1593,"Nerede güzel görsen ona çevirme niyetin oluyor , bizim ilde cana kıyan beyler var",negation,syntactic,after,çevirme,niyetin,oluyor,çevir-NMLZ,çevir-me,24,31,32,46,9,10,11,16,29
53,19,post_cue,False,1594,"Nerede güzel görsen ona çevirme niyetin oluyor , bizim ilde cana kıyan beyler var",negation,syntactic,after,çevirme,niyetin,oluyor,çevir-NMLZ,çevir-me,24,31,32,46,9,10,11,16,29
53,20,post_cue,False,1595,"Nerede güzel görsen ona çevirme niyetin oluyor , bizim ilde cana kıyan beyler var",negation,syntactic,after,çevirme,niyetin,oluyor,çevir-NMLZ,çevir-me,24,31,32,46,9,10,11,16,29
53,21,post_cue,False,1596,"Nerede güzel görsen ona çevirme niyetin oluyor , bizim ilde cana kıyan beyler var",negation,syntactic,after,çevirme,niyetin,oluyor,çevir-NMLZ,çevir-me,24,31,32,46,9,10,11,16,29
53,22,post_cue,False,1597,"Nerede güzel görsen ona çevirme niyetin oluyor , bizim ilde cana kıyan beyler var",negation,syntactic,after,çevirme,niyetin,oluyor,çevir-NMLZ,çevir-me,24,31,32,46,9,10,11,16,29
53,23,post_cue,False,1598,"Nerede güzel görsen ona çevirme niyetin oluyor , bizim ilde cana kıyan beyler var",negation,syntactic,after,çevirme,niyetin,oluyor,çevir-NMLZ,çevir-me,24,31,32,46,9,10,11,16,29
53,24,post_cue,False,1599,"Nerede güzel görsen ona çevirme niyetin oluyor , bizim ilde cana kıyan beyler var",negation,syntactic,after,çevirme,niyetin,oluyor,çevir-NMLZ,çevir-me,24,31,32,46,9,10,11,16,29
53,25,post_cue,False,1600,"Nerede güzel görsen ona çevirme niyetin oluyor , bizim ilde cana kıyan beyler var",negation,syntactic,after,çevirme,niyetin,oluyor,çevir-NMLZ,çevir-me,24,31,32,46,9,10,11,16,29
53,26,post_cue,False,1601,"Nerede güzel görsen ona çevirme niyetin oluyor , bizim ilde cana kıyan beyler var",negation,syntactic,after,çevirme,niyetin,oluyor,çevir-NMLZ,çevir-me,24,31,32,46,9,10,11,16,29
53,27,post_cue,False,1602,"Nerede güzel görsen ona çevirme niyetin oluyor , bizim ilde cana kıyan beyler var",negation,syntactic,after,çevirme,niyetin,oluyor,çevir-NMLZ,çevir-me,24,31,32,46,9,10,11,16,29
53,28,full_sentence,True,1603,"Nerede güzel görsen ona çevirme niyetin oluyor , bizim ilde cana kıyan beyler var",negation,syntactic,after,çevirme,niyetin,oluyor,çevir-NMLZ,çevir-me,24,31,32,46,9,10,11,16,29
54,0,pre_ambiguity,False,1604,"Geceleyin belanı arama , haydi nerden geldinse bas git oraya .",negation,syntactic,before,arama,belanı,belanı,ara-NEG.IMP.2SG,ara-ma,17,22,10,16,7,8,4,6,22
54,1,pre_ambiguity,False,1605,"Geceleyin belanı arama , haydi nerden geldinse bas git oraya .",negation,syntactic,before,arama,belanı,belanı,ara-NEG.IMP.2SG,ara-ma,17,22,10,16,7,8,4,6,22
54,2,pre_ambiguity,False,1606,"Geceleyin belanı arama , haydi nerden geldinse bas git oraya .",negation,syntactic,before,arama,belanı,belanı,ara-NEG.IMP.2SG,ara-ma,17,22,10,16,7,8,4,6,22
54,3,pre_ambiguity,False,1607,"Geceleyin belanı arama , haydi nerden geldinse bas git oraya .",negation,syntactic,before,arama,belanı,belanı,ara-NEG.IMP.2SG,ara-ma,17,22,10,16,7,8,4,6,22
54,4,cue_onset,False,1608,"Geceleyin belanı arama , haydi nerden geldinse bas git oraya .",negation,syntactic,before,arama,belanı,belanı,ara-NEG.IMP.2SG,ara-ma,17,22,10,16,7,8,4,6,22
54,5,cue_onset,False,1609,"Geceleyin belanı arama , haydi nerden geldinse bas git oraya .",negation,syntactic,before,arama,belanı,belanı,ara-NEG.IMP.2SG,ara-ma,17,22,10,16,7,8,4,6,22
54,6,cue_onset,False,1610,"Geceleyin belanı arama , haydi nerden geldinse bas git oraya .",negation,syntactic,before,arama,belanı,belanı,ara-NEG.IMP.2SG,ara-ma,17,22,10,16,7,8,4,6,22
54,7,ambiguity_onset,False,1611,"Geceleyin belanı arama , haydi nerden geldinse bas git oraya .",negation,syntactic,before,arama,belanı,belanı,ara-NEG.IMP.2SG,ara-ma,17,22,10,16,7,8,4,6,22
54,8,ambiguity_onset,False,1612,"Geceleyin belanı arama , haydi nerden geldinse bas git oraya .",negation,syntactic,before,arama,belanı,belanı,ara-NEG.IMP.2SG,ara-ma,17,22,10,16,7,8,4,6,22
54,9,post_cue,False,1613,"Geceleyin belanı arama , haydi nerden geldinse bas git oraya .",negation,syntactic,before,arama,belanı,belanı,ara-NEG.IMP.2SG,ara-ma,17,22,10,16,7,8,4,6,22
54,10,post_cue,False,1614,"Geceleyin belanı arama , haydi nerden geldinse bas git oraya .",negation,syntactic,before,arama,belanı,belanı,ara-NEG.IMP.2SG,ara-ma,17,22,10,16,7,8,4,6,22
54,11,post_cue,False,1615,"Geceleyin belanı arama , haydi nerden geldinse bas git oraya .",negation,syntactic,before,arama,belanı,belanı,ara-NEG.IMP.2SG,ara-ma,17,22,10,16,7,8,4,6,22
54,12,post_cue,False,1616,"Geceleyin belanı arama , haydi nerden geldinse bas git oraya .",negation,syntactic,before,arama,belanı,belanı,ara-NEG.IMP.2SG,ara-ma,17,22,10,16,7,8,4,6,22
54,13,post_cue,False,1617,"Geceleyin belanı arama , haydi nerden geldinse bas git oraya .",negation,syntactic,before,arama,belanı,belanı,ara-NEG.IMP.2SG,ara-ma,17,22,10,16,7,8,4,6,22
54,14,post_cue,False,1618,"Geceleyin belanı arama , haydi nerden geldinse bas git oraya .",negation,syntactic,before,arama,belanı,belanı,ara-NEG.IMP.2SG,ara-ma,17,22,10,16,7,8,4,6,22
54,15,post_cue,False,1619,"Geceleyin belanı arama , haydi nerden geldinse bas git oraya .",negation,syntactic,before,arama,belanı,belanı,ara-NEG.IMP.2SG,ara-ma,17,22,10,16,7,8,4,6,22
54,16,post_cue,False,1620,"Geceleyin belanı arama , haydi nerden geldinse bas git oraya .",negation,syntactic,before,arama,belanı,belanı,ara-NEG.IMP.2SG,ara-ma,17,22,10,16,7,8,4,6,22
54,17,post_cue,False,1621,"Geceleyin belanı arama , haydi nerden geldinse bas git oraya .",negation,syntactic,before,arama,belanı,belanı,ara-NEG.IMP.2SG,ara-ma,17,22,10,16,7,8,4,6,22
54,18,post_cue,False,1622,"Geceleyin belanı arama , haydi nerden geldinse bas git oraya .",negation,syntactic,before,arama,belanı,belanı,ara-NEG.IMP.2SG,ara-ma,17,22,10,16,7,8,4,6,22
54,19,post_cue,False,1623,"Geceleyin belanı arama , haydi nerden geldinse bas git oraya .",negation,syntactic,before,arama,belanı,belanı,ara-NEG.IMP.2SG,ara-ma,17,22,10,16,7,8,4,6,22
54,20,post_cue,False,1624,"Geceleyin belanı arama , haydi nerden geldinse bas git oraya .",negation,syntactic,before,arama,belanı,belanı,ara-NEG.IMP.2SG,ara-ma,17,22,10,16,7,8,4,6,22
54,21,full_sentence,True,1625,"Geceleyin belanı arama , haydi nerden geldinse bas git oraya .",negation,syntactic,before,arama,belanı,belanı,ara-NEG.IMP.2SG,ara-ma,17,22,10,16,7,8,4,6,22
55,0,pre_ambiguity,False,1626,O korkuyu çoktan tüketmiştim ama babama inme inebilirdi .,nominalizer,syntactic,after,inme,inebilirdi,inebilirdi,in-NMLZ,in-me,40,44,45,55,13,14,15,19,21
55,1,pre_ambiguity,False,1627,O korkuyu çoktan tüketmiştim ama babama inme inebilirdi .,nominalizer,syntactic,after,inme,inebilirdi,inebilirdi,in-NMLZ,in-me,40,44,45,55,13,14,15,19,21
55,2,pre_ambiguity,False,1628,O korkuyu çoktan tüketmiştim ama babama inme inebilirdi .,nominalizer,syntactic,after,inme,inebilirdi,inebilirdi,in-NMLZ,in-me,40,44,45,55,13,14,15,19,21
55,3,pre_ambiguity,False,1629,O korkuyu çoktan tüketmiştim ama babama inme inebilirdi .,nominalizer,syntactic,after,inme,inebilirdi,inebilirdi,in-NMLZ,in-me,40,44,45,55,13,14,15,19,21
55,4,pre_ambiguity,False,1630,O korkuyu çoktan tüketmiştim ama babama inme inebilirdi .,nominalizer,syntactic,after,inme,inebilirdi,inebilirdi,in-NMLZ,in-me,40,44,45,55,13,14,15,19,21
55,5,pre_ambiguity,False,1631,O korkuyu çoktan tüketmiştim ama babama inme inebilirdi .,nominalizer,syntactic,after,inme,inebilirdi,inebilirdi,in-NMLZ,in-me,40,44,45,55,13,14,15,19,21
55,6,pre_ambiguity,False,1632,O korkuyu çoktan tüketmiştim ama babama inme inebilirdi .,nominalizer,syntactic,after,inme,inebilirdi,inebilirdi,in-NMLZ,in-me,40,44,45,55,13,14,15,19,21
55,7,pre_ambiguity,False,1633,O korkuyu çoktan tüketmiştim ama babama inme inebilirdi .,nominalizer,syntactic,after,inme,inebilirdi,inebilirdi,in-NMLZ,in-me,40,44,45,55,13,14,15,19,21
55,8,pre_ambiguity,False,1634,O korkuyu çoktan tüketmiştim ama babama inme inebilirdi .,nominalizer,syntactic,after,inme,inebilirdi,inebilirdi,in-NMLZ,in-me,40,44,45,55,13,14,15,19,21
55,9,pre_ambiguity,False,1635,O korkuyu çoktan tüketmiştim ama babama inme inebilirdi .,nominalizer,syntactic,after,inme,inebilirdi,inebilirdi,in-NMLZ,in-me,40,44,45,55,13,14,15,19,21
55,10,pre_ambiguity,False,1636,O korkuyu çoktan tüketmiştim ama babama inme inebilirdi .,nominalizer,syntactic,after,inme,inebilirdi,inebilirdi,in-NMLZ,in-me,40,44,45,55,13,14,15,19,21
55,11,pre_ambiguity,False,1637,O korkuyu çoktan tüketmiştim ama babama inme inebilirdi .,nominalizer,syntactic,after,inme,inebilirdi,inebilirdi,in-NMLZ,in-me,40,44,45,55,13,14,15,19,21
55,12,pre_ambiguity,False,1638,O korkuyu çoktan tüketmiştim ama babama inme inebilirdi .,nominalizer,syntactic,after,inme,inebilirdi,inebilirdi,in-NMLZ,in-me,40,44,45,55,13,14,15,19,21
55,13,ambiguity_onset,False,1639,O korkuyu çoktan tüketmiştim ama babama inme inebilirdi .,nominalizer,syntactic,after,inme,inebilirdi,inebilirdi,in-NMLZ,in-me,40,44,45,55,13,14,15,19,21
55,14,ambiguity_onset,False,1640,O korkuyu çoktan tüketmiştim ama babama inme inebilirdi .,nominalizer,syntactic,after,inme,inebilirdi,inebilirdi,in-NMLZ,in-me,40,44,45,55,13,14,15,19,21
55,15,cue_onset,False,1641,O korkuyu çoktan tüketmiştim ama babama inme inebilirdi .,nominalizer,syntactic,after,inme,inebilirdi,inebilirdi,in-NMLZ,in-me,40,44,45,55,13,14,15,19,21
55,16,cue_onset,False,1642,O korkuyu çoktan tüketmiştim ama babama inme inebilirdi .,nominalizer,syntactic,after,inme,inebilirdi,inebilirdi,in-NMLZ,in-me,40,44,45,55,13,14,15,19,21
55,17,cue_onset,False,1643,O korkuyu çoktan tüketmiştim ama babama inme inebilirdi .,nominalizer,syntactic,after,inme,inebilirdi,inebilirdi,in-NMLZ,in-me,40,44,45,55,13,14,15,19,21
55,18,cue_onset,False,1644,O korkuyu çoktan tüketmiştim ama babama inme inebilirdi .,nominalizer,syntactic,after,inme,inebilirdi,inebilirdi,in-NMLZ,in-me,40,44,45,55,13,14,15,19,21
55,19,cue_onset,False,1645,O korkuyu çoktan tüketmiştim ama babama inme inebilirdi .,nominalizer,syntactic,after,inme,inebilirdi,inebilirdi,in-NMLZ,in-me,40,44,45,55,13,14,15,19,21
55,20,full_sentence,True,1646,O korkuyu çoktan tüketmiştim ama babama inme inebilirdi .,nominalizer,syntactic,after,inme,inebilirdi,inebilirdi,in-NMLZ,in-me,40,44,45,55,13,14,15,19,21
56,0,cue_onset,False,1647,Her dilbere meyil verme / Ya sevilir ya sevilmez,negation,syntactic,before,verme,Her,meyil,ver-NEG.IMP.2SG,ver-me,18,23,0,17,6,7,0,5,17
56,1,cue_onset,False,1648,Her dilbere meyil verme / Ya sevilir ya sevilmez,negation,syntactic,before,verme,Her,meyil,ver-NEG.IMP.2SG,ver-me,18,23,0,17,6,7,0,5,17
56,2,cue_onset,False,1649,Her dilbere meyil verme / Ya sevilir ya sevilmez,negation,syntactic,before,verme,Her,meyil,ver-NEG.IMP.2SG,ver-me,18,23,0,17,6,7,0,5,17
56,3,cue_onset,False,1650,Her dilbere meyil verme / Ya sevilir ya sevilmez,negation,syntactic,before,verme,Her,meyil,ver-NEG.IMP.2SG,ver-me,18,23,0,17,6,7,0,5,17
56,4,cue_onset,False,1651,Her dilbere meyil verme / Ya sevilir ya sevilmez,negation,syntactic,before,verme,Her,meyil,ver-NEG.IMP.2SG,ver-me,18,23,0,17,6,7,0,5,17
56,5,cue_onset,False,1652,Her dilbere meyil verme / Ya sevilir ya sevilmez,negation,syntactic,before,verme,Her,meyil,ver-NEG.IMP.2SG,ver-me,18,23,0,17,6,7,0,5,17
56,6,ambiguity_onset,False,1653,Her dilbere meyil verme / Ya sevilir ya sevilmez,negation,syntactic,before,verme,Her,meyil,ver-NEG.IMP.2SG,ver-me,18,23,0,17,6,7,0,5,17
56,7,ambiguity_onset,False,1654,Her dilbere meyil verme / Ya sevilir ya sevilmez,negation,syntactic,before,verme,Her,meyil,ver-NEG.IMP.2SG,ver-me,18,23,0,17,6,7,0,5,17
56,8,post_cue,False,1655,Her dilbere meyil verme / Ya sevilir ya sevilmez,negation,syntactic,before,verme,Her,meyil,ver-NEG.IMP.2SG,ver-me,18,23,0,17,6,7,0,5,17
56,9,post_cue,False,1656,Her dilbere meyil verme / Ya sevilir ya sevilmez,negation,syntactic,before,verme,Her,meyil,ver-NEG.IMP.2SG,ver-me,18,23,0,17,6,7,0,5,17
56,10,post_cue,False,1657,Her dilbere meyil verme / Ya sevilir ya sevilmez,negation,syntactic,before,verme,Her,meyil,ver-NEG.IMP.2SG,ver-me,18,23,0,17,6,7,0,5,17
56,11,post_cue,False,1658,Her dilbere meyil verme / Ya sevilir ya sevilmez,negation,syntactic,before,verme,Her,meyil,ver-NEG.IMP.2SG,ver-me,18,23,0,17,6,7,0,5,17
56,12,post_cue,False,1659,Her dilbere meyil verme / Ya sevilir ya sevilmez,negation,syntactic,before,verme,Her,meyil,ver-NEG.IMP.2SG,ver-me,18,23,0,17,6,7,0,5,17
56,13,post_cue,False,1660,Her dilbere meyil verme / Ya sevilir ya sevilmez,negation,syntactic,before,verme,Her,meyil,ver-NEG.IMP.2SG,ver-me,18,23,0,17,6,7,0,5,17
56,14,post_cue,False,1661,Her dilbere meyil verme / Ya sevilir ya sevilmez,negation,syntactic,before,verme,Her,meyil,ver-NEG.IMP.2SG,ver-me,18,23,0,17,6,7,0,5,17
56,15,post_cue,False,1662,Her dilbere meyil verme / Ya sevilir ya sevilmez,negation,syntactic,before,verme,Her,meyil,ver-NEG.IMP.2SG,ver-me,18,23,0,17,6,7,0,5,17
56,16,full_sentence,True,1663,Her dilbere meyil verme / Ya sevilir ya sevilmez,negation,syntactic,before,verme,Her,meyil,ver-NEG.IMP.2SG,ver-me,18,23,0,17,6,7,0,5,17
57,0,pre_ambiguity,False,1664,"Her dilbere verme artık meyil, lüzumu yok bunun",negation,syntactic,after,verme,artık,"meyil,",ver-NEG.IMP.2SG,ver-me,12,17,18,30,3,4,5,9,16
57,1,pre_ambiguity,False,1665,"Her dilbere verme artık meyil, lüzumu yok bunun",negation,syntactic,after,verme,artık,"meyil,",ver-NEG.IMP.2SG,ver-me,12,17,18,30,3,4,5,9,16
57,2,pre_ambiguity,False,1666,"Her dilbere verme artık meyil, lüzumu yok bunun",negation,syntactic,after,verme,artık,"meyil,",ver-NEG.IMP.2SG,ver-me,12,17,18,30,3,4,5,9,16
57,3,ambiguity_onset,False,1667,"Her dilbere verme artık meyil, lüzumu yok bunun",negation,syntactic,after,verme,artık,"meyil,",ver-NEG.IMP.2SG,ver-me,12,17,18,30,3,4,5,9,16
57,4,ambiguity_onset,False,1668,"Her dilbere verme artık meyil, lüzumu yok bunun",negation,syntactic,after,verme,artık,"meyil,",ver-NEG.IMP.2SG,ver-me,12,17,18,30,3,4,5,9,16
57,5,cue_onset,False,1669,"Her dilbere verme artık meyil, lüzumu yok bunun",negation,syntactic,after,verme,artık,"meyil,",ver-NEG.IMP.2SG,ver-me,12,17,18,30,3,4,5,9,16
57,6,cue_onset,False,1670,"Her dilbere verme artık meyil, lüzumu yok bunun",negation,syntactic,after,verme,artık,"meyil,",ver-NEG.IMP.2SG,ver-me,12,17,18,30,3,4,5,9,16
57,7,cue_onset,False,1671,"Her dilbere verme artık meyil, lüzumu yok bunun",negation,syntactic,after,verme,artık,"meyil,",ver-NEG.IMP.2SG,ver-me,12,17,18,30,3,4,5,9,16
57,8,cue_onset,False,1672,"Her dilbere verme artık meyil, lüzumu yok bunun",negation,syntactic,after,verme,artık,"meyil,",ver-NEG.IMP.2SG,ver-me,12,17,18,30,3,4,5,9,16
57,9,cue_onset,False,1673,"Her dilbere verme artık meyil, lüzumu yok bunun",negation,syntactic,after,verme,artık,"meyil,",ver-NEG.IMP.2SG,ver-me,12,17,18,30,3,4,5,9,16
57,10,post_cue,False,1674,"Her dilbere verme artık meyil, lüzumu yok bunun",negation,syntactic,after,verme,artık,"meyil,",ver-NEG.IMP.2SG,ver-me,12,17,18,30,3,4,5,9,16
57,11,post_cue,False,1675,"Her dilbere verme artık meyil, lüzumu yok bunun",negation,syntactic,after,verme,artık,"meyil,",ver-NEG.IMP.2SG,ver-me,12,17,18,30,3,4,5,9,16
57,12,post_cue,False,1676,"Her dilbere verme artık meyil, lüzumu yok bunun",negation,syntactic,after,verme,artık,"meyil,",ver-NEG.IMP.2SG,ver-me,12,17,18,30,3,4,5,9,16
57,13,post_cue,False,1677,"Her dilbere verme artık meyil, lüzumu yok bunun",negation,syntactic,after,verme,artık,"meyil,",ver-NEG.IMP.2SG,ver-me,12,17,18,30,3,4,5,9,16
57,14,post_cue,False,1678,"Her dilbere verme artık meyil, lüzumu yok bunun",negation,syntactic,after,verme,artık,"meyil,",ver-NEG.IMP.2SG,ver-me,12,17,18,30,3,4,5,9,16
57,15,full_sentence,True,1679,"Her dilbere verme artık meyil, lüzumu yok bunun",negation,syntactic,after,verme,artık,"meyil,",ver-NEG.IMP.2SG,ver-me,12,17,18,30,3,4,5,9,16
58,0,pre_ambiguity,False,1680,Her dilbere meyil verme lüzumu yok / Ya sevilir ya sevilmez,nominalizer,syntactic,after,verme,lüzumu,yok,ver-NMLZ,ver-me,18,23,24,34,6,7,8,11,21
58,1,pre_ambiguity,False,1681,Her dilbere meyil verme lüzumu yok / Ya sevilir ya sevilmez,nominalizer,syntactic,after,verme,lüzumu,yok,ver-NMLZ,ver-me,18,23,24,34,6,7,8,11,21
58,2,pre_ambiguity,False,1682,Her dilbere meyil verme lüzumu yok / Ya sevilir ya sevilmez,nominalizer,syntactic,after,verme,lüzumu,yok,ver-NMLZ,ver-me,18,23,24,34,6,7,8,11,21
58,3,pre_ambiguity,False,1683,Her dilbere meyil verme lüzumu yok / Ya sevilir ya sevilmez,nominalizer,syntactic,after,verme,lüzumu,yok,ver-NMLZ,ver-me,18,23,24,34,6,7,8,11,21
58,4,pre_ambiguity,False,1684,Her dilbere meyil verme lüzumu yok / Ya sevilir ya sevilmez,nominalizer,syntactic,after,verme,lüzumu,yok,ver-NMLZ,ver-me,18,23,24,34,6,7,8,11,21
58,5,pre_ambiguity,False,1685,Her dilbere meyil verme lüzumu yok / Ya sevilir ya sevilmez,nominalizer,syntactic,after,verme,lüzumu,yok,ver-NMLZ,ver-me,18,23,24,34,6,7,8,11,21
58,6,ambiguity_onset,False,1686,Her dilbere meyil verme lüzumu yok / Ya sevilir ya sevilmez,nominalizer,syntactic,after,verme,lüzumu,yok,ver-NMLZ,ver-me,18,23,24,34,6,7,8,11,21
58,7,ambiguity_onset,False,1687,Her dilbere meyil verme lüzumu yok / Ya sevilir ya sevilmez,nominalizer,syntactic,after,verme,lüzumu,yok,ver-NMLZ,ver-me,18,23,24,34,6,7,8,11,21
58,8,cue_onset,False,1688,Her dilbere meyil verme lüzumu yok / Ya sevilir ya sevilmez,nominalizer,syntactic,after,verme,lüzumu,yok,ver-NMLZ,ver-me,18,23,24,34,6,7,8,11,21
58,9,cue_onset,False,1689,Her dilbere meyil verme lüzumu yok / Ya sevilir ya sevilmez,nominalizer,syntactic,after,verme,lüzumu,yok,ver-NMLZ,ver-me,18,23,24,34,6,7,8,11,21
58,10,cue_onset,False,1690,Her dilbere meyil verme lüzumu yok / Ya sevilir ya sevilmez,nominalizer,syntactic,after,verme,lüzumu,yok,ver-NMLZ,ver-me,18,23,24,34,6,7,8,11,21
58,11,cue_onset,False,1691,Her dilbere meyil verme lüzumu yok / Ya sevilir ya sevilmez,nominalizer,syntactic,after,verme,lüzumu,yok,ver-NMLZ,ver-me,18,23,24,34,6,7,8,11,21
58,12,post_cue,False,1692,Her dilbere meyil verme lüzumu yok / Ya sevilir ya sevilmez,nominalizer,syntactic,after,verme,lüzumu,yok,ver-NMLZ,ver-me,18,23,24,34,6,7,8,11,21
58,13,post_cue,False,1693,Her dilbere meyil verme lüzumu yok / Ya sevilir ya sevilmez,nominalizer,syntactic,after,verme,lüzumu,yok,ver-NMLZ,ver-me,18,23,24,34,6,7,8,11,21
58,14,post_cue,False,1694,Her dilbere meyil verme lüzumu yok / Ya sevilir ya sevilmez,nominalizer,syntactic,after,verme,lüzumu,yok,ver-NMLZ,ver-me,18,23,24,34,6,7,8,11,21
58,15,post_cue,False,1695,Her dilbere meyil verme lüzumu yok / Ya sevilir ya sevilmez,nominalizer,syntactic,after,verme,lüzumu,yok,ver-NMLZ,ver-me,18,23,24,34,6,7,8,11,21
58,16,post_cue,False,1696,Her dilbere meyil verme lüzumu yok / Ya sevilir ya sevilmez,nominalizer,syntactic,after,verme,lüzumu,yok,ver-NMLZ,ver-me,18,23,24,34,6,7,8,11,21
58,17,post_cue,False,1697,Her dilbere meyil verme lüzumu yok / Ya sevilir ya sevilmez,nominalizer,syntactic,after,verme,lüzumu,yok,ver-NMLZ,ver-me,18,23,24,34,6,7,8,11,21
58,18,post_cue,False,1698,Her dilbere meyil verme lüzumu yok / Ya sevilir ya sevilmez,nominalizer,syntactic,after,verme,lüzumu,yok,ver-NMLZ,ver-me,18,23,24,34,6,7,8,11,21
58,19,post_cue,False,1699,Her dilbere meyil verme lüzumu yok / Ya sevilir ya sevilmez,nominalizer,syntactic,after,verme,lüzumu,yok,ver-NMLZ,ver-me,18,23,24,34,6,7,8,11,21
58,20,full_sentence,True,1700,Her dilbere meyil verme lüzumu yok / Ya sevilir ya sevilmez,nominalizer,syntactic,after,verme,lüzumu,yok,ver-NMLZ,ver-me,18,23,24,34,6,7,8,11,21
59,0,cue_onset,False,1701,"Bu kolay işi güçleştirme yavrum ; arkadaş ol benimle , sırdaş ol .",negation,syntactic,before,güçleştirme,Bu,işi,güçleştir-NEG.IMP.2SG / güçleş-CAUS-NEG.IMP.2SG,güçleştir-me / güçleş-tir-me,13,24,0,12,5,6,0,4,23
59,1,cue_onset,False,1702,"Bu kolay işi güçleştirme yavrum ; arkadaş ol benimle , sırdaş ol .",negation,syntactic,before,güçleştirme,Bu,işi,güçleştir-NEG.IMP.2SG / güçleş-CAUS-NEG.IMP.2SG,güçleştir-me / güçleş-tir-me,13,24,0,12,5,6,0,4,23
59,2,cue_onset,False,1703,"Bu kolay işi güçleştirme yavrum ; arkadaş ol benimle , sırdaş ol .",negation,syntactic,before,güçleştirme,Bu,işi,güçleştir-NEG.IMP.2SG / güçleş-CAUS-NEG.IMP.2SG,güçleştir-me / güçleş-tir-me,13,24,0,12,5,6,0,4,23
59,3,cue_onset,False,1704,"Bu kolay işi güçleştirme yavrum ; arkadaş ol benimle , sırdaş ol .",negation,syntactic,before,güçleştirme,Bu,işi,güçleştir-NEG.IMP.2SG / güçleş-CAUS-NEG.IMP.2SG,güçleştir-me / güçleş-tir-me,13,24,0,12,5,6,0,4,23
59,4,cue_onset,False,1705,"Bu kolay işi güçleştirme yavrum ; arkadaş ol benimle , sırdaş ol .",negation,syntactic,before,güçleştirme,Bu,işi,güçleştir-NEG.IMP.2SG / güçleş-CAUS-NEG.IMP.2SG,güçleştir-me / güçleş-tir-me,13,24,0,12,5,6,0,4,23
59,5,ambiguity_onset,False,1706,"Bu kolay işi güçleştirme yavrum ; arkadaş ol benimle , sırdaş ol .",negation,syntactic,before,güçleştirme,Bu,işi,güçleştir-NEG.IMP.2SG / güçleş-CAUS-NEG.IMP.2SG,güçleştir-me / güçleş-tir-me,13,24,0,12,5,6,0,4,23
59,6,ambiguity_onset,False,1707,"Bu kolay işi güçleştirme yavrum ; arkadaş ol benimle , sırdaş ol .",negation,syntactic,before,güçleştirme,Bu,işi,güçleştir-NEG.IMP.2SG / güçleş-CAUS-NEG.IMP.2SG,güçleştir-me / güçleş-tir-me,13,24,0,12,5,6,0,4,23
59,7,post_cue,False,1708,"Bu kolay işi güçleştirme yavrum ; arkadaş ol benimle , sırdaş ol .",negation,syntactic,before,güçleştirme,Bu,işi,güçleştir-NEG.IMP.2SG / güçleş-CAUS-NEG.IMP.2SG,güçleştir-me / güçleş-tir-me,13,24,0,12,5,6,0,4,23
59,8,post_cue,False,1709,"Bu kolay işi güçleştirme yavrum ; arkadaş ol benimle , sırdaş ol .",negation,syntactic,before,güçleştirme,Bu,işi,güçleştir-NEG.IMP.2SG / güçleş-CAUS-NEG.IMP.2SG,güçleştir-me / güçleş-tir-me,13,24,0,12,5,6,0,4,23
59,9,post_cue,False,1710,"Bu kolay işi güçleştirme yavrum ; arkadaş ol benimle , sırdaş ol .",negation,syntactic,before,güçleştirme,Bu,işi,güçleştir-NEG.IMP.2SG / güçleş-CAUS-NEG.IMP.2SG,güçleştir-me / güçleş-tir-me,13,24,0,12,5,6,0,4,23
59,10,post_cue,False,1711,"Bu kolay işi güçleştirme yavrum ; arkadaş ol benimle , sırdaş ol .",negation,syntactic,before,güçleştirme,Bu,işi,güçleştir-NEG.IMP.2SG / güçleş-CAUS-NEG.IMP.2SG,güçleştir-me / güçleş-tir-me,13,24,0,12,5,6,0,4,23
59,11,post_cue,False,1712,"Bu kolay işi güçleştirme yavrum ; arkadaş ol benimle , sırdaş ol .",negation,syntactic,before,güçleştirme,Bu,işi,güçleştir-NEG.IMP.2SG / güçleş-CAUS-NEG.IMP.2SG,güçleştir-me / güçleş-tir-me,13,24,0,12,5,6,0,4,23
59,12,post_cue,False,1713,"Bu kolay işi güçleştirme yavrum ; arkadaş ol benimle , sırdaş ol .",negation,syntactic,before,güçleştirme,Bu,işi,güçleştir-NEG.IMP.2SG / güçleş-CAUS-NEG.IMP.2SG,güçleştir-me / güçleş-tir-me,13,24,0,12,5,6,0,4,23
59,13,post_cue,False,1714,"Bu kolay işi güçleştirme yavrum ; arkadaş ol benimle , sırdaş ol .",negation,syntactic,before,güçleştirme,Bu,işi,güçleştir-NEG.IMP.2SG / güçleş-CAUS-NEG.IMP.2SG,güçleştir-me / güçleş-tir-me,13,24,0,12,5,6,0,4,23
59,14,post_cue,False,1715,"Bu kolay işi güçleştirme yavrum ; arkadaş ol benimle , sırdaş ol .",negation,syntactic,before,güçleştirme,Bu,işi,güçleştir-NEG.IMP.2SG / güçleş-CAUS-NEG.IMP.2SG,güçleştir-me / güçleş-tir-me,13,24,0,12,5,6,0,4,23
59,15,post_cue,False,1716,"Bu kolay işi güçleştirme yavrum ; arkadaş ol benimle , sırdaş ol .",negation,syntactic,before,güçleştirme,Bu,işi,güçleştir-NEG.IMP.2SG / güçleş-CAUS-NEG.IMP.2SG,güçleştir-me / güçleş-tir-me,13,24,0,12,5,6,0,4,23
59,16,post_cue,False,1717,"Bu kolay işi güçleştirme yavrum ; arkadaş ol benimle , sırdaş ol .",negation,syntactic,before,güçleştirme,Bu,işi,güçleştir-NEG.IMP.2SG / güçleş-CAUS-NEG.IMP.2SG,güçleştir-me / güçleş-tir-me,13,24,0,12,5,6,0,4,23
59,17,post_cue,False,1718,"Bu kolay işi güçleştirme yavrum ; arkadaş ol benimle , sırdaş ol .",negation,syntactic,before,güçleştirme,Bu,işi,güçleştir-NEG.IMP.2SG / güçleş-CAUS-NEG.IMP.2SG,güçleştir-me / güçleş-tir-me,13,24,0,12,5,6,0,4,23
59,18,post_cue,False,1719,"Bu kolay işi güçleştirme yavrum ; arkadaş ol benimle , sırdaş ol .",negation,syntactic,before,güçleştirme,Bu,işi,güçleştir-NEG.IMP.2SG / güçleş-CAUS-NEG.IMP.2SG,güçleştir-me / güçleş-tir-me,13,24,0,12,5,6,0,4,23
59,19,post_cue,False,1720,"Bu kolay işi güçleştirme yavrum ; arkadaş ol benimle , sırdaş ol .",negation,syntactic,before,güçleştirme,Bu,işi,güçleştir-NEG.IMP.2SG / güçleş-CAUS-NEG.IMP.2SG,güçleştir-me / güçleş-tir-me,13,24,0,12,5,6,0,4,23
59,20,post_cue,False,1721,"Bu kolay işi güçleştirme yavrum ; arkadaş ol benimle , sırdaş ol .",negation,syntactic,before,güçleştirme,Bu,işi,güçleştir-NEG.IMP.2SG / güçleş-CAUS-NEG.IMP.2SG,güçleştir-me / güçleş-tir-me,13,24,0,12,5,6,0,4,23
59,21,post_cue,False,1722,"Bu kolay işi güçleştirme yavrum ; arkadaş ol benimle , sırdaş ol .",negation,syntactic,before,güçleştirme,Bu,işi,güçleştir-NEG.IMP.2SG / güçleş-CAUS-NEG.IMP.2SG,güçleştir-me / güçleş-tir-me,13,24,0,12,5,6,0,4,23
59,22,full_sentence,True,1723,"Bu kolay işi güçleştirme yavrum ; arkadaş ol benimle , sırdaş ol .",negation,syntactic,before,güçleştirme,Bu,işi,güçleştir-NEG.IMP.2SG / güçleş-CAUS-NEG.IMP.2SG,güçleştir-me / güçleş-tir-me,13,24,0,12,5,6,0,4,23
60,0,cue_onset,False,1724,Beni bu kadar yürekten çağırma  / Bir gece ansızın gelebilirim,negation,syntactic,before,çağırma,Beni,yürekten,çağır-NEG.IMP.2SG,çağır-ma,23,30,0,22,7,9,0,6,21
60,1,cue_onset,False,1725,Beni bu kadar yürekten çağırma  / Bir gece ansızın gelebilirim,negation,syntactic,before,çağırma,Beni,yürekten,çağır-NEG.IMP.2SG,çağır-ma,23,30,0,22,7,9,0,6,21
60,2,cue_onset,False,1726,Beni bu kadar yürekten çağırma  / Bir gece ansızın gelebilirim,negation,syntactic,before,çağırma,Beni,yürekten,çağır-NEG.IMP.2SG,çağır-ma,23,30,0,22,7,9,0,6,21
60,3,cue_onset,False,1727,Beni bu kadar yürekten çağırma  / Bir gece ansızın gelebilirim,negation,syntactic,before,çağırma,Beni,yürekten,çağır-NEG.IMP.2SG,çağır-ma,23,30,0,22,7,9,0,6,21
60,4,cue_onset,False,1728,Beni bu kadar yürekten çağırma  / Bir gece ansızın gelebilirim,negation,syntactic,before,çağırma,Beni,yürekten,çağır-NEG.IMP.2SG,çağır-ma,23,30,0,22,7,9,0,6,21
60,5,cue_onset,False,1729,Beni bu kadar yürekten çağırma  / Bir gece ansızın gelebilirim,negation,syntactic,before,çağırma,Beni,yürekten,çağır-NEG.IMP.2SG,çağır-ma,23,30,0,22,7,9,0,6,21
60,6,cue_onset,False,1730,Beni bu kadar yürekten çağırma  / Bir gece ansızın gelebilirim,negation,syntactic,before,çağırma,Beni,yürekten,çağır-NEG.IMP.2SG,çağır-ma,23,30,0,22,7,9,0,6,21
60,7,ambiguity_onset,False,1731,Beni bu kadar yürekten çağırma  / Bir gece ansızın gelebilirim,negation,syntactic,before,çağırma,Beni,yürekten,çağır-NEG.IMP.2SG,çağır-ma,23,30,0,22,7,9,0,6,21
60,8,ambiguity_onset,False,1732,Beni bu kadar yürekten çağırma  / Bir gece ansızın gelebilirim,negation,syntactic,before,çağırma,Beni,yürekten,çağır-NEG.IMP.2SG,çağır-ma,23,30,0,22,7,9,0,6,21
60,9,ambiguity_onset,False,1733,Beni bu kadar yürekten çağırma  / Bir gece ansızın gelebilirim,negation,syntactic,before,çağırma,Beni,yürekten,çağır-NEG.IMP.2SG,çağır-ma,23,30,0,22,7,9,0,6,21
60,10,post_cue,False,1734,Beni bu kadar yürekten çağırma  / Bir gece ansızın gelebilirim,negation,syntactic,before,çağırma,Beni,yürekten,çağır-NEG.IMP.2SG,çağır-ma,23,30,0,22,7,9,0,6,21
60,11,post_cue,False,1735,Beni bu kadar yürekten çağırma  / Bir gece ansızın gelebilirim,negation,syntactic,before,çağırma,Beni,yürekten,çağır-NEG.IMP.2SG,çağır-ma,23,30,0,22,7,9,0,6,21
60,12,post_cue,False,1736,Beni bu kadar yürekten çağırma  / Bir gece ansızın gelebilirim,negation,syntactic,before,çağırma,Beni,yürekten,çağır-NEG.IMP.2SG,çağır-ma,23,30,0,22,7,9,0,6,21
60,13,post_cue,False,1737,Beni bu kadar yürekten çağırma  / Bir gece ansızın gelebilirim,negation,syntactic,before,çağırma,Beni,yürekten,çağır-NEG.IMP.2SG,çağır-ma,23,30,0,22,7,9,0,6,21
60,14,post_cue,False,1738,Beni bu kadar yürekten çağırma  / Bir gece ansızın gelebilirim,negation,syntactic,before,çağırma,Beni,yürekten,çağır-NEG.IMP.2SG,çağır-ma,23,30,0,22,7,9,0,6,21
60,15,post_cue,False,1739,Beni bu kadar yürekten çağırma  / Bir gece ansızın gelebilirim,negation,syntactic,before,çağırma,Beni,yürekten,çağır-NEG.IMP.2SG,çağır-ma,23,30,0,22,7,9,0,6,21
60,16,post_cue,False,1740,Beni bu kadar yürekten çağırma  / Bir gece ansızın gelebilirim,negation,syntactic,before,çağırma,Beni,yürekten,çağır-NEG.IMP.2SG,çağır-ma,23,30,0,22,7,9,0,6,21
60,17,post_cue,False,1741,Beni bu kadar yürekten çağırma  / Bir gece ansızın gelebilirim,negation,syntactic,before,çağırma,Beni,yürekten,çağır-NEG.IMP.2SG,çağır-ma,23,30,0,22,7,9,0,6,21
60,18,post_cue,False,1742,Beni bu kadar yürekten çağırma  / Bir gece ansızın gelebilirim,negation,syntactic,before,çağırma,Beni,yürekten,çağır-NEG.IMP.2SG,çağır-ma,23,30,0,22,7,9,0,6,21
60,19,post_cue,False,1743,Beni bu kadar yürekten çağırma  / Bir gece ansızın gelebilirim,negation,syntactic,before,çağırma,Beni,yürekten,çağır-NEG.IMP.2SG,çağır-ma,23,30,0,22,7,9,0,6,21
60,20,full_sentence,True,1744,Beni bu kadar yürekten çağırma  / Bir gece ansızın gelebilirim,negation,syntactic,before,çağırma,Beni,yürekten,çağır-NEG.IMP.2SG,çağır-ma,23,30,0,22,7,9,0,6,21
61,0,pre_ambiguity,False,1745,"Bu kadar yürekten çağırma beni, yoksa niyeti bozup yanına geleceğim.",negation,syntactic,after,çağırma,"beni,","beni,",çağır-NEG.IMP.2SG,çağır-ma,18,25,26,31,5,7,8,10,26
61,1,pre_ambiguity,False,1746,"Bu kadar yürekten çağırma beni, yoksa niyeti bozup yanına geleceğim.",negation,syntactic,after,çağırma,"beni,","beni,",çağır-NEG.IMP.2SG,çağır-ma,18,25,26,31,5,7,8,10,26
61,2,pre_ambiguity,False,1747,"Bu kadar yürekten çağırma beni, yoksa niyeti bozup yanına geleceğim.",negation,syntactic,after,çağırma,"beni,","beni,",çağır-NEG.IMP.2SG,çağır-ma,18,25,26,31,5,7,8,10,26
61,3,pre_ambiguity,False,1748,"Bu kadar yürekten çağırma beni, yoksa niyeti bozup yanına geleceğim.",negation,syntactic,after,çağırma,"beni,","beni,",çağır-NEG.IMP.2SG,çağır-ma,18,25,26,31,5,7,8,10,26
61,4,pre_ambiguity,False,1749,"Bu kadar yürekten çağırma beni, yoksa niyeti bozup yanına geleceğim.",negation,syntactic,after,çağırma,"beni,","beni,",çağır-NEG.IMP.2SG,çağır-ma,18,25,26,31,5,7,8,10,26
61,5,ambiguity_onset,False,1750,"Bu kadar yürekten çağırma beni, yoksa niyeti bozup yanına geleceğim.",negation,syntactic,after,çağırma,"beni,","beni,",çağır-NEG.IMP.2SG,çağır-ma,18,25,26,31,5,7,8,10,26
61,6,ambiguity_onset,False,1751,"Bu kadar yürekten çağırma beni, yoksa niyeti bozup yanına geleceğim.",negation,syntactic,after,çağırma,"beni,","beni,",çağır-NEG.IMP.2SG,çağır-ma,18,25,26,31,5,7,8,10,26
61,7,ambiguity_onset,False,1752,"Bu kadar yürekten çağırma beni, yoksa niyeti bozup yanına geleceğim.",negation,syntactic,after,çağırma,"beni,","beni,",çağır-NEG.IMP.2SG,çağır-ma,18,25,26,31,5,7,8,10,26
61,8,cue_onset,False,1753,"Bu kadar yürekten çağırma beni, yoksa niyeti bozup yanına geleceğim.",negation,syntactic,after,çağırma,"beni,","beni,",çağır-NEG.IMP.2SG,çağır-ma,18,25,26,31,5,7,8,10,26
61,9,cue_onset,False,1754,"Bu kadar yürekten çağırma beni, yoksa niyeti bozup yanına geleceğim.",negation,syntactic,after,çağırma,"beni,","beni,",çağır-NEG.IMP.2SG,çağır-ma,18,25,26,31,5,7,8,10,26
61,10,cue_onset,False,1755,"Bu kadar yürekten çağırma beni, yoksa niyeti bozup yanına geleceğim.",negation,syntactic,after,çağırma,"beni,","beni,",çağır-NEG.IMP.2SG,çağır-ma,18,25,26,31,5,7,8,10,26
61,11,post_cue,False,1756,"Bu kadar yürekten çağırma beni, yoksa niyeti bozup yanına geleceğim.",negation,syntactic,after,çağırma,"beni,","beni,",çağır-NEG.IMP.2SG,çağır-ma,18,25,26,31,5,7,8,10,26
61,12,post_cue,False,1757,"Bu kadar yürekten çağırma beni, yoksa niyeti bozup yanına geleceğim.",negation,syntactic,after,çağırma,"beni,","beni,",çağır-NEG.IMP.2SG,çağır-ma,18,25,26,31,5,7,8,10,26
61,13,post_cue,False,1758,"Bu kadar yürekten çağırma beni, yoksa niyeti bozup yanına geleceğim.",negation,syntactic,after,çağırma,"beni,","beni,",çağır-NEG.IMP.2SG,çağır-ma,18,25,26,31,5,7,8,10,26
61,14,post_cue,False,1759,"Bu kadar yürekten çağırma beni, yoksa niyeti bozup yanına geleceğim.",negation,syntactic,after,çağırma,"beni,","beni,",çağır-NEG.IMP.2SG,çağır-ma,18,25,26,31,5,7,8,10,26
61,15,post_cue,False,1760,"Bu kadar yürekten çağırma beni, yoksa niyeti bozup yanına geleceğim.",negation,syntactic,after,çağırma,"beni,","beni,",çağır-NEG.IMP.2SG,çağır-ma,18,25,26,31,5,7,8,10,26
61,16,post_cue,False,1761,"Bu kadar yürekten çağırma beni, yoksa niyeti bozup yanına geleceğim.",negation,syntactic,after,çağırma,"beni,","beni,",çağır-NEG.IMP.2SG,çağır-ma,18,25,26,31,5,7,8,10,26
61,17,post_cue,False,1762,"Bu kadar yürekten çağırma beni, yoksa niyeti bozup yanına geleceğim.",negation,syntactic,after,çağırma,"beni,","beni,",çağır-NEG.IMP.2SG,çağır-ma,18,25,26,31,5,7,8,10,26
61,18,post_cue,False,1763,"Bu kadar yürekten çağırma beni, yoksa niyeti bozup yanına geleceğim.",negation,syntactic,after,çağırma,"beni,","beni,",çağır-NEG.IMP.2SG,çağır-ma,18,25,26,31,5,7,8,10,26
61,19,post_cue,False,1764,"Bu kadar yürekten çağırma beni, yoksa niyeti bozup yanına geleceğim.",negation,syntactic,after,çağırma,"beni,","beni,",çağır-NEG.IMP.2SG,çağır-ma,18,25,26,31,5,7,8,10,26
61,20,post_cue,False,1765,"Bu kadar yürekten çağırma beni, yoksa niyeti bozup yanına geleceğim.",negation,syntactic,after,çağırma,"beni,","beni,",çağır-NEG.IMP.2SG,çağır-ma,18,25,26,31,5,7,8,10,26
61,21,post_cue,False,1766,"Bu kadar yürekten çağırma beni, yoksa niyeti bozup yanına geleceğim.",negation,syntactic,after,çağırma,"beni,","beni,",çağır-NEG.IMP.2SG,çağır-ma,18,25,26,31,5,7,8,10,26
61,22,post_cue,False,1767,"Bu kadar yürekten çağırma beni, yoksa niyeti bozup yanına geleceğim.",negation,syntactic,after,çağırma,"beni,","beni,",çağır-NEG.IMP.2SG,çağır-ma,18,25,26,31,5,7,8,10,26
61,23,post_cue,False,1768,"Bu kadar yürekten çağırma beni, yoksa niyeti bozup yanına geleceğim.",negation,syntactic,after,çağırma,"beni,","beni,",çağır-NEG.IMP.2SG,çağır-ma,18,25,26,31,5,7,8,10,26
61,24,post_cue,False,1769,"Bu kadar yürekten çağırma beni, yoksa niyeti bozup yanına geleceğim.",negation,syntactic,after,çağırma,"beni,","beni,",çağır-NEG.IMP.2SG,çağır-ma,18,25,26,31,5,7,8,10,26
61,25,full_sentence,True,1770,"Bu kadar yürekten çağırma beni, yoksa niyeti bozup yanına geleceğim.",negation,syntactic,after,çağırma,"beni,","beni,",çağır-NEG.IMP.2SG,çağır-ma,18,25,26,31,5,7,8,10,26
62,0,pre_ambiguity,False,1771,Beni bu kadar yürekten çağırma gereği görmemişsin.,nominalizer,syntactic,after,çağırma,gereği,gereği,çağır-NMLZ,çağır-ma,23,30,31,37,7,9,10,11,17
62,1,pre_ambiguity,False,1772,Beni bu kadar yürekten çağırma gereği görmemişsin.,nominalizer,syntactic,after,çağırma,gereği,gereği,çağır-NMLZ,çağır-ma,23,30,31,37,7,9,10,11,17
62,2,pre_ambiguity,False,1773,Beni bu kadar yürekten çağırma gereği görmemişsin.,nominalizer,syntactic,after,çağırma,gereği,gereği,çağır-NMLZ,çağır-ma,23,30,31,37,7,9,10,11,17
62,3,pre_ambiguity,False,1774,Beni bu kadar yürekten çağırma gereği görmemişsin.,nominalizer,syntactic,after,çağırma,gereği,gereği,çağır-NMLZ,çağır-ma,23,30,31,37,7,9,10,11,17
62,4,pre_ambiguity,False,1775,Beni bu kadar yürekten çağırma gereği görmemişsin.,nominalizer,syntactic,after,çağırma,gereği,gereği,çağır-NMLZ,çağır-ma,23,30,31,37,7,9,10,11,17
62,5,pre_ambiguity,False,1776,Beni bu kadar yürekten çağırma gereği görmemişsin.,nominalizer,syntactic,after,çağırma,gereği,gereği,çağır-NMLZ,çağır-ma,23,30,31,37,7,9,10,11,17
62,6,pre_ambiguity,False,1777,Beni bu kadar yürekten çağırma gereği görmemişsin.,nominalizer,syntactic,after,çağırma,gereği,gereği,çağır-NMLZ,çağır-ma,23,30,31,37,7,9,10,11,17
62,7,ambiguity_onset,False,1778,Beni bu kadar yürekten çağırma gereği görmemişsin.,nominalizer,syntactic,after,çağırma,gereği,gereği,çağır-NMLZ,çağır-ma,23,30,31,37,7,9,10,11,17
62,8,ambiguity_onset,False,1779,Beni bu kadar yürekten çağırma gereği görmemişsin.,nominalizer,syntactic,after,çağırma,gereği,gereği,çağır-NMLZ,çağır-ma,23,30,31,37,7,9,10,11,17
62,9,ambiguity_onset,False,1780,Beni bu kadar yürekten çağırma gereği görmemişsin.,nominalizer,syntactic,after,çağırma,gereği,gereği,çağır-NMLZ,çağır-ma,23,30,31,37,7,9,10,11,17
62,10,cue_onset,False,1781,Beni bu kadar yürekten çağırma gereği görmemişsin.,nominalizer,syntactic,after,çağırma,gereği,gereği,çağır-NMLZ,çağır-ma,23,30,31,37,7,9,10,11,17
62,11,cue_onset,False,1782,Beni bu kadar yürekten çağırma gereği görmemişsin.,nominalizer,syntactic,after,çağırma,gereği,gereği,çağır-NMLZ,çağır-ma,23,30,31,37,7,9,10,11,17
62,12,post_cue,False,1783,Beni bu kadar yürekten çağırma gereği görmemişsin.,nominalizer,syntactic,after,çağırma,gereği,gereği,çağır-NMLZ,çağır-ma,23,30,31,37,7,9,10,11,17
62,13,post_cue,False,1784,Beni bu kadar yürekten çağırma gereği görmemişsin.,nominalizer,syntactic,after,çağırma,gereği,gereği,çağır-NMLZ,çağır-ma,23,30,31,37,7,9,10,11,17
62,14,post_cue,False,1785,Beni bu kadar yürekten çağırma gereği görmemişsin.,nominalizer,syntactic,after,çağırma,gereği,gereği,çağır-NMLZ,çağır-ma,23,30,31,37,7,9,10,11,17
62,15,post_cue,False,1786,Beni bu kadar yürekten çağırma gereği görmemişsin.,nominalizer,syntactic,after,çağırma,gereği,gereği,çağır-NMLZ,çağır-ma,23,30,31,37,7,9,10,11,17
62,16,full_sentence,True,1787,Beni bu kadar yürekten çağırma gereği görmemişsin.,nominalizer,syntactic,after,çağırma,gereği,gereği,çağır-NMLZ,çağır-ma,23,30,31,37,7,9,10,11,17
63,0,pre_ambiguity,False,1788,"Ali'ye dedim zaten sen baban gibi olma diye, duyduysa ne ala.",negation,syntactic,before,olma,sen,gibi,ol-NEG.IMP.2SG,ol-ma,34,38,19,33,11,12,7,10,24
63,1,pre_ambiguity,False,1789,"Ali'ye dedim zaten sen baban gibi olma diye, duyduysa ne ala.",negation,syntactic,before,olma,sen,gibi,ol-NEG.IMP.2SG,ol-ma,34,38,19,33,11,12,7,10,24
63,2,pre_ambiguity,False,1790,"Ali'ye dedim zaten sen baban gibi olma diye, duyduysa ne ala.",negation,syntactic,before,olma,sen,gibi,ol-NEG.IMP.2SG,ol-ma,34,38,19,33,11,12,7,10,24
63,3,pre_ambiguity,False,1791,"Ali'ye dedim zaten sen baban gibi olma diye, duyduysa ne ala.",negation,syntactic,before,olma,sen,gibi,ol-NEG.IMP.2SG,ol-ma,34,38,19,33,11,12,7,10,24
63,4,pre_ambiguity,False,1792,"Ali'ye dedim zaten sen baban gibi olma diye, duyduysa ne ala.",negation,syntactic,before,olma,sen,gibi,ol-NEG.IMP.2SG,ol-ma,34,38,19,33,11,12,7,10,24
63,5,pre_ambiguity,False,1793,"Ali'ye dedim zaten sen baban gibi olma diye, duyduysa ne ala.",negation,syntactic,before,olma,sen,gibi,ol-NEG.IMP.2SG,ol-ma,34,38,19,33,11,12,7,10,24
63,6,pre_ambiguity,False,1794,"Ali'ye dedim zaten sen baban gibi olma diye, duyduysa ne ala.",negation,syntactic,before,olma,sen,gibi,ol-NEG.IMP.2SG,ol-ma,34,38,19,33,11,12,7,10,24
63,7,cue_onset,False,1795,"Ali'ye dedim zaten sen baban gibi olma diye, duyduysa ne ala.",negation,syntactic,before,olma,sen,gibi,ol-NEG.IMP.2SG,ol-ma,34,38,19,33,11,12,7,10,24
63,8,cue_onset,False,1796,"Ali'ye dedim zaten sen baban gibi olma diye, duyduysa ne ala.",negation,syntactic,before,olma,sen,gibi,ol-NEG.IMP.2SG,ol-ma,34,38,19,33,11,12,7,10,24
63,9,cue_onset,False,1797,"Ali'ye dedim zaten sen baban gibi olma diye, duyduysa ne ala.",negation,syntactic,before,olma,sen,gibi,ol-NEG.IMP.2SG,ol-ma,34,38,19,33,11,12,7,10,24
63,10,cue_onset,False,1798,"Ali'ye dedim zaten sen baban gibi olma diye, duyduysa ne ala.",negation,syntactic,before,olma,sen,gibi,ol-NEG.IMP.2SG,ol-ma,34,38,19,33,11,12,7,10,24
63,11,ambiguity_onset,False,1799,"Ali'ye dedim zaten sen baban gibi olma diye, duyduysa ne ala.",negation,syntactic,before,olma,sen,gibi,ol-NEG.IMP.2SG,ol-ma,34,38,19,33,11,12,7,10,24
63,12,ambiguity_onset,False,1800,"Ali'ye dedim zaten sen baban gibi olma diye, duyduysa ne ala.",negation,syntactic,before,olma,sen,gibi,ol-NEG.IMP.2SG,ol-ma,34,38,19,33,11,12,7,10,24
63,13,post_cue,False,1801,"Ali'ye dedim zaten sen baban gibi olma diye, duyduysa ne ala.",negation,syntactic,before,olma,sen,gibi,ol-NEG.IMP.2SG,ol-ma,34,38,19,33,11,12,7,10,24
63,14,post_cue,False,1802,"Ali'ye dedim zaten sen baban gibi olma diye, duyduysa ne ala.",negation,syntactic,before,olma,sen,gibi,ol-NEG.IMP.2SG,ol-ma,34,38,19,33,11,12,7,10,24
63,15,post_cue,False,1803,"Ali'ye dedim zaten sen baban gibi olma diye, duyduysa ne ala.",negation,syntactic,before,olma,sen,gibi,ol-NEG.IMP.2SG,ol-ma,34,38,19,33,11,12,7,10,24
63,16,post_cue,False,1804,"Ali'ye dedim zaten sen baban gibi olma diye, duyduysa ne ala.",negation,syntactic,before,olma,sen,gibi,ol-NEG.IMP.2SG,ol-ma,34,38,19,33,11,12,7,10,24
63,17,post_cue,False,1805,"Ali'ye dedim zaten sen baban gibi olma diye, duyduysa ne ala.",negation,syntactic,before,olma,sen,gibi,ol-NEG.IMP.2SG,ol-ma,34,38,19,33,11,12,7,10,24
63,18,post_cue,False,1806,"Ali'ye dedim zaten sen baban gibi olma diye, duyduysa ne ala.",negation,syntactic,before,olma,sen,gibi,ol-NEG.IMP.2SG,ol-ma,34,38,19,33,11,12,7,10,24
63,19,post_cue,False,1807,"Ali'ye dedim zaten sen baban gibi olma diye, duyduysa ne ala.",negation,syntactic,before,olma,sen,gibi,ol-NEG.IMP.2SG,ol-ma,34,38,19,33,11,12,7,10,24
63,20,post_cue,False,1808,"Ali'ye dedim zaten sen baban gibi olma diye, duyduysa ne ala.",negation,syntactic,before,olma,sen,gibi,ol-NEG.IMP.2SG,ol-ma,34,38,19,33,11,12,7,10,24
63,21,post_cue,False,1809,"Ali'ye dedim zaten sen baban gibi olma diye, duyduysa ne ala.",negation,syntactic,before,olma,sen,gibi,ol-NEG.IMP.2SG,ol-ma,34,38,19,33,11,12,7,10,24
63,22,post_cue,False,1810,"Ali'ye dedim zaten sen baban gibi olma diye, duyduysa ne ala.",negation,syntactic,before,olma,sen,gibi,ol-NEG.IMP.2SG,ol-ma,34,38,19,33,11,12,7,10,24
63,23,full_sentence,True,1811,"Ali'ye dedim zaten sen baban gibi olma diye, duyduysa ne ala.",negation,syntactic,before,olma,sen,gibi,ol-NEG.IMP.2SG,ol-ma,34,38,19,33,11,12,7,10,24
64,0,pre_ambiguity,False,1812,Artık sana da 'Karını aldatma!' dememiz gerekiyorsa biz ölelim.,negation,syntactic,before,aldatma,Karını,Karını,aldat-NEG.IMP.2SG,aldat-ma,22,29,15,21,8,10,6,7,25
64,1,pre_ambiguity,False,1813,Artık sana da 'Karını aldatma!' dememiz gerekiyorsa biz ölelim.,negation,syntactic,before,aldatma,Karını,Karını,aldat-NEG.IMP.2SG,aldat-ma,22,29,15,21,8,10,6,7,25
64,2,pre_ambiguity,False,1814,Artık sana da 'Karını aldatma!' dememiz gerekiyorsa biz ölelim.,negation,syntactic,before,aldatma,Karını,Karını,aldat-NEG.IMP.2SG,aldat-ma,22,29,15,21,8,10,6,7,25
64,3,pre_ambiguity,False,1815,Artık sana da 'Karını aldatma!' dememiz gerekiyorsa biz ölelim.,negation,syntactic,before,aldatma,Karını,Karını,aldat-NEG.IMP.2SG,aldat-ma,22,29,15,21,8,10,6,7,25
64,4,pre_ambiguity,False,1816,Artık sana da 'Karını aldatma!' dememiz gerekiyorsa biz ölelim.,negation,syntactic,before,aldatma,Karını,Karını,aldat-NEG.IMP.2SG,aldat-ma,22,29,15,21,8,10,6,7,25
64,5,pre_ambiguity,False,1817,Artık sana da 'Karını aldatma!' dememiz gerekiyorsa biz ölelim.,negation,syntactic,before,aldatma,Karını,Karını,aldat-NEG.IMP.2SG,aldat-ma,22,29,15,21,8,10,6,7,25
64,6,cue_onset,False,1818,Artık sana da 'Karını aldatma!' dememiz gerekiyorsa biz ölelim.,negation,syntactic,before,aldatma,Karını,Karını,aldat-NEG.IMP.2SG,aldat-ma,22,29,15,21,8,10,6,7,25
64,7,cue_onset,False,1819,Artık sana da 'Karını aldatma!' dememiz gerekiyorsa biz ölelim.,negation,syntactic,before,aldatma,Karını,Karını,aldat-NEG.IMP.2SG,aldat-ma,22,29,15,21,8,10,6,7,25
64,8,ambiguity_onset,False,1820,Artık sana da 'Karını aldatma!' dememiz gerekiyorsa biz ölelim.,negation,syntactic,before,aldatma,Karını,Karını,aldat-NEG.IMP.2SG,aldat-ma,22,29,15,21,8,10,6,7,25
64,9,ambiguity_onset,False,1821,Artık sana da 'Karını aldatma!' dememiz gerekiyorsa biz ölelim.,negation,syntactic,before,aldatma,Karını,Karını,aldat-NEG.IMP.2SG,aldat-ma,22,29,15,21,8,10,6,7,25
64,10,ambiguity_onset,False,1822,Artık sana da 'Karını aldatma!' dememiz gerekiyorsa biz ölelim.,negation,syntactic,before,aldatma,Karını,Karını,aldat-NEG.IMP.2SG,aldat-ma,22,29,15,21,8,10,6,7,25
64,11,post_cue,False,1823,Artık sana da 'Karını aldatma!' dememiz gerekiyorsa biz ölelim.,negation,syntactic,before,aldatma,Karını,Karını,aldat-NEG.IMP.2SG,aldat-ma,22,29,15,21,8,10,6,7,25
64,12,post_cue,False,1824,Artık sana da 'Karını aldatma!' dememiz gerekiyorsa biz ölelim.,negation,syntactic,before,aldatma,Karını,Karını,aldat-NEG.IMP.2SG,aldat-ma,22,29,15,21,8,10,6,7,25
64,13,post_cue,False,1825,Artık sana da 'Karını aldatma!' dememiz gerekiyorsa biz ölelim.,negation,syntactic,before,aldatma,Karını,Karını,aldat-NEG.IMP.2SG,aldat-ma,22,29,15,21,8,10,6,7,25
64,14,post_cue,False,1826,Artık sana da 'Karını aldatma!' dememiz gerekiyorsa biz ölelim.,negation,syntactic,before,aldatma,Karını,Karını,aldat-NEG.IMP.2SG,aldat-ma,22,29,15,21,8,10,6,7,25
64,15,post_cue,False,1827,Artık sana da 'Karını aldatma!' dememiz gerekiyorsa biz ölelim.,negation,syntactic,before,aldatma,Karını,Karını,aldat-NEG.IMP.2SG,aldat-ma,22,29,15,21,8,10,6,7,25
64,16,post_cue,False,1828,Artık sana da 'Karını aldatma!' dememiz gerekiyorsa biz ölelim.,negation,syntactic,before,aldatma,Karını,Karını,aldat-NEG.IMP.2SG,aldat-ma,22,29,15,21,8,10,6,7,25
64,17,post_cue,False,1829,Artık sana da 'Karını aldatma!' dememiz gerekiyorsa biz ölelim.,negation,syntactic,before,aldatma,Karını,Karını,aldat-NEG.IMP.2SG,aldat-ma,22,29,15,21,8,10,6,7,25
64,18,post_cue,False,1830,Artık sana da 'Karını aldatma!' dememiz gerekiyorsa biz ölelim.,negation,syntactic,before,aldatma,Karını,Karını,aldat-NEG.IMP.2SG,aldat-ma,22,29,15,21,8,10,6,7,25
64,19,post_cue,False,1831,Artık sana da 'Karını aldatma!' dememiz gerekiyorsa biz ölelim.,negation,syntactic,before,aldatma,Karını,Karını,aldat-NEG.IMP.2SG,aldat-ma,22,29,15,21,8,10,6,7,25
64,20,post_cue,False,1832,Artık sana da 'Karını aldatma!' dememiz gerekiyorsa biz ölelim.,negation,syntactic,before,aldatma,Karını,Karını,aldat-NEG.IMP.2SG,aldat-ma,22,29,15,21,8,10,6,7,25
64,21,post_cue,False,1833,Artık sana da 'Karını aldatma!' dememiz gerekiyorsa biz ölelim.,negation,syntactic,before,aldatma,Karını,Karını,aldat-NEG.IMP.2SG,aldat-ma,22,29,15,21,8,10,6,7,25
64,22,post_cue,False,1834,Artık sana da 'Karını aldatma!' dememiz gerekiyorsa biz ölelim.,negation,syntactic,before,aldatma,Karını,Karını,aldat-NEG.IMP.2SG,aldat-ma,22,29,15,21,8,10,6,7,25
64,23,post_cue,False,1835,Artık sana da 'Karını aldatma!' dememiz gerekiyorsa biz ölelim.,negation,syntactic,before,aldatma,Karını,Karını,aldat-NEG.IMP.2SG,aldat-ma,22,29,15,21,8,10,6,7,25
64,24,full_sentence,True,1836,Artık sana da 'Karını aldatma!' dememiz gerekiyorsa biz ölelim.,negation,syntactic,before,aldatma,Karını,Karını,aldat-NEG.IMP.2SG,aldat-ma,22,29,15,21,8,10,6,7,25
65,0,cue_onset,False,1837,"Oktar'a verilen öğüt netti, 'Mehdilik iddiasında bulunma!'",negation,syntactic,before,bulunma,Oktar'a,"netti,",bulun-NEG.IMP.2SG,bulun-ma,49,56,0,27,20,21,0,10,23
65,1,cue_onset,False,1838,"Oktar'a verilen öğüt netti, 'Mehdilik iddiasında bulunma!'",negation,syntactic,before,bulunma,Oktar'a,"netti,",bulun-NEG.IMP.2SG,bulun-ma,49,56,0,27,20,21,0,10,23
65,2,cue_onset,False,1839,"Oktar'a verilen öğüt netti, 'Mehdilik iddiasında bulunma!'",negation,syntactic,before,bulunma,Oktar'a,"netti,",bulun-NEG.IMP.2SG,bulun-ma,49,56,0,27,20,21,0,10,23
65,3,cue_onset,False,1840,"Oktar'a verilen öğüt netti, 'Mehdilik iddiasında bulunma!'",negation,syntactic,before,bulunma,Oktar'a,"netti,",bulun-NEG.IMP.2SG,bulun-ma,49,56,0,27,20,21,0,10,23
65,4,cue_onset,False,1841,"Oktar'a verilen öğüt netti, 'Mehdilik iddiasında bulunma!'",negation,syntactic,before,bulunma,Oktar'a,"netti,",bulun-NEG.IMP.2SG,bulun-ma,49,56,0,27,20,21,0,10,23
65,5,cue_onset,False,1842,"Oktar'a verilen öğüt netti, 'Mehdilik iddiasında bulunma!'",negation,syntactic,before,bulunma,Oktar'a,"netti,",bulun-NEG.IMP.2SG,bulun-ma,49,56,0,27,20,21,0,10,23
65,6,cue_onset,False,1843,"Oktar'a verilen öğüt netti, 'Mehdilik iddiasında bulunma!'",negation,syntactic,before,bulunma,Oktar'a,"netti,",bulun-NEG.IMP.2SG,bulun-ma,49,56,0,27,20,21,0,10,23
65,7,cue_onset,False,1844,"Oktar'a verilen öğüt netti, 'Mehdilik iddiasında bulunma!'",negation,syntactic,before,bulunma,Oktar'a,"netti,",bulun-NEG.IMP.2SG,bulun-ma,49,56,0,27,20,21,0,10,23
65,8,cue_onset,False,1845,"Oktar'a verilen öğüt netti, 'Mehdilik iddiasında bulunma!'",negation,syntactic,before,bulunma,Oktar'a,"netti,",bulun-NEG.IMP.2SG,bulun-ma,49,56,0,27,20,21,0,10,23
65,9,cue_onset,False,1846,"Oktar'a verilen öğüt netti, 'Mehdilik iddiasında bulunma!'",negation,syntactic,before,bulunma,Oktar'a,"netti,",bulun-NEG.IMP.2SG,bulun-ma,49,56,0,27,20,21,0,10,23
65,10,cue_onset,False,1847,"Oktar'a verilen öğüt netti, 'Mehdilik iddiasında bulunma!'",negation,syntactic,before,bulunma,Oktar'a,"netti,",bulun-NEG.IMP.2SG,bulun-ma,49,56,0,27,20,21,0,10,23
65,11,post_cue_pre_ambiguity,False,1848,"Oktar'a verilen öğüt netti, 'Mehdilik iddiasında bulunma!'",negation,syntactic,before,bulunma,Oktar'a,"netti,",bulun-NEG.IMP.2SG,bulun-ma,49,56,0,27,20,21,0,10,23
65,12,post_cue_pre_ambiguity,False,1849,"Oktar'a verilen öğüt netti, 'Mehdilik iddiasında bulunma!'",negation,syntactic,before,bulunma,Oktar'a,"netti,",bulun-NEG.IMP.2SG,bulun-ma,49,56,0,27,20,21,0,10,23
65,13,post_cue_pre_ambiguity,False,1850,"Oktar'a verilen öğüt netti, 'Mehdilik iddiasında bulunma!'",negation,syntactic,before,bulunma,Oktar'a,"netti,",bulun-NEG.IMP.2SG,bulun-ma,49,56,0,27,20,21,0,10,23
65,14,post_cue_pre_ambiguity,False,1851,"Oktar'a verilen öğüt netti, 'Mehdilik iddiasında bulunma!'",negation,syntactic,before,bulunma,Oktar'a,"netti,",bulun-NEG.IMP.2SG,bulun-ma,49,56,0,27,20,21,0,10,23
65,15,post_cue_pre_ambiguity,False,1852,"Oktar'a verilen öğüt netti, 'Mehdilik iddiasında bulunma!'",negation,syntactic,before,bulunma,Oktar'a,"netti,",bulun-NEG.IMP.2SG,bulun-ma,49,56,0,27,20,21,0,10,23
65,16,post_cue_pre_ambiguity,False,1853,"Oktar'a verilen öğüt netti, 'Mehdilik iddiasında bulunma!'",negation,syntactic,before,bulunma,Oktar'a,"netti,",bulun-NEG.IMP.2SG,bulun-ma,49,56,0,27,20,21,0,10,23
65,17,post_cue_pre_ambiguity,False,1854,"Oktar'a verilen öğüt netti, 'Mehdilik iddiasında bulunma!'",negation,syntactic,before,bulunma,Oktar'a,"netti,",bulun-NEG.IMP.2SG,bulun-ma,49,56,0,27,20,21,0,10,23
65,18,post_cue_pre_ambiguity,False,1855,"Oktar'a verilen öğüt netti, 'Mehdilik iddiasında bulunma!'",negation,syntactic,before,bulunma,Oktar'a,"netti,",bulun-NEG.IMP.2SG,bulun-ma,49,56,0,27,20,21,0,10,23
65,19,post_cue_pre_ambiguity,False,1856,"Oktar'a verilen öğüt netti, 'Mehdilik iddiasında bulunma!'",negation,syntactic,before,bulunma,Oktar'a,"netti,",bulun-NEG.IMP.2SG,bulun-ma,49,56,0,27,20,21,0,10,23
65,20,ambiguity_onset,False,1857,"Oktar'a verilen öğüt netti, 'Mehdilik iddiasında bulunma!'",negation,syntactic,before,bulunma,Oktar'a,"netti,",bulun-NEG.IMP.2SG,bulun-ma,49,56,0,27,20,21,0,10,23
65,21,ambiguity_onset,False,1858,"Oktar'a verilen öğüt netti, 'Mehdilik iddiasında bulunma!'",negation,syntactic,before,bulunma,Oktar'a,"netti,",bulun-NEG.IMP.2SG,bulun-ma,49,56,0,27,20,21,0,10,23
65,22,full_sentence,True,1859,"Oktar'a verilen öğüt netti, 'Mehdilik iddiasında bulunma!'",negation,syntactic,before,bulunma,Oktar'a,"netti,",bulun-NEG.IMP.2SG,bulun-ma,49,56,0,27,20,21,0,10,23
66,0,pre_ambiguity,False,1860,"Bakan'ın yaptığı açıklamada en öne çıkan nokta, eğitimcilere verilen emirdi: Kopyaya müsamaha gösterme.",negation,syntactic,before,gösterme,eğitimcilere,müsamaha,göster-NEG.IMP.2SG,göster-me,94,102,48,93,30,31,15,29,33
66,1,pre_ambiguity,False,1861,"Bakan'ın yaptığı açıklamada en öne çıkan nokta, eğitimcilere verilen emirdi: Kopyaya müsamaha gösterme.",negation,syntactic,before,gösterme,eğitimcilere,müsamaha,göster-NEG.IMP.2SG,göster-me,94,102,48,93,30,31,15,29,33
66,2,pre_ambiguity,False,1862,"Bakan'ın yaptığı açıklamada en öne çıkan nokta, eğitimcilere verilen emirdi: Kopyaya müsamaha gösterme.",negation,syntactic,before,gösterme,eğitimcilere,müsamaha,göster-NEG.IMP.2SG,göster-me,94,102,48,93,30,31,15,29,33
66,3,pre_ambiguity,False,1863,"Bakan'ın yaptığı açıklamada en öne çıkan nokta, eğitimcilere verilen emirdi: Kopyaya müsamaha gösterme.",negation,syntactic,before,gösterme,eğitimcilere,müsamaha,göster-NEG.IMP.2SG,göster-me,94,102,48,93,30,31,15,29,33
66,4,pre_ambiguity,False,1864,"Bakan'ın yaptığı açıklamada en öne çıkan nokta, eğitimcilere verilen emirdi: Kopyaya müsamaha gösterme.",negation,syntactic,before,gösterme,eğitimcilere,müsamaha,göster-NEG.IMP.2SG,göster-me,94,102,48,93,30,31,15,29,33
66,5,pre_ambiguity,False,1865,"Bakan'ın yaptığı açıklamada en öne çıkan nokta, eğitimcilere verilen emirdi: Kopyaya müsamaha gösterme.",negation,syntactic,before,gösterme,eğitimcilere,müsamaha,göster-NEG.IMP.2SG,göster-me,94,102,48,93,30,31,15,29,33
66,6,pre_ambiguity,False,1866,"Bakan'ın yaptığı açıklamada en öne çıkan nokta, eğitimcilere verilen emirdi: Kopyaya müsamaha gösterme.",negation,syntactic,before,gösterme,eğitimcilere,müsamaha,göster-NEG.IMP.2SG,göster-me,94,102,48,93,30,31,15,29,33
66,7,pre_ambiguity,False,1867,"Bakan'ın yaptığı açıklamada en öne çıkan nokta, eğitimcilere verilen emirdi: Kopyaya müsamaha gösterme.",negation,syntactic,before,gösterme,eğitimcilere,müsamaha,göster-NEG.IMP.2SG,göster-me,94,102,48,93,30,31,15,29,33
66,8,pre_ambiguity,False,1868,"Bakan'ın yaptığı açıklamada en öne çıkan nokta, eğitimcilere verilen emirdi: Kopyaya müsamaha gösterme.",negation,syntactic,before,gösterme,eğitimcilere,müsamaha,göster-NEG.IMP.2SG,göster-me,94,102,48,93,30,31,15,29,33
66,9,pre_ambiguity,False,1869,"Bakan'ın yaptığı açıklamada en öne çıkan nokta, eğitimcilere verilen emirdi: Kopyaya müsamaha gösterme.",negation,syntactic,before,gösterme,eğitimcilere,müsamaha,göster-NEG.IMP.2SG,göster-me,94,102,48,93,30,31,15,29,33
66,10,pre_ambiguity,False,1870,"Bakan'ın yaptığı açıklamada en öne çıkan nokta, eğitimcilere verilen emirdi: Kopyaya müsamaha gösterme.",negation,syntactic,before,gösterme,eğitimcilere,müsamaha,göster-NEG.IMP.2SG,göster-me,94,102,48,93,30,31,15,29,33
66,11,pre_ambiguity,False,1871,"Bakan'ın yaptığı açıklamada en öne çıkan nokta, eğitimcilere verilen emirdi: Kopyaya müsamaha gösterme.",negation,syntactic,before,gösterme,eğitimcilere,müsamaha,göster-NEG.IMP.2SG,göster-me,94,102,48,93,30,31,15,29,33
66,12,pre_ambiguity,False,1872,"Bakan'ın yaptığı açıklamada en öne çıkan nokta, eğitimcilere verilen emirdi: Kopyaya müsamaha gösterme.",negation,syntactic,before,gösterme,eğitimcilere,müsamaha,göster-NEG.IMP.2SG,göster-me,94,102,48,93,30,31,15,29,33
66,13,pre_ambiguity,False,1873,"Bakan'ın yaptığı açıklamada en öne çıkan nokta, eğitimcilere verilen emirdi: Kopyaya müsamaha gösterme.",negation,syntactic,before,gösterme,eğitimcilere,müsamaha,göster-NEG.IMP.2SG,göster-me,94,102,48,93,30,31,15,29,33
66,14,pre_ambiguity,False,1874,"Bakan'ın yaptığı açıklamada en öne çıkan nokta, eğitimcilere verilen emirdi: Kopyaya müsamaha gösterme.",negation,syntactic,before,gösterme,eğitimcilere,müsamaha,göster-NEG.IMP.2SG,göster-me,94,102,48,93,30,31,15,29,33
66,15,cue_onset,False,1875,"Bakan'ın yaptığı açıklamada en öne çıkan nokta, eğitimcilere verilen emirdi: Kopyaya müsamaha gösterme.",negation,syntactic,before,gösterme,eğitimcilere,müsamaha,göster-NEG.IMP.2SG,göster-me,94,102,48,93,30,31,15,29,33
66,16,cue_onset,False,1876,"Bakan'ın yaptığı açıklamada en öne çıkan nokta, eğitimcilere verilen emirdi: Kopyaya müsamaha gösterme.",negation,syntactic,before,gösterme,eğitimcilere,müsamaha,göster-NEG.IMP.2SG,göster-me,94,102,48,93,30,31,15,29,33
66,17,cue_onset,False,1877,"Bakan'ın yaptığı açıklamada en öne çıkan nokta, eğitimcilere verilen emirdi: Kopyaya müsamaha gösterme.",negation,syntactic,before,gösterme,eğitimcilere,müsamaha,göster-NEG.IMP.2SG,göster-me,94,102,48,93,30,31,15,29,33
66,18,cue_onset,False,1878,"Bakan'ın yaptığı açıklamada en öne çıkan nokta, eğitimcilere verilen emirdi: Kopyaya müsamaha gösterme.",negation,syntactic,before,gösterme,eğitimcilere,müsamaha,göster-NEG.IMP.2SG,göster-me,94,102,48,93,30,31,15,29,33
66,19,cue_onset,False,1879,"Bakan'ın yaptığı açıklamada en öne çıkan nokta, eğitimcilere verilen emirdi: Kopyaya müsamaha gösterme.",negation,syntactic,before,gösterme,eğitimcilere,müsamaha,göster-NEG.IMP.2SG,göster-me,94,102,48,93,30,31,15,29,33
66,20,cue_onset,False,1880,"Bakan'ın yaptığı açıklamada en öne çıkan nokta, eğitimcilere verilen emirdi: Kopyaya müsamaha gösterme.",negation,syntactic,before,gösterme,eğitimcilere,müsamaha,göster-NEG.IMP.2SG,göster-me,94,102,48,93,30,31,15,29,33
66,21,cue_onset,False,1881,"Bakan'ın yaptığı açıklamada en öne çıkan nokta, eğitimcilere verilen emirdi: Kopyaya müsamaha gösterme.",negation,syntactic,before,gösterme,eğitimcilere,müsamaha,göster-NEG.IMP.2SG,göster-me,94,102,48,93,30,31,15,29,33
66,22,cue_onset,False,1882,"Bakan'ın yaptığı açıklamada en öne çıkan nokta, eğitimcilere verilen emirdi: Kopyaya müsamaha gösterme.",negation,syntactic,before,gösterme,eğitimcilere,müsamaha,göster-NEG.IMP.2SG,göster-me,94,102,48,93,30,31,15,29,33
66,23,cue_onset,False,1883,"Bakan'ın yaptığı açıklamada en öne çıkan nokta, eğitimcilere verilen emirdi: Kopyaya müsamaha gösterme.",negation,syntactic,before,gösterme,eğitimcilere,müsamaha,göster-NEG.IMP.2SG,göster-me,94,102,48,93,30,31,15,29,33
66,24,cue_onset,False,1884,"Bakan'ın yaptığı açıklamada en öne çıkan nokta, eğitimcilere verilen emirdi: Kopyaya müsamaha gösterme.",negation,syntactic,before,gösterme,eğitimcilere,müsamaha,göster-NEG.IMP.2SG,göster-me,94,102,48,93,30,31,15,29,33
66,25,cue_onset,False,1885,"Bakan'ın yaptığı açıklamada en öne çıkan nokta, eğitimcilere verilen emirdi: Kopyaya müsamaha gösterme.",negation,syntactic,before,gösterme,eğitimcilere,müsamaha,göster-NEG.IMP.2SG,göster-me,94,102,48,93,30,31,15,29,33
66,26,cue_onset,False,1886,"Bakan'ın yaptığı açıklamada en öne çıkan nokta, eğitimcilere verilen emirdi: Kopyaya müsamaha gösterme.",negation,syntactic,before,gösterme,eğitimcilere,müsamaha,göster-NEG.IMP.2SG,göster-me,94,102,48,93,30,31,15,29,33
66,27,cue_onset,False,1887,"Bakan'ın yaptığı açıklamada en öne çıkan nokta, eğitimcilere verilen emirdi: Kopyaya müsamaha gösterme.",negation,syntactic,before,gösterme,eğitimcilere,müsamaha,göster-NEG.IMP.2SG,göster-me,94,102,48,93,30,31,15,29,33
66,28,cue_onset,False,1888,"Bakan'ın yaptığı açıklamada en öne çıkan nokta, eğitimcilere verilen emirdi: Kopyaya müsamaha gösterme.",negation,syntactic,before,gösterme,eğitimcilere,müsamaha,göster-NEG.IMP.2SG,göster-me,94,102,48,93,30,31,15,29,33
66,29,cue_onset,False,1889,"Bakan'ın yaptığı açıklamada en öne çıkan nokta, eğitimcilere verilen emirdi: Kopyaya müsamaha gösterme.",negation,syntactic,before,gösterme,eğitimcilere,müsamaha,göster-NEG.IMP.2SG,göster-me,94,102,48,93,30,31,15,29,33
66,30,ambiguity_onset,False,1890,"Bakan'ın yaptığı açıklamada en öne çıkan nokta, eğitimcilere verilen emirdi: Kopyaya müsamaha gösterme.",negation,syntactic,before,gösterme,eğitimcilere,müsamaha,göster-NEG.IMP.2SG,göster-me,94,102,48,93,30,31,15,29,33
66,31,ambiguity_onset,False,1891,"Bakan'ın yaptığı açıklamada en öne çıkan nokta, eğitimcilere verilen emirdi: Kopyaya müsamaha gösterme.",negation,syntactic,before,gösterme,eğitimcilere,müsamaha,göster-NEG.IMP.2SG,göster-me,94,102,48,93,30,31,15,29,33
66,32,full_sentence,True,1892,"Bakan'ın yaptığı açıklamada en öne çıkan nokta, eğitimcilere verilen emirdi: Kopyaya müsamaha gösterme.",negation,syntactic,before,gösterme,eğitimcilere,müsamaha,göster-NEG.IMP.2SG,göster-me,94,102,48,93,30,31,15,29,33
67,0,pre_ambiguity,False,1893,AB'den Google'a çok sert çıkış: Arama verilerini sunucularında saklama.,negation,syntactic,before,saklama,çok,sunucularında,sakla-NEG.IMP.2SG,sakla-ma,63,70,16,62,19,20,5,18,22
67,1,pre_ambiguity,False,1894,AB'den Google'a çok sert çıkış: Arama verilerini sunucularında saklama.,negation,syntactic,before,saklama,çok,sunucularında,sakla-NEG.IMP.2SG,sakla-ma,63,70,16,62,19,20,5,18,22
67,2,pre_ambiguity,False,1895,AB'den Google'a çok sert çıkış: Arama verilerini sunucularında saklama.,negation,syntactic,before,saklama,çok,sunucularında,sakla-NEG.IMP.2SG,sakla-ma,63,70,16,62,19,20,5,18,22
67,3,pre_ambiguity,False,1896,AB'den Google'a çok sert çıkış: Arama verilerini sunucularında saklama.,negation,syntactic,before,saklama,çok,sunucularında,sakla-NEG.IMP.2SG,sakla-ma,63,70,16,62,19,20,5,18,22
67,4,pre_ambiguity,False,1897,AB'den Google'a çok sert çıkış: Arama verilerini sunucularında saklama.,negation,syntactic,before,saklama,çok,sunucularında,sakla-NEG.IMP.2SG,sakla-ma,63,70,16,62,19,20,5,18,22
67,5,cue_onset,False,1898,AB'den Google'a çok sert çıkış: Arama verilerini sunucularında saklama.,negation,syntactic,before,saklama,çok,sunucularında,sakla-NEG.IMP.2SG,sakla-ma,63,70,16,62,19,20,5,18,22
67,6,cue_onset,False,1899,AB'den Google'a çok sert çıkış: Arama verilerini sunucularında saklama.,negation,syntactic,before,saklama,çok,sunucularında,sakla-NEG.IMP.2SG,sakla-ma,63,70,16,62,19,20,5,18,22
67,7,cue_onset,False,1900,AB'den Google'a çok sert çıkış: Arama verilerini sunucularında saklama.,negation,syntactic,before,saklama,çok,sunucularında,sakla-NEG.IMP.2SG,sakla-ma,63,70,16,62,19,20,5,18,22
67,8,cue_onset,False,1901,AB'den Google'a çok sert çıkış: Arama verilerini sunucularında saklama.,negation,syntactic,before,saklama,çok,sunucularında,sakla-NEG.IMP.2SG,sakla-ma,63,70,16,62,19,20,5,18,22
67,9,cue_onset,False,1902,AB'den Google'a çok sert çıkış: Arama verilerini sunucularında saklama.,negation,syntactic,before,saklama,çok,sunucularında,sakla-NEG.IMP.2SG,sakla-ma,63,70,16,62,19,20,5,18,22
67,10,cue_onset,False,1903,AB'den Google'a çok sert çıkış: Arama verilerini sunucularında saklama.,negation,syntactic,before,saklama,çok,sunucularında,sakla-NEG.IMP.2SG,sakla-ma,63,70,16,62,19,20,5,18,22
67,11,cue_onset,False,1904,AB'den Google'a çok sert çıkış: Arama verilerini sunucularında saklama.,negation,syntactic,before,saklama,çok,sunucularında,sakla-NEG.IMP.2SG,sakla-ma,63,70,16,62,19,20,5,18,22
67,12,cue_onset,False,1905,AB'den Google'a çok sert çıkış: Arama verilerini sunucularında saklama.,negation,syntactic,before,saklama,çok,sunucularında,sakla-NEG.IMP.2SG,sakla-ma,63,70,16,62,19,20,5,18,22
67,13,cue_onset,False,1906,AB'den Google'a çok sert çıkış: Arama verilerini sunucularında saklama.,negation,syntactic,before,saklama,çok,sunucularında,sakla-NEG.IMP.2SG,sakla-ma,63,70,16,62,19,20,5,18,22
67,14,cue_onset,False,1907,AB'den Google'a çok sert çıkış: Arama verilerini sunucularında saklama.,negation,syntactic,before,saklama,çok,sunucularında,sakla-NEG.IMP.2SG,sakla-ma,63,70,16,62,19,20,5,18,22
67,15,cue_onset,False,1908,AB'den Google'a çok sert çıkış: Arama verilerini sunucularında saklama.,negation,syntactic,before,saklama,çok,sunucularında,sakla-NEG.IMP.2SG,sakla-ma,63,70,16,62,19,20,5,18,22
67,16,cue_onset,False,1909,AB'den Google'a çok sert çıkış: Arama verilerini sunucularında saklama.,negation,syntactic,before,saklama,çok,sunucularında,sakla-NEG.IMP.2SG,sakla-ma,63,70,16,62,19,20,5,18,22
67,17,cue_onset,False,1910,AB'den Google'a çok sert çıkış: Arama verilerini sunucularında saklama.,negation,syntactic,before,saklama,çok,sunucularında,sakla-NEG.IMP.2SG,sakla-ma,63,70,16,62,19,20,5,18,22
67,18,cue_onset,False,1911,AB'den Google'a çok sert çıkış: Arama verilerini sunucularında saklama.,negation,syntactic,before,saklama,çok,sunucularında,sakla-NEG.IMP.2SG,sakla-ma,63,70,16,62,19,20,5,18,22
67,19,ambiguity_onset,False,1912,AB'den Google'a çok sert çıkış: Arama verilerini sunucularında saklama.,negation,syntactic,before,saklama,çok,sunucularında,sakla-NEG.IMP.2SG,sakla-ma,63,70,16,62,19,20,5,18,22
67,20,ambiguity_onset,False,1913,AB'den Google'a çok sert çıkış: Arama verilerini sunucularında saklama.,negation,syntactic,before,saklama,çok,sunucularında,sakla-NEG.IMP.2SG,sakla-ma,63,70,16,62,19,20,5,18,22
67,21,full_sentence,True,1914,AB'den Google'a çok sert çıkış: Arama verilerini sunucularında saklama.,negation,syntactic,before,saklama,çok,sunucularında,sakla-NEG.IMP.2SG,sakla-ma,63,70,16,62,19,20,5,18,22
68,0,cue_onset,False,1915,"Yaptığın yanlışı benim karşıma geçip de savunma artık, kendini küçük düşürüyorsun.",negation,syntactic,before,savunma,Yaptığın,de,savun-NEG.IMP.2SG,savun-ma,40,47,0,39,13,15,0,12,27
68,1,cue_onset,False,1916,"Yaptığın yanlışı benim karşıma geçip de savunma artık, kendini küçük düşürüyorsun.",negation,syntactic,before,savunma,Yaptığın,de,savun-NEG.IMP.2SG,savun-ma,40,47,0,39,13,15,0,12,27
68,2,cue_onset,False,1917,"Yaptığın yanlışı benim karşıma geçip de savunma artık, kendini küçük düşürüyorsun.",negation,syntactic,before,savunma,Yaptığın,de,savun-NEG.IMP.2SG,savun-ma,40,47,0,39,13,15,0,12,27
68,3,cue_onset,False,1918,"Yaptığın yanlışı benim karşıma geçip de savunma artık, kendini küçük düşürüyorsun.",negation,syntactic,before,savunma,Yaptığın,de,savun-NEG.IMP.2SG,savun-ma,40,47,0,39,13,15,0,12,27
68,4,cue_onset,False,1919,"Yaptığın yanlışı benim karşıma geçip de savunma artık, kendini küçük düşürüyorsun.",negation,syntactic,before,savunma,Yaptığın,de,savun-NEG.IMP.2SG,savun-ma,40,47,0,39,13,15,0,12,27
68,5,cue_onset,False,1920,"Yaptığın yanlışı benim karşıma geçip de savunma artık, kendini küçük düşürüyorsun.",negation,syntactic,before,savunma,Yaptığın,de,savun-NEG.IMP.2SG,savun-ma,40,47,0,39,13,15,0,12,27
68,6,cue_onset,False,1921,"Yaptığın yanlışı benim karşıma geçip de savunma artık, kendini küçük düşürüyorsun.",negation,syntactic,before,savunma,Yaptığın,de,savun-NEG.IMP.2SG,savun-ma,40,47,0,39,13,15,0,12,27
68,7,cue_onset,False,1922,"Yaptığın yanlışı benim karşıma geçip de savunma artık, kendini küçük düşürüyorsun.",negation,syntactic,before,savunma,Yaptığın,de,savun-NEG.IMP.2SG,savun-ma,40,47,0,39,13,15,0,12,27
68,8,cue_onset,False,1923,"Yaptığın yanlışı benim karşıma geçip de savunma artık, kendini küçük düşürüyorsun.",negation,syntactic,before,savunma,Yaptığın,de,savun-NEG.IMP.2SG,savun-ma,40,47,0,39,13,15,0,12,27
68,9,cue_onset,False,1924,"Yaptığın yanlışı benim karşıma geçip de savunma artık, kendini küçük düşürüyorsun.",negation,syntactic,before,savunma,Yaptığın,de,savun-NEG.IMP.2SG,savun-ma,40,47,0,39,13,15,0,12,27
68,10,cue_onset,False,1925,"Yaptığın yanlışı benim karşıma geçip de savunma artık, kendini küçük düşürüyorsun.",negation,syntactic,before,savunma,Yaptığın,de,savun-NEG.IMP.2SG,savun-ma,40,47,0,39,13,15,0,12,27
68,11,cue_onset,False,1926,"Yaptığın yanlışı benim karşıma geçip de savunma artık, kendini küçük düşürüyorsun.",negation,syntactic,before,savunma,Yaptığın,de,savun-NEG.IMP.2SG,savun-ma,40,47,0,39,13,15,0,12,27
68,12,cue_onset,False,1927,"Yaptığın yanlışı benim karşıma geçip de savunma artık, kendini küçük düşürüyorsun.",negation,syntactic,before,savunma,Yaptığın,de,savun-NEG.IMP.2SG,savun-ma,40,47,0,39,13,15,0,12,27
68,13,ambiguity_onset,False,1928,"Yaptığın yanlışı benim karşıma geçip de savunma artık, kendini küçük düşürüyorsun.",negation,syntactic,before,savunma,Yaptığın,de,savun-NEG.IMP.2SG,savun-ma,40,47,0,39,13,15,0,12,27
68,14,ambiguity_onset,False,1929,"Yaptığın yanlışı benim karşıma geçip de savunma artık, kendini küçük düşürüyorsun.",negation,syntactic,before,savunma,Yaptığın,de,savun-NEG.IMP.2SG,savun-ma,40,47,0,39,13,15,0,12,27
68,15,ambiguity_onset,False,1930,"Yaptığın yanlışı benim karşıma geçip de savunma artık, kendini küçük düşürüyorsun.",negation,syntactic,before,savunma,Yaptığın,de,savun-NEG.IMP.2SG,savun-ma,40,47,0,39,13,15,0,12,27
68,16,post_cue,False,1931,"Yaptığın yanlışı benim karşıma geçip de savunma artık, kendini küçük düşürüyorsun.",negation,syntactic,before,savunma,Yaptığın,de,savun-NEG.IMP.2SG,savun-ma,40,47,0,39,13,15,0,12,27
68,17,post_cue,False,1932,"Yaptığın yanlışı benim karşıma geçip de savunma artık, kendini küçük düşürüyorsun.",negation,syntactic,before,savunma,Yaptığın,de,savun-NEG.IMP.2SG,savun-ma,40,47,0,39,13,15,0,12,27
68,18,post_cue,False,1933,"Yaptığın yanlışı benim karşıma geçip de savunma artık, kendini küçük düşürüyorsun.",negation,syntactic,before,savunma,Yaptığın,de,savun-NEG.IMP.2SG,savun-ma,40,47,0,39,13,15,0,12,27
68,19,post_cue,False,1934,"Yaptığın yanlışı benim karşıma geçip de savunma artık, kendini küçük düşürüyorsun.",negation,syntactic,before,savunma,Yaptığın,de,savun-NEG.IMP.2SG,savun-ma,40,47,0,39,13,15,0,12,27
68,20,post_cue,False,1935,"Yaptığın yanlışı benim karşıma geçip de savunma artık, kendini küçük düşürüyorsun.",negation,syntactic,before,savunma,Yaptığın,de,savun-NEG.IMP.2SG,savun-ma,40,47,0,39,13,15,0,12,27
68,21,post_cue,False,1936,"Yaptığın yanlışı benim karşıma geçip de savunma artık, kendini küçük düşürüyorsun.",negation,syntactic,before,savunma,Yaptığın,de,savun-NEG.IMP.2SG,savun-ma,40,47,0,39,13,15,0,12,27
68,22,post_cue,False,1937,"Yaptığın yanlışı benim karşıma geçip de savunma artık, kendini küçük düşürüyorsun.",negation,syntactic,before,savunma,Yaptığın,de,savun-NEG.IMP.2SG,savun-ma,40,47,0,39,13,15,0,12,27
68,23,post_cue,False,1938,"Yaptığın yanlışı benim karşıma geçip de savunma artık, kendini küçük düşürüyorsun.",negation,syntactic,before,savunma,Yaptığın,de,savun-NEG.IMP.2SG,savun-ma,40,47,0,39,13,15,0,12,27
68,24,post_cue,False,1939,"Yaptığın yanlışı benim karşıma geçip de savunma artık, kendini küçük düşürüyorsun.",negation,syntactic,before,savunma,Yaptığın,de,savun-NEG.IMP.2SG,savun-ma,40,47,0,39,13,15,0,12,27
68,25,post_cue,False,1940,"Yaptığın yanlışı benim karşıma geçip de savunma artık, kendini küçük düşürüyorsun.",negation,syntactic,before,savunma,Yaptığın,de,savun-NEG.IMP.2SG,savun-ma,40,47,0,39,13,15,0,12,27
68,26,full_sentence,True,1941,"Yaptığın yanlışı benim karşıma geçip de savunma artık, kendini küçük düşürüyorsun.",negation,syntactic,before,savunma,Yaptığın,de,savun-NEG.IMP.2SG,savun-ma,40,47,0,39,13,15,0,12,27
69,0,pre_ambiguity,False,1942,Migrenini tetiklemek istemiyorsan tavandaki beyaz ışığı yakma.,negation,syntactic,before,yakma,tavandaki,ışığı,yak-NEG.IMP.2SG,yak-ma,56,61,34,55,21,22,13,20,24
69,1,pre_ambiguity,False,1943,Migrenini tetiklemek istemiyorsan tavandaki beyaz ışığı yakma.,negation,syntactic,before,yakma,tavandaki,ışığı,yak-NEG.IMP.2SG,yak-ma,56,61,34,55,21,22,13,20,24
69,2,pre_ambiguity,False,1944,Migrenini tetiklemek istemiyorsan tavandaki beyaz ışığı yakma.,negation,syntactic,before,yakma,tavandaki,ışığı,yak-NEG.IMP.2SG,yak-ma,56,61,34,55,21,22,13,20,24
69,3,pre_ambiguity,False,1945,Migrenini tetiklemek istemiyorsan tavandaki beyaz ışığı yakma.,negation,syntactic,before,yakma,tavandaki,ışığı,yak-NEG.IMP.2SG,yak-ma,56,61,34,55,21,22,13,20,24
69,4,pre_ambiguity,False,1946,Migrenini tetiklemek istemiyorsan tavandaki beyaz ışığı yakma.,negation,syntactic,before,yakma,tavandaki,ışığı,yak-NEG.IMP.2SG,yak-ma,56,61,34,55,21,22,13,20,24
69,5,pre_ambiguity,False,1947,Migrenini tetiklemek istemiyorsan tavandaki beyaz ışığı yakma.,negation,syntactic,before,yakma,tavandaki,ışığı,yak-NEG.IMP.2SG,yak-ma,56,61,34,55,21,22,13,20,24
69,6,pre_ambiguity,False,1948,Migrenini tetiklemek istemiyorsan tavandaki beyaz ışığı yakma.,negation,syntactic,before,yakma,tavandaki,ışığı,yak-NEG.IMP.2SG,yak-ma,56,61,34,55,21,22,13,20,24
69,7,pre_ambiguity,False,1949,Migrenini tetiklemek istemiyorsan tavandaki beyaz ışığı yakma.,negation,syntactic,before,yakma,tavandaki,ışığı,yak-NEG.IMP.2SG,yak-ma,56,61,34,55,21,22,13,20,24
69,8,pre_ambiguity,False,1950,Migrenini tetiklemek istemiyorsan tavandaki beyaz ışığı yakma.,negation,syntactic,before,yakma,tavandaki,ışığı,yak-NEG.IMP.2SG,yak-ma,56,61,34,55,21,22,13,20,24
69,9,pre_ambiguity,False,1951,Migrenini tetiklemek istemiyorsan tavandaki beyaz ışığı yakma.,negation,syntactic,before,yakma,tavandaki,ışığı,yak-NEG.IMP.2SG,yak-ma,56,61,34,55,21,22,13,20,24
69,10,pre_ambiguity,False,1952,Migrenini tetiklemek istemiyorsan tavandaki beyaz ışığı yakma.,negation,syntactic,before,yakma,tavandaki,ışığı,yak-NEG.IMP.2SG,yak-ma,56,61,34,55,21,22,13,20,24
69,11,pre_ambiguity,False,1953,Migrenini tetiklemek istemiyorsan tavandaki beyaz ışığı yakma.,negation,syntactic,before,yakma,tavandaki,ışığı,yak-NEG.IMP.2SG,yak-ma,56,61,34,55,21,22,13,20,24
69,12,pre_ambiguity,False,1954,Migrenini tetiklemek istemiyorsan tavandaki beyaz ışığı yakma.,negation,syntactic,before,yakma,tavandaki,ışığı,yak-NEG.IMP.2SG,yak-ma,56,61,34,55,21,22,13,20,24
69,13,cue_onset,False,1955,Migrenini tetiklemek istemiyorsan tavandaki beyaz ışığı yakma.,negation,syntactic,before,yakma,tavandaki,ışığı,yak-NEG.IMP.2SG,yak-ma,56,61,34,55,21,22,13,20,24
69,14,cue_onset,False,1956,Migrenini tetiklemek istemiyorsan tavandaki beyaz ışığı yakma.,negation,syntactic,before,yakma,tavandaki,ışığı,yak-NEG.IMP.2SG,yak-ma,56,61,34,55,21,22,13,20,24
69,15,cue_onset,False,1957,Migrenini tetiklemek istemiyorsan tavandaki beyaz ışığı yakma.,negation,syntactic,before,yakma,tavandaki,ışığı,yak-NEG.IMP.2SG,yak-ma,56,61,34,55,21,22,13,20,24
69,16,cue_onset,False,1958,Migrenini tetiklemek istemiyorsan tavandaki beyaz ışığı yakma.,negation,syntactic,before,yakma,tavandaki,ışığı,yak-NEG.IMP.2SG,yak-ma,56,61,34,55,21,22,13,20,24
69,17,cue_onset,False,1959,Migrenini tetiklemek istemiyorsan tavandaki beyaz ışığı yakma.,negation,syntactic,before,yakma,tavandaki,ışığı,yak-NEG.IMP.2SG,yak-ma,56,61,34,55,21,22,13,20,24
69,18,cue_onset,False,1960,Migrenini tetiklemek istemiyorsan tavandaki beyaz ışığı yakma.,negation,syntactic,before,yakma,tavandaki,ışığı,yak-NEG.IMP.2SG,yak-ma,56,61,34,55,21,22,13,20,24
69,19,cue_onset,False,1961,Migrenini tetiklemek istemiyorsan tavandaki beyaz ışığı yakma.,negation,syntactic,before,yakma,tavandaki,ışığı,yak-NEG.IMP.2SG,yak-ma,56,61,34,55,21,22,13,20,24
69,20,cue_onset,False,1962,Migrenini tetiklemek istemiyorsan tavandaki beyaz ışığı yakma.,negation,syntactic,before,yakma,tavandaki,ışığı,yak-NEG.IMP.2SG,yak-ma,56,61,34,55,21,22,13,20,24
69,21,ambiguity_onset,False,1963,Migrenini tetiklemek istemiyorsan tavandaki beyaz ışığı yakma.,negation,syntactic,before,yakma,tavandaki,ışığı,yak-NEG.IMP.2SG,yak-ma,56,61,34,55,21,22,13,20,24
69,22,ambiguity_onset,False,1964,Migrenini tetiklemek istemiyorsan tavandaki beyaz ışığı yakma.,negation,syntactic,before,yakma,tavandaki,ışığı,yak-NEG.IMP.2SG,yak-ma,56,61,34,55,21,22,13,20,24
69,23,full_sentence,True,1965,Migrenini tetiklemek istemiyorsan tavandaki beyaz ışığı yakma.,negation,syntactic,before,yakma,tavandaki,ışığı,yak-NEG.IMP.2SG,yak-ma,56,61,34,55,21,22,13,20,24
70,0,cue_onset,False,1966,Ali'nin niyeti zaten okula gitme olsaydı hali tavrı baştan bambaşka olurdu.,nominalizer,syntactic,before,gitme,Ali'nin,zaten,git-NMLZ,git-me,27,32,0,20,10,11,0,7,31
70,1,cue_onset,False,1967,Ali'nin niyeti zaten okula gitme olsaydı hali tavrı baştan bambaşka olurdu.,nominalizer,syntactic,before,gitme,Ali'nin,zaten,git-NMLZ,git-me,27,32,0,20,10,11,0,7,31
70,2,cue_onset,False,1968,Ali'nin niyeti zaten okula gitme olsaydı hali tavrı baştan bambaşka olurdu.,nominalizer,syntactic,before,gitme,Ali'nin,zaten,git-NMLZ,git-me,27,32,0,20,10,11,0,7,31
70,3,cue_onset,False,1969,Ali'nin niyeti zaten okula gitme olsaydı hali tavrı baştan bambaşka olurdu.,nominalizer,syntactic,before,gitme,Ali'nin,zaten,git-NMLZ,git-me,27,32,0,20,10,11,0,7,31
70,4,cue_onset,False,1970,Ali'nin niyeti zaten okula gitme olsaydı hali tavrı baştan bambaşka olurdu.,nominalizer,syntactic,before,gitme,Ali'nin,zaten,git-NMLZ,git-me,27,32,0,20,10,11,0,7,31
70,5,cue_onset,False,1971,Ali'nin niyeti zaten okula gitme olsaydı hali tavrı baştan bambaşka olurdu.,nominalizer,syntactic,before,gitme,Ali'nin,zaten,git-NMLZ,git-me,27,32,0,20,10,11,0,7,31
70,6,cue_onset,False,1972,Ali'nin niyeti zaten okula gitme olsaydı hali tavrı baştan bambaşka olurdu.,nominalizer,syntactic,before,gitme,Ali'nin,zaten,git-NMLZ,git-me,27,32,0,20,10,11,0,7,31
70,7,cue_onset,False,1973,Ali'nin niyeti zaten okula gitme olsaydı hali tavrı baştan bambaşka olurdu.,nominalizer,syntactic,before,gitme,Ali'nin,zaten,git-NMLZ,git-me,27,32,0,20,10,11,0,7,31
70,8,post_cue_pre_ambiguity,False,1974,Ali'nin niyeti zaten okula gitme olsaydı hali tavrı baştan bambaşka olurdu.,nominalizer,syntactic,before,gitme,Ali'nin,zaten,git-NMLZ,git-me,27,32,0,20,10,11,0,7,31
70,9,post_cue_pre_ambiguity,False,1975,Ali'nin niyeti zaten okula gitme olsaydı hali tavrı baştan bambaşka olurdu.,nominalizer,syntactic,before,gitme,Ali'nin,zaten,git-NMLZ,git-me,27,32,0,20,10,11,0,7,31
70,10,ambiguity_onset,False,1976,Ali'nin niyeti zaten okula gitme olsaydı hali tavrı baştan bambaşka olurdu.,nominalizer,syntactic,before,gitme,Ali'nin,zaten,git-NMLZ,git-me,27,32,0,20,10,11,0,7,31
70,11,ambiguity_onset,False,1977,Ali'nin niyeti zaten okula gitme olsaydı hali tavrı baştan bambaşka olurdu.,nominalizer,syntactic,before,gitme,Ali'nin,zaten,git-NMLZ,git-me,27,32,0,20,10,11,0,7,31
70,12,post_cue,False,1978,Ali'nin niyeti zaten okula gitme olsaydı hali tavrı baştan bambaşka olurdu.,nominalizer,syntactic,before,gitme,Ali'nin,zaten,git-NMLZ,git-me,27,32,0,20,10,11,0,7,31
70,13,post_cue,False,1979,Ali'nin niyeti zaten okula gitme olsaydı hali tavrı baştan bambaşka olurdu.,nominalizer,syntactic,before,gitme,Ali'nin,zaten,git-NMLZ,git-me,27,32,0,20,10,11,0,7,31
70,14,post_cue,False,1980,Ali'nin niyeti zaten okula gitme olsaydı hali tavrı baştan bambaşka olurdu.,nominalizer,syntactic,before,gitme,Ali'nin,zaten,git-NMLZ,git-me,27,32,0,20,10,11,0,7,31
70,15,post_cue,False,1981,Ali'nin niyeti zaten okula gitme olsaydı hali tavrı baştan bambaşka olurdu.,nominalizer,syntactic,before,gitme,Ali'nin,zaten,git-NMLZ,git-me,27,32,0,20,10,11,0,7,31
70,16,post_cue,False,1982,Ali'nin niyeti zaten okula gitme olsaydı hali tavrı baştan bambaşka olurdu.,nominalizer,syntactic,before,gitme,Ali'nin,zaten,git-NMLZ,git-me,27,32,0,20,10,11,0,7,31
70,17,post_cue,False,1983,Ali'nin niyeti zaten okula gitme olsaydı hali tavrı baştan bambaşka olurdu.,nominalizer,syntactic,before,gitme,Ali'nin,zaten,git-NMLZ,git-me,27,32,0,20,10,11,0,7,31
70,18,post_cue,False,1984,Ali'nin niyeti zaten okula gitme olsaydı hali tavrı baştan bambaşka olurdu.,nominalizer,syntactic,before,gitme,Ali'nin,zaten,git-NMLZ,git-me,27,32,0,20,10,11,0,7,31
70,19,post_cue,False,1985,Ali'nin niyeti zaten okula gitme olsaydı hali tavrı baştan bambaşka olurdu.,nominalizer,syntactic,before,gitme,Ali'nin,zaten,git-NMLZ,git-me,27,32,0,20,10,11,0,7,31
70,20,post_cue,False,1986,Ali'nin niyeti zaten okula gitme olsaydı hali tavrı baştan bambaşka olurdu.,nominalizer,syntactic,before,gitme,Ali'nin,zaten,git-NMLZ,git-me,27,32,0,20,10,11,0,7,31
70,21,post_cue,False,1987,Ali'nin niyeti zaten okula gitme olsaydı hali tavrı baştan bambaşka olurdu.,nominalizer,syntactic,before,gitme,Ali'nin,zaten,git-NMLZ,git-me,27,32,0,20,10,11,0,7,31
70,22,post_cue,False,1988,Ali'nin niyeti zaten okula gitme olsaydı hali tavrı baştan bambaşka olurdu.,nominalizer,syntactic,before,gitme,Ali'nin,zaten,git-NMLZ,git-me,27,32,0,20,10,11,0,7,31
70,23,post_cue,False,1989,Ali'nin niyeti zaten okula gitme olsaydı hali tavrı baştan bambaşka olurdu.,nominalizer,syntactic,before,gitme,Ali'nin,zaten,git-NMLZ,git-me,27,32,0,20,10,11,0,7,31
70,24,post_cue,False,1990,Ali'nin niyeti zaten okula gitme olsaydı hali tavrı baştan bambaşka olurdu.,nominalizer,syntactic,before,gitme,Ali'nin,zaten,git-NMLZ,git-me,27,32,0,20,10,11,0,7,31
70,25,post_cue,False,1991,Ali'nin niyeti zaten okula gitme olsaydı hali tavrı baştan bambaşka olurdu.,nominalizer,syntactic,before,gitme,Ali'nin,zaten,git-NMLZ,git-me,27,32,0,20,10,11,0,7,31
70,26,post_cue,False,1992,Ali'nin niyeti zaten okula gitme olsaydı hali tavrı baştan bambaşka olurdu.,nominalizer,syntactic,before,gitme,Ali'nin,zaten,git-NMLZ,git-me,27,32,0,20,10,11,0,7,31
70,27,post_cue,False,1993,Ali'nin niyeti zaten okula gitme olsaydı hali tavrı baştan bambaşka olurdu.,nominalizer,syntactic,before,gitme,Ali'nin,zaten,git-NMLZ,git-me,27,32,0,20,10,11,0,7,31
70,28,post_cue,False,1994,Ali'nin niyeti zaten okula gitme olsaydı hali tavrı baştan bambaşka olurdu.,nominalizer,syntactic,before,gitme,Ali'nin,zaten,git-NMLZ,git-me,27,32,0,20,10,11,0,7,31
70,29,post_cue,False,1995,Ali'nin niyeti zaten okula gitme olsaydı hali tavrı baştan bambaşka olurdu.,nominalizer,syntactic,before,gitme,Ali'nin,zaten,git-NMLZ,git-me,27,32,0,20,10,11,0,7,31
70,30,full_sentence,True,1996,Ali'nin niyeti zaten okula gitme olsaydı hali tavrı baştan bambaşka olurdu.,nominalizer,syntactic,before,gitme,Ali'nin,zaten,git-NMLZ,git-me,27,32,0,20,10,11,0,7,31
71,0,cue_onset,False,1997,Akif'in niyetinin karısını aldatma olduğunu hiçbirimiz bilmiyorduk.,nominalizer,syntactic,before,aldatma,Akif'in,karısını,aldat-NMLZ,aldat-ma,27,34,0,26,9,11,0,8,22
71,1,cue_onset,False,1998,Akif'in niyetinin karısını aldatma olduğunu hiçbirimiz bilmiyorduk.,nominalizer,syntactic,before,aldatma,Akif'in,karısını,aldat-NMLZ,aldat-ma,27,34,0,26,9,11,0,8,22
71,2,cue_onset,False,1999,Akif'in niyetinin karısını aldatma olduğunu hiçbirimiz bilmiyorduk.,nominalizer,syntactic,before,aldatma,Akif'in,karısını,aldat-NMLZ,aldat-ma,27,34,0,26,9,11,0,8,22
71,3,cue_onset,False,2000,Akif'in niyetinin karısını aldatma olduğunu hiçbirimiz bilmiyorduk.,nominalizer,syntactic,before,aldatma,Akif'in,karısını,aldat-NMLZ,aldat-ma,27,34,0,26,9,11,0,8,22
71,4,cue_onset,False,2001,Akif'in niyetinin karısını aldatma olduğunu hiçbirimiz bilmiyorduk.,nominalizer,syntactic,before,aldatma,Akif'in,karısını,aldat-NMLZ,aldat-ma,27,34,0,26,9,11,0,8,22
71,5,cue_onset,False,2002,Akif'in niyetinin karısını aldatma olduğunu hiçbirimiz bilmiyorduk.,nominalizer,syntactic,before,aldatma,Akif'in,karısını,aldat-NMLZ,aldat-ma,27,34,0,26,9,11,0,8,22
71,6,cue_onset,False,2003,Akif'in niyetinin karısını aldatma olduğunu hiçbirimiz bilmiyorduk.,nominalizer,syntactic,before,aldatma,Akif'in,karısını,aldat-NMLZ,aldat-ma,27,34,0,26,9,11,0,8,22
71,7,cue_onset,False,2004,Akif'in niyetinin karısını aldatma olduğunu hiçbirimiz bilmiyorduk.,nominalizer,syntactic,before,aldatma,Akif'in,karısını,aldat-NMLZ,aldat-ma,27,34,0,26,9,11,0,8,22
71,8,cue_onset,False,2005,Akif'in niyetinin karısını aldatma olduğunu hiçbirimiz bilmiyorduk.,nominalizer,syntactic,before,aldatma,Akif'in,karısını,aldat-NMLZ,aldat-ma,27,34,0,26,9,11,0,8,22
71,9,ambiguity_onset,False,2006,Akif'in niyetinin karısını aldatma olduğunu hiçbirimiz bilmiyorduk.,nominalizer,syntactic,before,aldatma,Akif'in,karısını,aldat-NMLZ,aldat-ma,27,34,0,26,9,11,0,8,22
71,10,ambiguity_onset,False,2007,Akif'in niyetinin karısını aldatma olduğunu hiçbirimiz bilmiyorduk.,nominalizer,syntactic,before,aldatma,Akif'in,karısını,aldat-NMLZ,aldat-ma,27,34,0,26,9,11,0,8,22
71,11,ambiguity_onset,False,2008,Akif'in niyetinin karısını aldatma olduğunu hiçbirimiz bilmiyorduk.,nominalizer,syntactic,before,aldatma,Akif'in,karısını,aldat-NMLZ,aldat-ma,27,34,0,26,9,11,0,8,22
71,12,post_cue,False,2009,Akif'in niyetinin karısını aldatma olduğunu hiçbirimiz bilmiyorduk.,nominalizer,syntactic,before,aldatma,Akif'in,karısını,aldat-NMLZ,aldat-ma,27,34,0,26,9,11,0,8,22
71,13,post_cue,False,2010,Akif'in niyetinin karısını aldatma olduğunu hiçbirimiz bilmiyorduk.,nominalizer,syntactic,before,aldatma,Akif'in,karısını,aldat-NMLZ,aldat-ma,27,34,0,26,9,11,0,8,22
71,14,post_cue,False,2011,Akif'in niyetinin karısını aldatma olduğunu hiçbirimiz bilmiyorduk.,nominalizer,syntactic,before,aldatma,Akif'in,karısını,aldat-NMLZ,aldat-ma,27,34,0,26,9,11,0,8,22
71,15,post_cue,False,2012,Akif'in niyetinin karısını aldatma olduğunu hiçbirimiz bilmiyorduk.,nominalizer,syntactic,before,aldatma,Akif'in,karısını,aldat-NMLZ,aldat-ma,27,34,0,26,9,11,0,8,22
71,16,post_cue,False,2013,Akif'in niyetinin karısını aldatma olduğunu hiçbirimiz bilmiyorduk.,nominalizer,syntactic,before,aldatma,Akif'in,karısını,aldat-NMLZ,aldat-ma,27,34,0,26,9,11,0,8,22
71,17,post_cue,False,2014,Akif'in niyetinin karısını aldatma olduğunu hiçbirimiz bilmiyorduk.,nominalizer,syntactic,before,aldatma,Akif'in,karısını,aldat-NMLZ,aldat-ma,27,34,0,26,9,11,0,8,22
71,18,post_cue,False,2015,Akif'in niyetinin karısını aldatma olduğunu hiçbirimiz bilmiyorduk.,nominalizer,syntactic,before,aldatma,Akif'in,karısını,aldat-NMLZ,aldat-ma,27,34,0,26,9,11,0,8,22
71,19,post_cue,False,2016,Akif'in niyetinin karısını aldatma olduğunu hiçbirimiz bilmiyorduk.,nominalizer,syntactic,before,aldatma,Akif'in,karısını,aldat-NMLZ,aldat-ma,27,34,0,26,9,11,0,8,22
71,20,post_cue,False,2017,Akif'in niyetinin karısını aldatma olduğunu hiçbirimiz bilmiyorduk.,nominalizer,syntactic,before,aldatma,Akif'in,karısını,aldat-NMLZ,aldat-ma,27,34,0,26,9,11,0,8,22
71,21,full_sentence,True,2018,Akif'in niyetinin karısını aldatma olduğunu hiçbirimiz bilmiyorduk.,nominalizer,syntactic,before,aldatma,Akif'in,karısını,aldat-NMLZ,aldat-ma,27,34,0,26,9,11,0,8,22
72,0,cue_onset,False,2019,Bizim şirketin çalışanlarının hiç de öyle ofiste bulunma gibi arzuları yok.,nominalizer,syntactic,before,bulunma,Bizim,ofiste,bulun-NMLZ,bulun-ma,49,56,0,48,12,13,0,11,21
72,1,cue_onset,False,2020,Bizim şirketin çalışanlarının hiç de öyle ofiste bulunma gibi arzuları yok.,nominalizer,syntactic,before,bulunma,Bizim,ofiste,bulun-NMLZ,bulun-ma,49,56,0,48,12,13,0,11,21
72,2,cue_onset,False,2021,Bizim şirketin çalışanlarının hiç de öyle ofiste bulunma gibi arzuları yok.,nominalizer,syntactic,before,bulunma,Bizim,ofiste,bulun-NMLZ,bulun-ma,49,56,0,48,12,13,0,11,21
72,3,cue_onset,False,2022,Bizim şirketin çalışanlarının hiç de öyle ofiste bulunma gibi arzuları yok.,nominalizer,syntactic,before,bulunma,Bizim,ofiste,bulun-NMLZ,bulun-ma,49,56,0,48,12,13,0,11,21
72,4,cue_onset,False,2023,Bizim şirketin çalışanlarının hiç de öyle ofiste bulunma gibi arzuları yok.,nominalizer,syntactic,before,bulunma,Bizim,ofiste,bulun-NMLZ,bulun-ma,49,56,0,48,12,13,0,11,21
72,5,cue_onset,False,2024,Bizim şirketin çalışanlarının hiç de öyle ofiste bulunma gibi arzuları yok.,nominalizer,syntactic,before,bulunma,Bizim,ofiste,bulun-NMLZ,bulun-ma,49,56,0,48,12,13,0,11,21
72,6,cue_onset,False,2025,Bizim şirketin çalışanlarının hiç de öyle ofiste bulunma gibi arzuları yok.,nominalizer,syntactic,before,bulunma,Bizim,ofiste,bulun-NMLZ,bulun-ma,49,56,0,48,12,13,0,11,21
72,7,cue_onset,False,2026,Bizim şirketin çalışanlarının hiç de öyle ofiste bulunma gibi arzuları yok.,nominalizer,syntactic,before,bulunma,Bizim,ofiste,bulun-NMLZ,bulun-ma,49,56,0,48,12,13,0,11,21
72,8,cue_onset,False,2027,Bizim şirketin çalışanlarının hiç de öyle ofiste bulunma gibi arzuları yok.,nominalizer,syntactic,before,bulunma,Bizim,ofiste,bulun-NMLZ,bulun-ma,49,56,0,48,12,13,0,11,21
72,9,cue_onset,False,2028,Bizim şirketin çalışanlarının hiç de öyle ofiste bulunma gibi arzuları yok.,nominalizer,syntactic,before,bulunma,Bizim,ofiste,bulun-NMLZ,bulun-ma,49,56,0,48,12,13,0,11,21
72,10,cue_onset,False,2029,Bizim şirketin çalışanlarının hiç de öyle ofiste bulunma gibi arzuları yok.,nominalizer,syntactic,before,bulunma,Bizim,ofiste,bulun-NMLZ,bulun-ma,49,56,0,48,12,13,0,11,21
72,11,cue_onset,False,2030,Bizim şirketin çalışanlarının hiç de öyle ofiste bulunma gibi arzuları yok.,nominalizer,syntactic,before,bulunma,Bizim,ofiste,bulun-NMLZ,bulun-ma,49,56,0,48,12,13,0,11,21
72,12,ambiguity_onset,False,2031,Bizim şirketin çalışanlarının hiç de öyle ofiste bulunma gibi arzuları yok.,nominalizer,syntactic,before,bulunma,Bizim,ofiste,bulun-NMLZ,bulun-ma,49,56,0,48,12,13,0,11,21
72,13,ambiguity_onset,False,2032,Bizim şirketin çalışanlarının hiç de öyle ofiste bulunma gibi arzuları yok.,nominalizer,syntactic,before,bulunma,Bizim,ofiste,bulun-NMLZ,bulun-ma,49,56,0,48,12,13,0,11,21
72,14,post_cue,False,2033,Bizim şirketin çalışanlarının hiç de öyle ofiste bulunma gibi arzuları yok.,nominalizer,syntactic,before,bulunma,Bizim,ofiste,bulun-NMLZ,bulun-ma,49,56,0,48,12,13,0,11,21
72,15,post_cue,False,2034,Bizim şirketin çalışanlarının hiç de öyle ofiste bulunma gibi arzuları yok.,nominalizer,syntactic,before,bulunma,Bizim,ofiste,bulun-NMLZ,bulun-ma,49,56,0,48,12,13,0,11,21
72,16,post_cue,False,2035,Bizim şirketin çalışanlarının hiç de öyle ofiste bulunma gibi arzuları yok.,nominalizer,syntactic,before,bulunma,Bizim,ofiste,bulun-NMLZ,bulun-ma,49,56,0,48,12,13,0,11,21
72,17,post_cue,False,2036,Bizim şirketin çalışanlarının hiç de öyle ofiste bulunma gibi arzuları yok.,nominalizer,syntactic,before,bulunma,Bizim,ofiste,bulun-NMLZ,bulun-ma,49,56,0,48,12,13,0,11,21
72,18,post_cue,False,2037,Bizim şirketin çalışanlarının hiç de öyle ofiste bulunma gibi arzuları yok.,nominalizer,syntactic,before,bulunma,Bizim,ofiste,bulun-NMLZ,bulun-ma,49,56,0,48,12,13,0,11,21
72,19,post_cue,False,2038,Bizim şirketin çalışanlarının hiç de öyle ofiste bulunma gibi arzuları yok.,nominalizer,syntactic,before,bulunma,Bizim,ofiste,bulun-NMLZ,bulun-ma,49,56,0,48,12,13,0,11,21
72,20,full_sentence,True,2039,Bizim şirketin çalışanlarının hiç de öyle ofiste bulunma gibi arzuları yok.,nominalizer,syntactic,before,bulunma,Bizim,ofiste,bulun-NMLZ,bulun-ma,49,56,0,48,12,13,0,11,21
73,0,cue_onset,False,2040,"Emlakçının yapacağı iş belli, ev gösterme!",nominalizer,syntactic,before,gösterme,Emlakçının,"belli,",göster-NMLZ,göster-me,33,41,0,29,12,13,0,10,15
73,1,cue_onset,False,2041,"Emlakçının yapacağı iş belli, ev gösterme!",nominalizer,syntactic,before,gösterme,Emlakçının,"belli,",göster-NMLZ,göster-me,33,41,0,29,12,13,0,10,15
73,2,cue_onset,False,2042,"Emlakçının yapacağı iş belli, ev gösterme!",nominalizer,syntactic,before,gösterme,Emlakçının,"belli,",göster-NMLZ,göster-me,33,41,0,29,12,13,0,10,15
73,3,cue_onset,False,2043,"Emlakçının yapacağı iş belli, ev gösterme!",nominalizer,syntactic,before,gösterme,Emlakçının,"belli,",göster-NMLZ,göster-me,33,41,0,29,12,13,0,10,15
73,4,cue_onset,False,2044,"Emlakçının yapacağı iş belli, ev gösterme!",nominalizer,syntactic,before,gösterme,Emlakçının,"belli,",göster-NMLZ,göster-me,33,41,0,29,12,13,0,10,15
73,5,cue_onset,False,2045,"Emlakçının yapacağı iş belli, ev gösterme!",nominalizer,syntactic,before,gösterme,Emlakçının,"belli,",göster-NMLZ,göster-me,33,41,0,29,12,13,0,10,15
73,6,cue_onset,False,2046,"Emlakçının yapacağı iş belli, ev gösterme!",nominalizer,syntactic,before,gösterme,Emlakçının,"belli,",göster-NMLZ,göster-me,33,41,0,29,12,13,0,10,15
73,7,cue_onset,False,2047,"Emlakçının yapacağı iş belli, ev gösterme!",nominalizer,syntactic,before,gösterme,Emlakçının,"belli,",göster-NMLZ,göster-me,33,41,0,29,12,13,0,10,15
73,8,cue_onset,False,2048,"Emlakçının yapacağı iş belli, ev gösterme!",nominalizer,syntactic,before,gösterme,Emlakçının,"belli,",göster-NMLZ,göster-me,33,41,0,29,12,13,0,10,15
73,9,cue_onset,False,2049,"Emlakçının yapacağı iş belli, ev gösterme!",nominalizer,syntactic,before,gösterme,Emlakçının,"belli,",göster-NMLZ,göster-me,33,41,0,29,12,13,0,10,15
73,10,cue_onset,False,2050,"Emlakçının yapacağı iş belli, ev gösterme!",nominalizer,syntactic,before,gösterme,Emlakçının,"belli,",göster-NMLZ,göster-me,33,41,0,29,12,13,0,10,15
73,11,post_cue_pre_ambiguity,False,2051,"Emlakçının yapacağı iş belli, ev gösterme!",nominalizer,syntactic,before,gösterme,Emlakçının,"belli,",göster-NMLZ,göster-me,33,41,0,29,12,13,0,10,15
73,12,ambiguity_onset,False,2052,"Emlakçının yapacağı iş belli, ev gösterme!",nominalizer,syntactic,before,gösterme,Emlakçının,"belli,",göster-NMLZ,göster-me,33,41,0,29,12,13,0,10,15
73,13,ambiguity_onset,False,2053,"Emlakçının yapacağı iş belli, ev gösterme!",nominalizer,syntactic,before,gösterme,Emlakçının,"belli,",göster-NMLZ,göster-me,33,41,0,29,12,13,0,10,15
73,14,full_sentence,True,2054,"Emlakçının yapacağı iş belli, ev gösterme!",nominalizer,syntactic,before,gösterme,Emlakçının,"belli,",göster-NMLZ,göster-me,33,41,0,29,12,13,0,10,15
74,0,pre_ambiguity,False,2055,Çoğu zaman ergenin içgüdüsü başına gelen stresli olayları ebeveyninden saklama yönünde.,nominalizer,syntactic,before,saklama,ergenin,ebeveyninden,sakla-NMLZ,sakla-ma,71,78,11,70,26,27,4,25,31
74,1,pre_ambiguity,False,2056,Çoğu zaman ergenin içgüdüsü başına gelen stresli olayları ebeveyninden saklama yönünde.,nominalizer,syntactic,before,saklama,ergenin,ebeveyninden,sakla-NMLZ,sakla-ma,71,78,11,70,26,27,4,25,31
74,2,pre_ambiguity,False,2057,Çoğu zaman ergenin içgüdüsü başına gelen stresli olayları ebeveyninden saklama yönünde.,nominalizer,syntactic,before,saklama,ergenin,ebeveyninden,sakla-NMLZ,sakla-ma,71,78,11,70,26,27,4,25,31
74,3,pre_ambiguity,False,2058,Çoğu zaman ergenin içgüdüsü başına gelen stresli olayları ebeveyninden saklama yönünde.,nominalizer,syntactic,before,saklama,ergenin,ebeveyninden,sakla-NMLZ,sakla-ma,71,78,11,70,26,27,4,25,31
74,4,cue_onset,False,2059,Çoğu zaman ergenin içgüdüsü başına gelen stresli olayları ebeveyninden saklama yönünde.,nominalizer,syntactic,before,saklama,ergenin,ebeveyninden,sakla-NMLZ,sakla-ma,71,78,11,70,26,27,4,25,31
74,5,cue_onset,False,2060,Çoğu zaman ergenin içgüdüsü başına gelen stresli olayları ebeveyninden saklama yönünde.,nominalizer,syntactic,before,saklama,ergenin,ebeveyninden,sakla-NMLZ,sakla-ma,71,78,11,70,26,27,4,25,31
74,6,cue_onset,False,2061,Çoğu zaman ergenin içgüdüsü başına gelen stresli olayları ebeveyninden saklama yönünde.,nominalizer,syntactic,before,saklama,ergenin,ebeveyninden,sakla-NMLZ,sakla-ma,71,78,11,70,26,27,4,25,31
74,7,cue_onset,False,2062,Çoğu zaman ergenin içgüdüsü başına gelen stresli olayları ebeveyninden saklama yönünde.,nominalizer,syntactic,before,saklama,ergenin,ebeveyninden,sakla-NMLZ,sakla-ma,71,78,11,70,26,27,4,25,31
74,8,cue_onset,False,2063,Çoğu zaman ergenin içgüdüsü başına gelen stresli olayları ebeveyninden saklama yönünde.,nominalizer,syntactic,before,saklama,ergenin,ebeveyninden,sakla-NMLZ,sakla-ma,71,78,11,70,26,27,4,25,31
74,9,cue_onset,False,2064,Çoğu zaman ergenin içgüdüsü başına gelen stresli olayları ebeveyninden saklama yönünde.,nominalizer,syntactic,before,saklama,ergenin,ebeveyninden,sakla-NMLZ,sakla-ma,71,78,11,70,26,27,4,25,31
74,10,cue_onset,False,2065,Çoğu zaman ergenin içgüdüsü başına gelen stresli olayları ebeveyninden saklama yönünde.,nominalizer,syntactic,before,saklama,ergenin,ebeveyninden,sakla-NMLZ,sakla-ma,71,78,11,70,26,27,4,25,31
74,11,cue_onset,False,2066,Çoğu zaman ergenin içgüdüsü başına gelen stresli olayları ebeveyninden saklama yönünde.,nominalizer,syntactic,before,saklama,ergenin,ebeveyninden,sakla-NMLZ,sakla-ma,71,78,11,70,26,27,4,25,31
74,12,cue_onset,False,2067,Çoğu zaman ergenin içgüdüsü başına gelen stresli olayları ebeveyninden saklama yönünde.,nominalizer,syntactic,before,saklama,ergenin,ebeveyninden,sakla-NMLZ,sakla-ma,71,78,11,70,26,27,4,25,31
74,13,cue_onset,False,2068,Çoğu zaman ergenin içgüdüsü başına gelen stresli olayları ebeveyninden saklama yönünde.,nominalizer,syntactic,before,saklama,ergenin,ebeveyninden,sakla-NMLZ,sakla-ma,71,78,11,70,26,27,4,25,31
74,14,cue_onset,False,2069,Çoğu zaman ergenin içgüdüsü başına gelen stresli olayları ebeveyninden saklama yönünde.,nominalizer,syntactic,before,saklama,ergenin,ebeveyninden,sakla-NMLZ,sakla-ma,71,78,11,70,26,27,4,25,31
74,15,cue_onset,False,2070,Çoğu zaman ergenin içgüdüsü başına gelen stresli olayları ebeveyninden saklama yönünde.,nominalizer,syntactic,before,saklama,ergenin,ebeveyninden,sakla-NMLZ,sakla-ma,71,78,11,70,26,27,4,25,31
74,16,cue_onset,False,2071,Çoğu zaman ergenin içgüdüsü başına gelen stresli olayları ebeveyninden saklama yönünde.,nominalizer,syntactic,before,saklama,ergenin,ebeveyninden,sakla-NMLZ,sakla-ma,71,78,11,70,26,27,4,25,31
74,17,cue_onset,False,2072,Çoğu zaman ergenin içgüdüsü başına gelen stresli olayları ebeveyninden saklama yönünde.,nominalizer,syntactic,before,saklama,ergenin,ebeveyninden,sakla-NMLZ,sakla-ma,71,78,11,70,26,27,4,25,31
74,18,cue_onset,False,2073,Çoğu zaman ergenin içgüdüsü başına gelen stresli olayları ebeveyninden saklama yönünde.,nominalizer,syntactic,before,saklama,ergenin,ebeveyninden,sakla-NMLZ,sakla-ma,71,78,11,70,26,27,4,25,31
74,19,cue_onset,False,2074,Çoğu zaman ergenin içgüdüsü başına gelen stresli olayları ebeveyninden saklama yönünde.,nominalizer,syntactic,before,saklama,ergenin,ebeveyninden,sakla-NMLZ,sakla-ma,71,78,11,70,26,27,4,25,31
74,20,cue_onset,False,2075,Çoğu zaman ergenin içgüdüsü başına gelen stresli olayları ebeveyninden saklama yönünde.,nominalizer,syntactic,before,saklama,ergenin,ebeveyninden,sakla-NMLZ,sakla-ma,71,78,11,70,26,27,4,25,31
74,21,cue_onset,False,2076,Çoğu zaman ergenin içgüdüsü başına gelen stresli olayları ebeveyninden saklama yönünde.,nominalizer,syntactic,before,saklama,ergenin,ebeveyninden,sakla-NMLZ,sakla-ma,71,78,11,70,26,27,4,25,31
74,22,cue_onset,False,2077,Çoğu zaman ergenin içgüdüsü başına gelen stresli olayları ebeveyninden saklama yönünde.,nominalizer,syntactic,before,saklama,ergenin,ebeveyninden,sakla-NMLZ,sakla-ma,71,78,11,70,26,27,4,25,31
74,23,cue_onset,False,2078,Çoğu zaman ergenin içgüdüsü başına gelen stresli olayları ebeveyninden saklama yönünde.,nominalizer,syntactic,before,saklama,ergenin,ebeveyninden,sakla-NMLZ,sakla-ma,71,78,11,70,26,27,4,25,31
74,24,cue_onset,False,2079,Çoğu zaman ergenin içgüdüsü başına gelen stresli olayları ebeveyninden saklama yönünde.,nominalizer,syntactic,before,saklama,ergenin,ebeveyninden,sakla-NMLZ,sakla-ma,71,78,11,70,26,27,4,25,31
74,25,cue_onset,False,2080,Çoğu zaman ergenin içgüdüsü başına gelen stresli olayları ebeveyninden saklama yönünde.,nominalizer,syntactic,before,saklama,ergenin,ebeveyninden,sakla-NMLZ,sakla-ma,71,78,11,70,26,27,4,25,31
74,26,ambiguity_onset,False,2081,Çoğu zaman ergenin içgüdüsü başına gelen stresli olayları ebeveyninden saklama yönünde.,nominalizer,syntactic,before,saklama,ergenin,ebeveyninden,sakla-NMLZ,sakla-ma,71,78,11,70,26,27,4,25,31
74,27,ambiguity_onset,False,2082,Çoğu zaman ergenin içgüdüsü başına gelen stresli olayları ebeveyninden saklama yönünde.,nominalizer,syntactic,before,saklama,ergenin,ebeveyninden,sakla-NMLZ,sakla-ma,71,78,11,70,26,27,4,25,31
74,28,post_cue,False,2083,Çoğu zaman ergenin içgüdüsü başına gelen stresli olayları ebeveyninden saklama yönünde.,nominalizer,syntactic,before,saklama,ergenin,ebeveyninden,sakla-NMLZ,sakla-ma,71,78,11,70,26,27,4,25,31
74,29,post_cue,False,2084,Çoğu zaman ergenin içgüdüsü başına gelen stresli olayları ebeveyninden saklama yönünde.,nominalizer,syntactic,before,saklama,ergenin,ebeveyninden,sakla-NMLZ,sakla-ma,71,78,11,70,26,27,4,25,31
74,30,full_sentence,True,2085,Çoğu zaman ergenin içgüdüsü başına gelen stresli olayları ebeveyninden saklama yönünde.,nominalizer,syntactic,before,saklama,ergenin,ebeveyninden,sakla-NMLZ,sakla-ma,71,78,11,70,26,27,4,25,31
75,0,cue_onset,False,2086,Mahkemenin bir tarafı savunma avukatı için ayrılmıştır.,nominalizer,syntactic,before,savunma,Mahkemenin,tarafı,savun-NMLZ,savun-ma,22,29,0,21,7,9,0,6,20
75,1,cue_onset,False,2087,Mahkemenin bir tarafı savunma avukatı için ayrılmıştır.,nominalizer,syntactic,before,savunma,Mahkemenin,tarafı,savun-NMLZ,savun-ma,22,29,0,21,7,9,0,6,20
75,2,cue_onset,False,2088,Mahkemenin bir tarafı savunma avukatı için ayrılmıştır.,nominalizer,syntactic,before,savunma,Mahkemenin,tarafı,savun-NMLZ,savun-ma,22,29,0,21,7,9,0,6,20
75,3,cue_onset,False,2089,Mahkemenin bir tarafı savunma avukatı için ayrılmıştır.,nominalizer,syntactic,before,savunma,Mahkemenin,tarafı,savun-NMLZ,savun-ma,22,29,0,21,7,9,0,6,20
75,4,cue_onset,False,2090,Mahkemenin bir tarafı savunma avukatı için ayrılmıştır.,nominalizer,syntactic,before,savunma,Mahkemenin,tarafı,savun-NMLZ,savun-ma,22,29,0,21,7,9,0,6,20
75,5,cue_onset,False,2091,Mahkemenin bir tarafı savunma avukatı için ayrılmıştır.,nominalizer,syntactic,before,savunma,Mahkemenin,tarafı,savun-NMLZ,savun-ma,22,29,0,21,7,9,0,6,20
75,6,cue_onset,False,2092,Mahkemenin bir tarafı savunma avukatı için ayrılmıştır.,nominalizer,syntactic,before,savunma,Mahkemenin,tarafı,savun-NMLZ,savun-ma,22,29,0,21,7,9,0,6,20
75,7,ambiguity_onset,False,2093,Mahkemenin bir tarafı savunma avukatı için ayrılmıştır.,nominalizer,syntactic,before,savunma,Mahkemenin,tarafı,savun-NMLZ,savun-ma,22,29,0,21,7,9,0,6,20
75,8,ambiguity_onset,False,2094,Mahkemenin bir tarafı savunma avukatı için ayrılmıştır.,nominalizer,syntactic,before,savunma,Mahkemenin,tarafı,savun-NMLZ,savun-ma,22,29,0,21,7,9,0,6,20
75,9,ambiguity_onset,False,2095,Mahkemenin bir tarafı savunma avukatı için ayrılmıştır.,nominalizer,syntactic,before,savunma,Mahkemenin,tarafı,savun-NMLZ,savun-ma,22,29,0,21,7,9,0,6,20
75,10,post_cue,False,2096,Mahkemenin bir tarafı savunma avukatı için ayrılmıştır.,nominalizer,syntactic,before,savunma,Mahkemenin,tarafı,savun-NMLZ,savun-ma,22,29,0,21,7,9,0,6,20
75,11,post_cue,False,2097,Mahkemenin bir tarafı savunma avukatı için ayrılmıştır.,nominalizer,syntactic,before,savunma,Mahkemenin,tarafı,savun-NMLZ,savun-ma,22,29,0,21,7,9,0,6,20
75,12,post_cue,False,2098,Mahkemenin bir tarafı savunma avukatı için ayrılmıştır.,nominalizer,syntactic,before,savunma,Mahkemenin,tarafı,savun-NMLZ,savun-ma,22,29,0,21,7,9,0,6,20
75,13,post_cue,False,2099,Mahkemenin bir tarafı savunma avukatı için ayrılmıştır.,nominalizer,syntactic,before,savunma,Mahkemenin,tarafı,savun-NMLZ,savun-ma,22,29,0,21,7,9,0,6,20
75,14,post_cue,False,2100,Mahkemenin bir tarafı savunma avukatı için ayrılmıştır.,nominalizer,syntactic,before,savunma,Mahkemenin,tarafı,savun-NMLZ,savun-ma,22,29,0,21,7,9,0,6,20
75,15,post_cue,False,2101,Mahkemenin bir tarafı savunma avukatı için ayrılmıştır.,nominalizer,syntactic,before,savunma,Mahkemenin,tarafı,savun-NMLZ,savun-ma,22,29,0,21,7,9,0,6,20
75,16,post_cue,False,2102,Mahkemenin bir tarafı savunma avukatı için ayrılmıştır.,nominalizer,syntactic,before,savunma,Mahkemenin,tarafı,savun-NMLZ,savun-ma,22,29,0,21,7,9,0,6,20
75,17,post_cue,False,2103,Mahkemenin bir tarafı savunma avukatı için ayrılmıştır.,nominalizer,syntactic,before,savunma,Mahkemenin,tarafı,savun-NMLZ,savun-ma,22,29,0,21,7,9,0,6,20
75,18,post_cue,False,2104,Mahkemenin bir tarafı savunma avukatı için ayrılmıştır.,nominalizer,syntactic,before,savunma,Mahkemenin,tarafı,savun-NMLZ,savun-ma,22,29,0,21,7,9,0,6,20
75,19,full_sentence,True,2105,Mahkemenin bir tarafı savunma avukatı için ayrılmıştır.,nominalizer,syntactic,before,savunma,Mahkemenin,tarafı,savun-NMLZ,savun-ma,22,29,0,21,7,9,0,6,20
76,0,cue_onset,False,2106,Ayşe'nin endişeli gözleri savunma avukatını aradı.,nominalizer,syntactic,before,savunma,Ayşe'nin,gözleri,savun-NMLZ,savun-ma,26,33,0,25,9,11,0,8,20
76,1,cue_onset,False,2107,Ayşe'nin endişeli gözleri savunma avukatını aradı.,nominalizer,syntactic,before,savunma,Ayşe'nin,gözleri,savun-NMLZ,savun-ma,26,33,0,25,9,11,0,8,20
76,2,cue_onset,False,2108,Ayşe'nin endişeli gözleri savunma avukatını aradı.,nominalizer,syntactic,before,savunma,Ayşe'nin,gözleri,savun-NMLZ,savun-ma,26,33,0,25,9,11,0,8,20
76,3,cue_onset,False,2109,Ayşe'nin endişeli gözleri savunma avukatını aradı.,nominalizer,syntactic,before,savunma,Ayşe'nin,gözleri,savun-NMLZ,savun-ma,26,33,0,25,9,11,0,8,20
76,4,cue_onset,False,2110,Ayşe'nin endişeli gözleri savunma avukatını aradı.,nominalizer,syntactic,before,savunma,Ayşe'nin,gözleri,savun-NMLZ,savun-ma,26,33,0,25,9,11,0,8,20
76,5,cue_onset,False,2111,Ayşe'nin endişeli gözleri savunma avukatını aradı.,nominalizer,syntactic,before,savunma,Ayşe'nin,gözleri,savun-NMLZ,savun-ma,26,33,0,25,9,11,0,8,20
76,6,cue_onset,False,2112,Ayşe'nin endişeli gözleri savunma avukatını aradı.,nominalizer,syntactic,before,savunma,Ayşe'nin,gözleri,savun-NMLZ,savun-ma,26,33,0,25,9,11,0,8,20
76,7,cue_onset,False,2113,Ayşe'nin endişeli gözleri savunma avukatını aradı.,nominalizer,syntactic,before,savunma,Ayşe'nin,gözleri,savun-NMLZ,savun-ma,26,33,0,25,9,11,0,8,20
76,8,cue_onset,False,2114,Ayşe'nin endişeli gözleri savunma avukatını aradı.,nominalizer,syntactic,before,savunma,Ayşe'nin,gözleri,savun-NMLZ,savun-ma,26,33,0,25,9,11,0,8,20
76,9,ambiguity_onset,False,2115,Ayşe'nin endişeli gözleri savunma avukatını aradı.,nominalizer,syntactic,before,savunma,Ayşe'nin,gözleri,savun-NMLZ,savun-ma,26,33,0,25,9,11,0,8,20
76,10,ambiguity_onset,False,2116,Ayşe'nin endişeli gözleri savunma avukatını aradı.,nominalizer,syntactic,before,savunma,Ayşe'nin,gözleri,savun-NMLZ,savun-ma,26,33,0,25,9,11,0,8,20
76,11,ambiguity_onset,False,2117,Ayşe'nin endişeli gözleri savunma avukatını aradı.,nominalizer,syntactic,before,savunma,Ayşe'nin,gözleri,savun-NMLZ,savun-ma,26,33,0,25,9,11,0,8,20
76,12,post_cue,False,2118,Ayşe'nin endişeli gözleri savunma avukatını aradı.,nominalizer,syntactic,before,savunma,Ayşe'nin,gözleri,savun-NMLZ,savun-ma,26,33,0,25,9,11,0,8,20
76,13,post_cue,False,2119,Ayşe'nin endişeli gözleri savunma avukatını aradı.,nominalizer,syntactic,before,savunma,Ayşe'nin,gözleri,savun-NMLZ,savun-ma,26,33,0,25,9,11,0,8,20
76,14,post_cue,False,2120,Ayşe'nin endişeli gözleri savunma avukatını aradı.,nominalizer,syntactic,before,savunma,Ayşe'nin,gözleri,savun-NMLZ,savun-ma,26,33,0,25,9,11,0,8,20
76,15,post_cue,False,2121,Ayşe'nin endişeli gözleri savunma avukatını aradı.,nominalizer,syntactic,before,savunma,Ayşe'nin,gözleri,savun-NMLZ,savun-ma,26,33,0,25,9,11,0,8,20
76,16,post_cue,False,2122,Ayşe'nin endişeli gözleri savunma avukatını aradı.,nominalizer,syntactic,before,savunma,Ayşe'nin,gözleri,savun-NMLZ,savun-ma,26,33,0,25,9,11,0,8,20
76,17,post_cue,False,2123,Ayşe'nin endişeli gözleri savunma avukatını aradı.,nominalizer,syntactic,before,savunma,Ayşe'nin,gözleri,savun-NMLZ,savun-ma,26,33,0,25,9,11,0,8,20
76,18,post_cue,False,2124,Ayşe'nin endişeli gözleri savunma avukatını aradı.,nominalizer,syntactic,before,savunma,Ayşe'nin,gözleri,savun-NMLZ,savun-ma,26,33,0,25,9,11,0,8,20
76,19,full_sentence,True,2125,Ayşe'nin endişeli gözleri savunma avukatını aradı.,nominalizer,syntactic,before,savunma,Ayşe'nin,gözleri,savun-NMLZ,savun-ma,26,33,0,25,9,11,0,8,20
77,0,pre_ambiguity,False,2126,Hevesli annenin çocuklar için yaptığı oyun alanının temel işlevi çocukları güvende tutma idi.,nominalizer,syntactic,before,tutma,oyun,güvende,tut-NMLZ,tut-ma,83,88,38,82,23,24,9,22,27
77,1,pre_ambiguity,False,2127,Hevesli annenin çocuklar için yaptığı oyun alanının temel işlevi çocukları güvende tutma idi.,nominalizer,syntactic,before,tutma,oyun,güvende,tut-NMLZ,tut-ma,83,88,38,82,23,24,9,22,27
77,2,pre_ambiguity,False,2128,Hevesli annenin çocuklar için yaptığı oyun alanının temel işlevi çocukları güvende tutma idi.,nominalizer,syntactic,before,tutma,oyun,güvende,tut-NMLZ,tut-ma,83,88,38,82,23,24,9,22,27
77,3,pre_ambiguity,False,2129,Hevesli annenin çocuklar için yaptığı oyun alanının temel işlevi çocukları güvende tutma idi.,nominalizer,syntactic,before,tutma,oyun,güvende,tut-NMLZ,tut-ma,83,88,38,82,23,24,9,22,27
77,4,pre_ambiguity,False,2130,Hevesli annenin çocuklar için yaptığı oyun alanının temel işlevi çocukları güvende tutma idi.,nominalizer,syntactic,before,tutma,oyun,güvende,tut-NMLZ,tut-ma,83,88,38,82,23,24,9,22,27
77,5,pre_ambiguity,False,2131,Hevesli annenin çocuklar için yaptığı oyun alanının temel işlevi çocukları güvende tutma idi.,nominalizer,syntactic,before,tutma,oyun,güvende,tut-NMLZ,tut-ma,83,88,38,82,23,24,9,22,27
77,6,pre_ambiguity,False,2132,Hevesli annenin çocuklar için yaptığı oyun alanının temel işlevi çocukları güvende tutma idi.,nominalizer,syntactic,before,tutma,oyun,güvende,tut-NMLZ,tut-ma,83,88,38,82,23,24,9,22,27
77,7,pre_ambiguity,False,2133,Hevesli annenin çocuklar için yaptığı oyun alanının temel işlevi çocukları güvende tutma idi.,nominalizer,syntactic,before,tutma,oyun,güvende,tut-NMLZ,tut-ma,83,88,38,82,23,24,9,22,27
77,8,pre_ambiguity,False,2134,Hevesli annenin çocuklar için yaptığı oyun alanının temel işlevi çocukları güvende tutma idi.,nominalizer,syntactic,before,tutma,oyun,güvende,tut-NMLZ,tut-ma,83,88,38,82,23,24,9,22,27
77,9,cue_onset,False,2135,Hevesli annenin çocuklar için yaptığı oyun alanının temel işlevi çocukları güvende tutma idi.,nominalizer,syntactic,before,tutma,oyun,güvende,tut-NMLZ,tut-ma,83,88,38,82,23,24,9,22,27
77,10,cue_onset,False,2136,Hevesli annenin çocuklar için yaptığı oyun alanının temel işlevi çocukları güvende tutma idi.,nominalizer,syntactic,before,tutma,oyun,güvende,tut-NMLZ,tut-ma,83,88,38,82,23,24,9,22,27
77,11,cue_onset,False,2137,Hevesli annenin çocuklar için yaptığı oyun alanının temel işlevi çocukları güvende tutma idi.,nominalizer,syntactic,before,tutma,oyun,güvende,tut-NMLZ,tut-ma,83,88,38,82,23,24,9,22,27
77,12,cue_onset,False,2138,Hevesli annenin çocuklar için yaptığı oyun alanının temel işlevi çocukları güvende tutma idi.,nominalizer,syntactic,before,tutma,oyun,güvende,tut-NMLZ,tut-ma,83,88,38,82,23,24,9,22,27
77,13,cue_onset,False,2139,Hevesli annenin çocuklar için yaptığı oyun alanının temel işlevi çocukları güvende tutma idi.,nominalizer,syntactic,before,tutma,oyun,güvende,tut-NMLZ,tut-ma,83,88,38,82,23,24,9,22,27
77,14,cue_onset,False,2140,Hevesli annenin çocuklar için yaptığı oyun alanının temel işlevi çocukları güvende tutma idi.,nominalizer,syntactic,before,tutma,oyun,güvende,tut-NMLZ,tut-ma,83,88,38,82,23,24,9,22,27
77,15,cue_onset,False,2141,Hevesli annenin çocuklar için yaptığı oyun alanının temel işlevi çocukları güvende tutma idi.,nominalizer,syntactic,before,tutma,oyun,güvende,tut-NMLZ,tut-ma,83,88,38,82,23,24,9,22,27
77,16,cue_onset,False,2142,Hevesli annenin çocuklar için yaptığı oyun alanının temel işlevi çocukları güvende tutma idi.,nominalizer,syntactic,before,tutma,oyun,güvende,tut-NMLZ,tut-ma,83,88,38,82,23,24,9,22,27
77,17,cue_onset,False,2143,Hevesli annenin çocuklar için yaptığı oyun alanının temel işlevi çocukları güvende tutma idi.,nominalizer,syntactic,before,tutma,oyun,güvende,tut-NMLZ,tut-ma,83,88,38,82,23,24,9,22,27
77,18,cue_onset,False,2144,Hevesli annenin çocuklar için yaptığı oyun alanının temel işlevi çocukları güvende tutma idi.,nominalizer,syntactic,before,tutma,oyun,güvende,tut-NMLZ,tut-ma,83,88,38,82,23,24,9,22,27
77,19,cue_onset,False,2145,Hevesli annenin çocuklar için yaptığı oyun alanının temel işlevi çocukları güvende tutma idi.,nominalizer,syntactic,before,tutma,oyun,güvende,tut-NMLZ,tut-ma,83,88,38,82,23,24,9,22,27
77,20,cue_onset,False,2146,Hevesli annenin çocuklar için yaptığı oyun alanının temel işlevi çocukları güvende tutma idi.,nominalizer,syntactic,before,tutma,oyun,güvende,tut-NMLZ,tut-ma,83,88,38,82,23,24,9,22,27
77,21,cue_onset,False,2147,Hevesli annenin çocuklar için yaptığı oyun alanının temel işlevi çocukları güvende tutma idi.,nominalizer,syntactic,before,tutma,oyun,güvende,tut-NMLZ,tut-ma,83,88,38,82,23,24,9,22,27
77,22,cue_onset,False,2148,Hevesli annenin çocuklar için yaptığı oyun alanının temel işlevi çocukları güvende tutma idi.,nominalizer,syntactic,before,tutma,oyun,güvende,tut-NMLZ,tut-ma,83,88,38,82,23,24,9,22,27
77,23,ambiguity_onset,False,2149,Hevesli annenin çocuklar için yaptığı oyun alanının temel işlevi çocukları güvende tutma idi.,nominalizer,syntactic,before,tutma,oyun,güvende,tut-NMLZ,tut-ma,83,88,38,82,23,24,9,22,27
77,24,ambiguity_onset,False,2150,Hevesli annenin çocuklar için yaptığı oyun alanının temel işlevi çocukları güvende tutma idi.,nominalizer,syntactic,before,tutma,oyun,güvende,tut-NMLZ,tut-ma,83,88,38,82,23,24,9,22,27
77,25,post_cue,False,2151,Hevesli annenin çocuklar için yaptığı oyun alanının temel işlevi çocukları güvende tutma idi.,nominalizer,syntactic,before,tutma,oyun,güvende,tut-NMLZ,tut-ma,83,88,38,82,23,24,9,22,27
77,26,full_sentence,True,2152,Hevesli annenin çocuklar için yaptığı oyun alanının temel işlevi çocukları güvende tutma idi.,nominalizer,syntactic,before,tutma,oyun,güvende,tut-NMLZ,tut-ma,83,88,38,82,23,24,9,22,27
78,0,pre_ambiguity,False,2153,"Bilseydim senin isteğinin bu kitabı bu kadar hızlı yazma yönünde olduğunu, her şey farklı olurdu.",nominalizer,syntactic,before,yazma,senin,hızlı,yaz-NMLZ,yaz-ma,51,56,10,50,14,15,4,13,27
78,1,pre_ambiguity,False,2154,"Bilseydim senin isteğinin bu kitabı bu kadar hızlı yazma yönünde olduğunu, her şey farklı olurdu.",nominalizer,syntactic,before,yazma,senin,hızlı,yaz-NMLZ,yaz-ma,51,56,10,50,14,15,4,13,27
78,2,pre_ambiguity,False,2155,"Bilseydim senin isteğinin bu kitabı bu kadar hızlı yazma yönünde olduğunu, her şey farklı olurdu.",nominalizer,syntactic,before,yazma,senin,hızlı,yaz-NMLZ,yaz-ma,51,56,10,50,14,15,4,13,27
78,3,pre_ambiguity,False,2156,"Bilseydim senin isteğinin bu kitabı bu kadar hızlı yazma yönünde olduğunu, her şey farklı olurdu.",nominalizer,syntactic,before,yazma,senin,hızlı,yaz-NMLZ,yaz-ma,51,56,10,50,14,15,4,13,27
78,4,cue_onset,False,2157,"Bilseydim senin isteğinin bu kitabı bu kadar hızlı yazma yönünde olduğunu, her şey farklı olurdu.",nominalizer,syntactic,before,yazma,senin,hızlı,yaz-NMLZ,yaz-ma,51,56,10,50,14,15,4,13,27
78,5,cue_onset,False,2158,"Bilseydim senin isteğinin bu kitabı bu kadar hızlı yazma yönünde olduğunu, her şey farklı olurdu.",nominalizer,syntactic,before,yazma,senin,hızlı,yaz-NMLZ,yaz-ma,51,56,10,50,14,15,4,13,27
78,6,cue_onset,False,2159,"Bilseydim senin isteğinin bu kitabı bu kadar hızlı yazma yönünde olduğunu, her şey farklı olurdu.",nominalizer,syntactic,before,yazma,senin,hızlı,yaz-NMLZ,yaz-ma,51,56,10,50,14,15,4,13,27
78,7,cue_onset,False,2160,"Bilseydim senin isteğinin bu kitabı bu kadar hızlı yazma yönünde olduğunu, her şey farklı olurdu.",nominalizer,syntactic,before,yazma,senin,hızlı,yaz-NMLZ,yaz-ma,51,56,10,50,14,15,4,13,27
78,8,cue_onset,False,2161,"Bilseydim senin isteğinin bu kitabı bu kadar hızlı yazma yönünde olduğunu, her şey farklı olurdu.",nominalizer,syntactic,before,yazma,senin,hızlı,yaz-NMLZ,yaz-ma,51,56,10,50,14,15,4,13,27
78,9,cue_onset,False,2162,"Bilseydim senin isteğinin bu kitabı bu kadar hızlı yazma yönünde olduğunu, her şey farklı olurdu.",nominalizer,syntactic,before,yazma,senin,hızlı,yaz-NMLZ,yaz-ma,51,56,10,50,14,15,4,13,27
78,10,cue_onset,False,2163,"Bilseydim senin isteğinin bu kitabı bu kadar hızlı yazma yönünde olduğunu, her şey farklı olurdu.",nominalizer,syntactic,before,yazma,senin,hızlı,yaz-NMLZ,yaz-ma,51,56,10,50,14,15,4,13,27
78,11,cue_onset,False,2164,"Bilseydim senin isteğinin bu kitabı bu kadar hızlı yazma yönünde olduğunu, her şey farklı olurdu.",nominalizer,syntactic,before,yazma,senin,hızlı,yaz-NMLZ,yaz-ma,51,56,10,50,14,15,4,13,27
78,12,cue_onset,False,2165,"Bilseydim senin isteğinin bu kitabı bu kadar hızlı yazma yönünde olduğunu, her şey farklı olurdu.",nominalizer,syntactic,before,yazma,senin,hızlı,yaz-NMLZ,yaz-ma,51,56,10,50,14,15,4,13,27
78,13,cue_onset,False,2166,"Bilseydim senin isteğinin bu kitabı bu kadar hızlı yazma yönünde olduğunu, her şey farklı olurdu.",nominalizer,syntactic,before,yazma,senin,hızlı,yaz-NMLZ,yaz-ma,51,56,10,50,14,15,4,13,27
78,14,ambiguity_onset,False,2167,"Bilseydim senin isteğinin bu kitabı bu kadar hızlı yazma yönünde olduğunu, her şey farklı olurdu.",nominalizer,syntactic,before,yazma,senin,hızlı,yaz-NMLZ,yaz-ma,51,56,10,50,14,15,4,13,27
78,15,ambiguity_onset,False,2168,"Bilseydim senin isteğinin bu kitabı bu kadar hızlı yazma yönünde olduğunu, her şey farklı olurdu.",nominalizer,syntactic,before,yazma,senin,hızlı,yaz-NMLZ,yaz-ma,51,56,10,50,14,15,4,13,27
78,16,post_cue,False,2169,"Bilseydim senin isteğinin bu kitabı bu kadar hızlı yazma yönünde olduğunu, her şey farklı olurdu.",nominalizer,syntactic,before,yazma,senin,hızlı,yaz-NMLZ,yaz-ma,51,56,10,50,14,15,4,13,27
78,17,post_cue,False,2170,"Bilseydim senin isteğinin bu kitabı bu kadar hızlı yazma yönünde olduğunu, her şey farklı olurdu.",nominalizer,syntactic,before,yazma,senin,hızlı,yaz-NMLZ,yaz-ma,51,56,10,50,14,15,4,13,27
78,18,post_cue,False,2171,"Bilseydim senin isteğinin bu kitabı bu kadar hızlı yazma yönünde olduğunu, her şey farklı olurdu.",nominalizer,syntactic,before,yazma,senin,hızlı,yaz-NMLZ,yaz-ma,51,56,10,50,14,15,4,13,27
78,19,post_cue,False,2172,"Bilseydim senin isteğinin bu kitabı bu kadar hızlı yazma yönünde olduğunu, her şey farklı olurdu.",nominalizer,syntactic,before,yazma,senin,hızlı,yaz-NMLZ,yaz-ma,51,56,10,50,14,15,4,13,27
78,20,post_cue,False,2173,"Bilseydim senin isteğinin bu kitabı bu kadar hızlı yazma yönünde olduğunu, her şey farklı olurdu.",nominalizer,syntactic,before,yazma,senin,hızlı,yaz-NMLZ,yaz-ma,51,56,10,50,14,15,4,13,27
78,21,post_cue,False,2174,"Bilseydim senin isteğinin bu kitabı bu kadar hızlı yazma yönünde olduğunu, her şey farklı olurdu.",nominalizer,syntactic,before,yazma,senin,hızlı,yaz-NMLZ,yaz-ma,51,56,10,50,14,15,4,13,27
78,22,post_cue,False,2175,"Bilseydim senin isteğinin bu kitabı bu kadar hızlı yazma yönünde olduğunu, her şey farklı olurdu.",nominalizer,syntactic,before,yazma,senin,hızlı,yaz-NMLZ,yaz-ma,51,56,10,50,14,15,4,13,27
78,23,post_cue,False,2176,"Bilseydim senin isteğinin bu kitabı bu kadar hızlı yazma yönünde olduğunu, her şey farklı olurdu.",nominalizer,syntactic,before,yazma,senin,hızlı,yaz-NMLZ,yaz-ma,51,56,10,50,14,15,4,13,27
78,24,post_cue,False,2177,"Bilseydim senin isteğinin bu kitabı bu kadar hızlı yazma yönünde olduğunu, her şey farklı olurdu.",nominalizer,syntactic,before,yazma,senin,hızlı,yaz-NMLZ,yaz-ma,51,56,10,50,14,15,4,13,27
78,25,post_cue,False,2178,"Bilseydim senin isteğinin bu kitabı bu kadar hızlı yazma yönünde olduğunu, her şey farklı olurdu.",nominalizer,syntactic,before,yazma,senin,hızlı,yaz-NMLZ,yaz-ma,51,56,10,50,14,15,4,13,27
78,26,full_sentence,True,2179,"Bilseydim senin isteğinin bu kitabı bu kadar hızlı yazma yönünde olduğunu, her şey farklı olurdu.",nominalizer,syntactic,before,yazma,senin,hızlı,yaz-NMLZ,yaz-ma,51,56,10,50,14,15,4,13,27
79,0,pre_ambiguity,False,2180,"Senin gözlerin deli deli bakıyor, belli ki yapacağın şeyin amacı kalp kırma olacak.",nominalizer,syntactic,before,kırma,yapacağın,kalp,kır-NMLZ,kır-ma,70,75,43,69,24,26,15,23,30
79,1,pre_ambiguity,False,2181,"Senin gözlerin deli deli bakıyor, belli ki yapacağın şeyin amacı kalp kırma olacak.",nominalizer,syntactic,before,kırma,yapacağın,kalp,kır-NMLZ,kır-ma,70,75,43,69,24,26,15,23,30
79,2,pre_ambiguity,False,2182,"Senin gözlerin deli deli bakıyor, belli ki yapacağın şeyin amacı kalp kırma olacak.",nominalizer,syntactic,before,kırma,yapacağın,kalp,kır-NMLZ,kır-ma,70,75,43,69,24,26,15,23,30
79,3,pre_ambiguity,False,2183,"Senin gözlerin deli deli bakıyor, belli ki yapacağın şeyin amacı kalp kırma olacak.",nominalizer,syntactic,before,kırma,yapacağın,kalp,kır-NMLZ,kır-ma,70,75,43,69,24,26,15,23,30
79,4,pre_ambiguity,False,2184,"Senin gözlerin deli deli bakıyor, belli ki yapacağın şeyin amacı kalp kırma olacak.",nominalizer,syntactic,before,kırma,yapacağın,kalp,kır-NMLZ,kır-ma,70,75,43,69,24,26,15,23,30
79,5,pre_ambiguity,False,2185,"Senin gözlerin deli deli bakıyor, belli ki yapacağın şeyin amacı kalp kırma olacak.",nominalizer,syntactic,before,kırma,yapacağın,kalp,kır-NMLZ,kır-ma,70,75,43,69,24,26,15,23,30
79,6,pre_ambiguity,False,2186,"Senin gözlerin deli deli bakıyor, belli ki yapacağın şeyin amacı kalp kırma olacak.",nominalizer,syntactic,before,kırma,yapacağın,kalp,kır-NMLZ,kır-ma,70,75,43,69,24,26,15,23,30
79,7,pre_ambiguity,False,2187,"Senin gözlerin deli deli bakıyor, belli ki yapacağın şeyin amacı kalp kırma olacak.",nominalizer,syntactic,before,kırma,yapacağın,kalp,kır-NMLZ,kır-ma,70,75,43,69,24,26,15,23,30
79,8,pre_ambiguity,False,2188,"Senin gözlerin deli deli bakıyor, belli ki yapacağın şeyin amacı kalp kırma olacak.",nominalizer,syntactic,before,kırma,yapacağın,kalp,kır-NMLZ,kır-ma,70,75,43,69,24,26,15,23,30
79,9,pre_ambiguity,False,2189,"Senin gözlerin deli deli bakıyor, belli ki yapacağın şeyin amacı kalp kırma olacak.",nominalizer,syntactic,before,kırma,yapacağın,kalp,kır-NMLZ,kır-ma,70,75,43,69,24,26,15,23,30
79,10,pre_ambiguity,False,2190,"Senin gözlerin deli deli bakıyor, belli ki yapacağın şeyin amacı kalp kırma olacak.",nominalizer,syntactic,before,kırma,yapacağın,kalp,kır-NMLZ,kır-ma,70,75,43,69,24,26,15,23,30
79,11,pre_ambiguity,False,2191,"Senin gözlerin deli deli bakıyor, belli ki yapacağın şeyin amacı kalp kırma olacak.",nominalizer,syntactic,before,kırma,yapacağın,kalp,kır-NMLZ,kır-ma,70,75,43,69,24,26,15,23,30
79,12,pre_ambiguity,False,2192,"Senin gözlerin deli deli bakıyor, belli ki yapacağın şeyin amacı kalp kırma olacak.",nominalizer,syntactic,before,kırma,yapacağın,kalp,kır-NMLZ,kır-ma,70,75,43,69,24,26,15,23,30
79,13,pre_ambiguity,False,2193,"Senin gözlerin deli deli bakıyor, belli ki yapacağın şeyin amacı kalp kırma olacak.",nominalizer,syntactic,before,kırma,yapacağın,kalp,kır-NMLZ,kır-ma,70,75,43,69,24,26,15,23,30
79,14,pre_ambiguity,False,2194,"Senin gözlerin deli deli bakıyor, belli ki yapacağın şeyin amacı kalp kırma olacak.",nominalizer,syntactic,before,kırma,yapacağın,kalp,kır-NMLZ,kır-ma,70,75,43,69,24,26,15,23,30
79,15,cue_onset,False,2195,"Senin gözlerin deli deli bakıyor, belli ki yapacağın şeyin amacı kalp kırma olacak.",nominalizer,syntactic,before,kırma,yapacağın,kalp,kır-NMLZ,kır-ma,70,75,43,69,24,26,15,23,30
79,16,cue_onset,False,2196,"Senin gözlerin deli deli bakıyor, belli ki yapacağın şeyin amacı kalp kırma olacak.",nominalizer,syntactic,before,kırma,yapacağın,kalp,kır-NMLZ,kır-ma,70,75,43,69,24,26,15,23,30
79,17,cue_onset,False,2197,"Senin gözlerin deli deli bakıyor, belli ki yapacağın şeyin amacı kalp kırma olacak.",nominalizer,syntactic,before,kırma,yapacağın,kalp,kır-NMLZ,kır-ma,70,75,43,69,24,26,15,23,30
79,18,cue_onset,False,2198,"Senin gözlerin deli deli bakıyor, belli ki yapacağın şeyin amacı kalp kırma olacak.",nominalizer,syntactic,before,kırma,yapacağın,kalp,kır-NMLZ,kır-ma,70,75,43,69,24,26,15,23,30
79,19,cue_onset,False,2199,"Senin gözlerin deli deli bakıyor, belli ki yapacağın şeyin amacı kalp kırma olacak.",nominalizer,syntactic,before,kırma,yapacağın,kalp,kır-NMLZ,kır-ma,70,75,43,69,24,26,15,23,30
79,20,cue_onset,False,2200,"Senin gözlerin deli deli bakıyor, belli ki yapacağın şeyin amacı kalp kırma olacak.",nominalizer,syntactic,before,kırma,yapacağın,kalp,kır-NMLZ,kır-ma,70,75,43,69,24,26,15,23,30
79,21,cue_onset,False,2201,"Senin gözlerin deli deli bakıyor, belli ki yapacağın şeyin amacı kalp kırma olacak.",nominalizer,syntactic,before,kırma,yapacağın,kalp,kır-NMLZ,kır-ma,70,75,43,69,24,26,15,23,30
79,22,cue_onset,False,2202,"Senin gözlerin deli deli bakıyor, belli ki yapacağın şeyin amacı kalp kırma olacak.",nominalizer,syntactic,before,kırma,yapacağın,kalp,kır-NMLZ,kır-ma,70,75,43,69,24,26,15,23,30
79,23,cue_onset,False,2203,"Senin gözlerin deli deli bakıyor, belli ki yapacağın şeyin amacı kalp kırma olacak.",nominalizer,syntactic,before,kırma,yapacağın,kalp,kır-NMLZ,kır-ma,70,75,43,69,24,26,15,23,30
79,24,ambiguity_onset,False,2204,"Senin gözlerin deli deli bakıyor, belli ki yapacağın şeyin amacı kalp kırma olacak.",nominalizer,syntactic,before,kırma,yapacağın,kalp,kır-NMLZ,kır-ma,70,75,43,69,24,26,15,23,30
79,25,ambiguity_onset,False,2205,"Senin gözlerin deli deli bakıyor, belli ki yapacağın şeyin amacı kalp kırma olacak.",nominalizer,syntactic,before,kırma,yapacağın,kalp,kır-NMLZ,kır-ma,70,75,43,69,24,26,15,23,30
79,26,ambiguity_onset,False,2206,"Senin gözlerin deli deli bakıyor, belli ki yapacağın şeyin amacı kalp kırma olacak.",nominalizer,syntactic,before,kırma,yapacağın,kalp,kır-NMLZ,kır-ma,70,75,43,69,24,26,15,23,30
79,27,post_cue,False,2207,"Senin gözlerin deli deli bakıyor, belli ki yapacağın şeyin amacı kalp kırma olacak.",nominalizer,syntactic,before,kırma,yapacağın,kalp,kır-NMLZ,kır-ma,70,75,43,69,24,26,15,23,30
79,28,post_cue,False,2208,"Senin gözlerin deli deli bakıyor, belli ki yapacağın şeyin amacı kalp kırma olacak.",nominalizer,syntactic,before,kırma,yapacağın,kalp,kır-NMLZ,kır-ma,70,75,43,69,24,26,15,23,30
79,29,full_sentence,True,2209,"Senin gözlerin deli deli bakıyor, belli ki yapacağın şeyin amacı kalp kırma olacak.",nominalizer,syntactic,before,kırma,yapacağın,kalp,kır-NMLZ,kır-ma,70,75,43,69,24,26,15,23,30
80,0,cue_onset,False,2210,"İstemeyesin benden gözleme falan, işim başımdan aşkın.",nominalizer,syntactic,before,gözleme,İstemeyesin,benden,gözle-NMLZ,gözle-me,20,27,0,19,6,9,0,6,21
80,1,cue_onset,False,2211,"İstemeyesin benden gözleme falan, işim başımdan aşkın.",nominalizer,syntactic,before,gözleme,İstemeyesin,benden,gözle-NMLZ,gözle-me,20,27,0,19,6,9,0,6,21
80,2,cue_onset,False,2212,"İstemeyesin benden gözleme falan, işim başımdan aşkın.",nominalizer,syntactic,before,gözleme,İstemeyesin,benden,gözle-NMLZ,gözle-me,20,27,0,19,6,9,0,6,21
80,3,cue_onset,False,2213,"İstemeyesin benden gözleme falan, işim başımdan aşkın.",nominalizer,syntactic,before,gözleme,İstemeyesin,benden,gözle-NMLZ,gözle-me,20,27,0,19,6,9,0,6,21
80,4,cue_onset,False,2214,"İstemeyesin benden gözleme falan, işim başımdan aşkın.",nominalizer,syntactic,before,gözleme,İstemeyesin,benden,gözle-NMLZ,gözle-me,20,27,0,19,6,9,0,6,21
80,5,cue_onset,False,2215,"İstemeyesin benden gözleme falan, işim başımdan aşkın.",nominalizer,syntactic,before,gözleme,İstemeyesin,benden,gözle-NMLZ,gözle-me,20,27,0,19,6,9,0,6,21
80,6,ambiguity_onset,False,2216,"İstemeyesin benden gözleme falan, işim başımdan aşkın.",nominalizer,syntactic,before,gözleme,İstemeyesin,benden,gözle-NMLZ,gözle-me,20,27,0,19,6,9,0,6,21
80,7,ambiguity_onset,False,2217,"İstemeyesin benden gözleme falan, işim başımdan aşkın.",nominalizer,syntactic,before,gözleme,İstemeyesin,benden,gözle-NMLZ,gözle-me,20,27,0,19,6,9,0,6,21
80,8,ambiguity_onset,False,2218,"İstemeyesin benden gözleme falan, işim başımdan aşkın.",nominalizer,syntactic,before,gözleme,İstemeyesin,benden,gözle-NMLZ,gözle-me,20,27,0,19,6,9,0,6,21
80,9,ambiguity_onset,False,2219,"İstemeyesin benden gözleme falan, işim başımdan aşkın.",nominalizer,syntactic,before,gözleme,İstemeyesin,benden,gözle-NMLZ,gözle-me,20,27,0,19,6,9,0,6,21
80,10,post_cue,False,2220,"İstemeyesin benden gözleme falan, işim başımdan aşkın.",nominalizer,syntactic,before,gözleme,İstemeyesin,benden,gözle-NMLZ,gözle-me,20,27,0,19,6,9,0,6,21
80,11,post_cue,False,2221,"İstemeyesin benden gözleme falan, işim başımdan aşkın.",nominalizer,syntactic,before,gözleme,İstemeyesin,benden,gözle-NMLZ,gözle-me,20,27,0,19,6,9,0,6,21
80,12,post_cue,False,2222,"İstemeyesin benden gözleme falan, işim başımdan aşkın.",nominalizer,syntactic,before,gözleme,İstemeyesin,benden,gözle-NMLZ,gözle-me,20,27,0,19,6,9,0,6,21
80,13,post_cue,False,2223,"İstemeyesin benden gözleme falan, işim başımdan aşkın.",nominalizer,syntactic,before,gözleme,İstemeyesin,benden,gözle-NMLZ,gözle-me,20,27,0,19,6,9,0,6,21
80,14,post_cue,False,2224,"İstemeyesin benden gözleme falan, işim başımdan aşkın.",nominalizer,syntactic,before,gözleme,İstemeyesin,benden,gözle-NMLZ,gözle-me,20,27,0,19,6,9,0,6,21
80,15,post_cue,False,2225,"İstemeyesin benden gözleme falan, işim başımdan aşkın.",nominalizer,syntactic,before,gözleme,İstemeyesin,benden,gözle-NMLZ,gözle-me,20,27,0,19,6,9,0,6,21
80,16,post_cue,False,2226,"İstemeyesin benden gözleme falan, işim başımdan aşkın.",nominalizer,syntactic,before,gözleme,İstemeyesin,benden,gözle-NMLZ,gözle-me,20,27,0,19,6,9,0,6,21
80,17,post_cue,False,2227,"İstemeyesin benden gözleme falan, işim başımdan aşkın.",nominalizer,syntactic,before,gözleme,İstemeyesin,benden,gözle-NMLZ,gözle-me,20,27,0,19,6,9,0,6,21
80,18,post_cue,False,2228,"İstemeyesin benden gözleme falan, işim başımdan aşkın.",nominalizer,syntactic,before,gözleme,İstemeyesin,benden,gözle-NMLZ,gözle-me,20,27,0,19,6,9,0,6,21
80,19,post_cue,False,2229,"İstemeyesin benden gözleme falan, işim başımdan aşkın.",nominalizer,syntactic,before,gözleme,İstemeyesin,benden,gözle-NMLZ,gözle-me,20,27,0,19,6,9,0,6,21
80,20,full_sentence,True,2230,"İstemeyesin benden gözleme falan, işim başımdan aşkın.",nominalizer,syntactic,before,gözleme,İstemeyesin,benden,gözle-NMLZ,gözle-me,20,27,0,19,6,9,0,6,21
81,0,pre_ambiguity,False,2231,Etütte öğrencilerin en sıkıldığı aktivite soru çözme oldu.,nominalizer,syntactic,before,çözme,öğrencilerin,soru,çöz-NMLZ,çöz-me,47,52,7,46,12,13,3,11,16
81,1,pre_ambiguity,False,2232,Etütte öğrencilerin en sıkıldığı aktivite soru çözme oldu.,nominalizer,syntactic,before,çözme,öğrencilerin,soru,çöz-NMLZ,çöz-me,47,52,7,46,12,13,3,11,16
81,2,pre_ambiguity,False,2233,Etütte öğrencilerin en sıkıldığı aktivite soru çözme oldu.,nominalizer,syntactic,before,çözme,öğrencilerin,soru,çöz-NMLZ,çöz-me,47,52,7,46,12,13,3,11,16
81,3,cue_onset,False,2234,Etütte öğrencilerin en sıkıldığı aktivite soru çözme oldu.,nominalizer,syntactic,before,çözme,öğrencilerin,soru,çöz-NMLZ,çöz-me,47,52,7,46,12,13,3,11,16
81,4,cue_onset,False,2235,Etütte öğrencilerin en sıkıldığı aktivite soru çözme oldu.,nominalizer,syntactic,before,çözme,öğrencilerin,soru,çöz-NMLZ,çöz-me,47,52,7,46,12,13,3,11,16
81,5,cue_onset,False,2236,Etütte öğrencilerin en sıkıldığı aktivite soru çözme oldu.,nominalizer,syntactic,before,çözme,öğrencilerin,soru,çöz-NMLZ,çöz-me,47,52,7,46,12,13,3,11,16
81,6,cue_onset,False,2237,Etütte öğrencilerin en sıkıldığı aktivite soru çözme oldu.,nominalizer,syntactic,before,çözme,öğrencilerin,soru,çöz-NMLZ,çöz-me,47,52,7,46,12,13,3,11,16
81,7,cue_onset,False,2238,Etütte öğrencilerin en sıkıldığı aktivite soru çözme oldu.,nominalizer,syntactic,before,çözme,öğrencilerin,soru,çöz-NMLZ,çöz-me,47,52,7,46,12,13,3,11,16
81,8,cue_onset,False,2239,Etütte öğrencilerin en sıkıldığı aktivite soru çözme oldu.,nominalizer,syntactic,before,çözme,öğrencilerin,soru,çöz-NMLZ,çöz-me,47,52,7,46,12,13,3,11,16
81,9,cue_onset,False,2240,Etütte öğrencilerin en sıkıldığı aktivite soru çözme oldu.,nominalizer,syntactic,before,çözme,öğrencilerin,soru,çöz-NMLZ,çöz-me,47,52,7,46,12,13,3,11,16
81,10,cue_onset,False,2241,Etütte öğrencilerin en sıkıldığı aktivite soru çözme oldu.,nominalizer,syntactic,before,çözme,öğrencilerin,soru,çöz-NMLZ,çöz-me,47,52,7,46,12,13,3,11,16
81,11,cue_onset,False,2242,Etütte öğrencilerin en sıkıldığı aktivite soru çözme oldu.,nominalizer,syntactic,before,çözme,öğrencilerin,soru,çöz-NMLZ,çöz-me,47,52,7,46,12,13,3,11,16
81,12,ambiguity_onset,False,2243,Etütte öğrencilerin en sıkıldığı aktivite soru çözme oldu.,nominalizer,syntactic,before,çözme,öğrencilerin,soru,çöz-NMLZ,çöz-me,47,52,7,46,12,13,3,11,16
81,13,ambiguity_onset,False,2244,Etütte öğrencilerin en sıkıldığı aktivite soru çözme oldu.,nominalizer,syntactic,before,çözme,öğrencilerin,soru,çöz-NMLZ,çöz-me,47,52,7,46,12,13,3,11,16
81,14,post_cue,False,2245,Etütte öğrencilerin en sıkıldığı aktivite soru çözme oldu.,nominalizer,syntactic,before,çözme,öğrencilerin,soru,çöz-NMLZ,çöz-me,47,52,7,46,12,13,3,11,16
81,15,full_sentence,True,2246,Etütte öğrencilerin en sıkıldığı aktivite soru çözme oldu.,nominalizer,syntactic,before,çözme,öğrencilerin,soru,çöz-NMLZ,çöz-me,47,52,7,46,12,13,3,11,16
82,0,pre_ambiguity,False,2247,Mezranın merkeze en uzak yerinde yaşayan öğrencilerin bile motivasyonu zengin olma etrafında şekilleniyor.,nominalizer,syntactic,before,olma,öğrencilerin,zengin,ol-NMLZ,ol-ma,78,82,41,77,23,24,13,22,33
82,1,pre_ambiguity,False,2248,Mezranın merkeze en uzak yerinde yaşayan öğrencilerin bile motivasyonu zengin olma etrafında şekilleniyor.,nominalizer,syntactic,before,olma,öğrencilerin,zengin,ol-NMLZ,ol-ma,78,82,41,77,23,24,13,22,33
82,2,pre_ambiguity,False,2249,Mezranın merkeze en uzak yerinde yaşayan öğrencilerin bile motivasyonu zengin olma etrafında şekilleniyor.,nominalizer,syntactic,before,olma,öğrencilerin,zengin,ol-NMLZ,ol-ma,78,82,41,77,23,24,13,22,33
82,3,pre_ambiguity,False,2250,Mezranın merkeze en uzak yerinde yaşayan öğrencilerin bile motivasyonu zengin olma etrafında şekilleniyor.,nominalizer,syntactic,before,olma,öğrencilerin,zengin,ol-NMLZ,ol-ma,78,82,41,77,23,24,13,22,33
82,4,pre_ambiguity,False,2251,Mezranın merkeze en uzak yerinde yaşayan öğrencilerin bile motivasyonu zengin olma etrafında şekilleniyor.,nominalizer,syntactic,before,olma,öğrencilerin,zengin,ol-NMLZ,ol-ma,78,82,41,77,23,24,13,22,33
82,5,pre_ambiguity,False,2252,Mezranın merkeze en uzak yerinde yaşayan öğrencilerin bile motivasyonu zengin olma etrafında şekilleniyor.,nominalizer,syntactic,before,olma,öğrencilerin,zengin,ol-NMLZ,ol-ma,78,82,41,77,23,24,13,22,33
82,6,pre_ambiguity,False,2253,Mezranın merkeze en uzak yerinde yaşayan öğrencilerin bile motivasyonu zengin olma etrafında şekilleniyor.,nominalizer,syntactic,before,olma,öğrencilerin,zengin,ol-NMLZ,ol-ma,78,82,41,77,23,24,13,22,33
82,7,pre_ambiguity,False,2254,Mezranın merkeze en uzak yerinde yaşayan öğrencilerin bile motivasyonu zengin olma etrafında şekilleniyor.,nominalizer,syntactic,before,olma,öğrencilerin,zengin,ol-NMLZ,ol-ma,78,82,41,77,23,24,13,22,33
82,8,pre_ambiguity,False,2255,Mezranın merkeze en uzak yerinde yaşayan öğrencilerin bile motivasyonu zengin olma etrafında şekilleniyor.,nominalizer,syntactic,before,olma,öğrencilerin,zengin,ol-NMLZ,ol-ma,78,82,41,77,23,24,13,22,33
82,9,pre_ambiguity,False,2256,Mezranın merkeze en uzak yerinde yaşayan öğrencilerin bile motivasyonu zengin olma etrafında şekilleniyor.,nominalizer,syntactic,before,olma,öğrencilerin,zengin,ol-NMLZ,ol-ma,78,82,41,77,23,24,13,22,33
82,10,pre_ambiguity,False,2257,Mezranın merkeze en uzak yerinde yaşayan öğrencilerin bile motivasyonu zengin olma etrafında şekilleniyor.,nominalizer,syntactic,before,olma,öğrencilerin,zengin,ol-NMLZ,ol-ma,78,82,41,77,23,24,13,22,33
82,11,pre_ambiguity,False,2258,Mezranın merkeze en uzak yerinde yaşayan öğrencilerin bile motivasyonu zengin olma etrafında şekilleniyor.,nominalizer,syntactic,before,olma,öğrencilerin,zengin,ol-NMLZ,ol-ma,78,82,41,77,23,24,13,22,33
82,12,pre_ambiguity,False,2259,Mezranın merkeze en uzak yerinde yaşayan öğrencilerin bile motivasyonu zengin olma etrafında şekilleniyor.,nominalizer,syntactic,before,olma,öğrencilerin,zengin,ol-NMLZ,ol-ma,78,82,41,77,23,24,13,22,33
82,13,cue_onset,False,2260,Mezranın merkeze en uzak yerinde yaşayan öğrencilerin bile motivasyonu zengin olma etrafında şekilleniyor.,nominalizer,syntactic,before,olma,öğrencilerin,zengin,ol-NMLZ,ol-ma,78,82,41,77,23,24,13,22,33
82,14,cue_onset,False,2261,Mezranın merkeze en uzak yerinde yaşayan öğrencilerin bile motivasyonu zengin olma etrafında şekilleniyor.,nominalizer,syntactic,before,olma,öğrencilerin,zengin,ol-NMLZ,ol-ma,78,82,41,77,23,24,13,22,33
82,15,cue_onset,False,2262,Mezranın merkeze en uzak yerinde yaşayan öğrencilerin bile motivasyonu zengin olma etrafında şekilleniyor.,nominalizer,syntactic,before,olma,öğrencilerin,zengin,ol-NMLZ,ol-ma,78,82,41,77,23,24,13,22,33
82,16,cue_onset,False,2263,Mezranın merkeze en uzak yerinde yaşayan öğrencilerin bile motivasyonu zengin olma etrafında şekilleniyor.,nominalizer,syntactic,before,olma,öğrencilerin,zengin,ol-NMLZ,ol-ma,78,82,41,77,23,24,13,22,33
82,17,cue_onset,False,2264,Mezranın merkeze en uzak yerinde yaşayan öğrencilerin bile motivasyonu zengin olma etrafında şekilleniyor.,nominalizer,syntactic,before,olma,öğrencilerin,zengin,ol-NMLZ,ol-ma,78,82,41,77,23,24,13,22,33
82,18,cue_onset,False,2265,Mezranın merkeze en uzak yerinde yaşayan öğrencilerin bile motivasyonu zengin olma etrafında şekilleniyor.,nominalizer,syntactic,before,olma,öğrencilerin,zengin,ol-NMLZ,ol-ma,78,82,41,77,23,24,13,22,33
82,19,cue_onset,False,2266,Mezranın merkeze en uzak yerinde yaşayan öğrencilerin bile motivasyonu zengin olma etrafında şekilleniyor.,nominalizer,syntactic,before,olma,öğrencilerin,zengin,ol-NMLZ,ol-ma,78,82,41,77,23,24,13,22,33
82,20,cue_onset,False,2267,Mezranın merkeze en uzak yerinde yaşayan öğrencilerin bile motivasyonu zengin olma etrafında şekilleniyor.,nominalizer,syntactic,before,olma,öğrencilerin,zengin,ol-NMLZ,ol-ma,78,82,41,77,23,24,13,22,33
82,21,cue_onset,False,2268,Mezranın merkeze en uzak yerinde yaşayan öğrencilerin bile motivasyonu zengin olma etrafında şekilleniyor.,nominalizer,syntactic,before,olma,öğrencilerin,zengin,ol-NMLZ,ol-ma,78,82,41,77,23,24,13,22,33
82,22,cue_onset,False,2269,Mezranın merkeze en uzak yerinde yaşayan öğrencilerin bile motivasyonu zengin olma etrafında şekilleniyor.,nominalizer,syntactic,before,olma,öğrencilerin,zengin,ol-NMLZ,ol-ma,78,82,41,77,23,24,13,22,33
82,23,ambiguity_onset,False,2270,Mezranın merkeze en uzak yerinde yaşayan öğrencilerin bile motivasyonu zengin olma etrafında şekilleniyor.,nominalizer,syntactic,before,olma,öğrencilerin,zengin,ol-NMLZ,ol-ma,78,82,41,77,23,24,13,22,33
82,24,ambiguity_onset,False,2271,Mezranın merkeze en uzak yerinde yaşayan öğrencilerin bile motivasyonu zengin olma etrafında şekilleniyor.,nominalizer,syntactic,before,olma,öğrencilerin,zengin,ol-NMLZ,ol-ma,78,82,41,77,23,24,13,22,33
82,25,post_cue,False,2272,Mezranın merkeze en uzak yerinde yaşayan öğrencilerin bile motivasyonu zengin olma etrafında şekilleniyor.,nominalizer,syntactic,before,olma,öğrencilerin,zengin,ol-NMLZ,ol-ma,78,82,41,77,23,24,13,22,33
82,26,post_cue,False,2273,Mezranın merkeze en uzak yerinde yaşayan öğrencilerin bile motivasyonu zengin olma etrafında şekilleniyor.,nominalizer,syntactic,before,olma,öğrencilerin,zengin,ol-NMLZ,ol-ma,78,82,41,77,23,24,13,22,33
82,27,post_cue,False,2274,Mezranın merkeze en uzak yerinde yaşayan öğrencilerin bile motivasyonu zengin olma etrafında şekilleniyor.,nominalizer,syntactic,before,olma,öğrencilerin,zengin,ol-NMLZ,ol-ma,78,82,41,77,23,24,13,22,33
82,28,post_cue,False,2275,Mezranın merkeze en uzak yerinde yaşayan öğrencilerin bile motivasyonu zengin olma etrafında şekilleniyor.,nominalizer,syntactic,before,olma,öğrencilerin,zengin,ol-NMLZ,ol-ma,78,82,41,77,23,24,13,22,33
82,29,post_cue,False,2276,Mezranın merkeze en uzak yerinde yaşayan öğrencilerin bile motivasyonu zengin olma etrafında şekilleniyor.,nominalizer,syntactic,before,olma,öğrencilerin,zengin,ol-NMLZ,ol-ma,78,82,41,77,23,24,13,22,33
82,30,post_cue,False,2277,Mezranın merkeze en uzak yerinde yaşayan öğrencilerin bile motivasyonu zengin olma etrafında şekilleniyor.,nominalizer,syntactic,before,olma,öğrencilerin,zengin,ol-NMLZ,ol-ma,78,82,41,77,23,24,13,22,33
82,31,post_cue,False,2278,Mezranın merkeze en uzak yerinde yaşayan öğrencilerin bile motivasyonu zengin olma etrafında şekilleniyor.,nominalizer,syntactic,before,olma,öğrencilerin,zengin,ol-NMLZ,ol-ma,78,82,41,77,23,24,13,22,33
82,32,full_sentence,True,2279,Mezranın merkeze en uzak yerinde yaşayan öğrencilerin bile motivasyonu zengin olma etrafında şekilleniyor.,nominalizer,syntactic,before,olma,öğrencilerin,zengin,ol-NMLZ,ol-ma,78,82,41,77,23,24,13,22,33
83,0,pre_ambiguity,False,2280,Leonardo'nun çocukluğundan beri en göze çarpan yeteneği heykel yapma idi.,nominalizer,syntactic,before,yapma,en,heykel,yap-NMLZ,yap-ma,63,68,32,62,22,23,11,21,26
83,1,pre_ambiguity,False,2281,Leonardo'nun çocukluğundan beri en göze çarpan yeteneği heykel yapma idi.,nominalizer,syntactic,before,yapma,en,heykel,yap-NMLZ,yap-ma,63,68,32,62,22,23,11,21,26
83,2,pre_ambiguity,False,2282,Leonardo'nun çocukluğundan beri en göze çarpan yeteneği heykel yapma idi.,nominalizer,syntactic,before,yapma,en,heykel,yap-NMLZ,yap-ma,63,68,32,62,22,23,11,21,26
83,3,pre_ambiguity,False,2283,Leonardo'nun çocukluğundan beri en göze çarpan yeteneği heykel yapma idi.,nominalizer,syntactic,before,yapma,en,heykel,yap-NMLZ,yap-ma,63,68,32,62,22,23,11,21,26
83,4,pre_ambiguity,False,2284,Leonardo'nun çocukluğundan beri en göze çarpan yeteneği heykel yapma idi.,nominalizer,syntactic,before,yapma,en,heykel,yap-NMLZ,yap-ma,63,68,32,62,22,23,11,21,26
83,5,pre_ambiguity,False,2285,Leonardo'nun çocukluğundan beri en göze çarpan yeteneği heykel yapma idi.,nominalizer,syntactic,before,yapma,en,heykel,yap-NMLZ,yap-ma,63,68,32,62,22,23,11,21,26
83,6,pre_ambiguity,False,2286,Leonardo'nun çocukluğundan beri en göze çarpan yeteneği heykel yapma idi.,nominalizer,syntactic,before,yapma,en,heykel,yap-NMLZ,yap-ma,63,68,32,62,22,23,11,21,26
83,7,pre_ambiguity,False,2287,Leonardo'nun çocukluğundan beri en göze çarpan yeteneği heykel yapma idi.,nominalizer,syntactic,before,yapma,en,heykel,yap-NMLZ,yap-ma,63,68,32,62,22,23,11,21,26
83,8,pre_ambiguity,False,2288,Leonardo'nun çocukluğundan beri en göze çarpan yeteneği heykel yapma idi.,nominalizer,syntactic,before,yapma,en,heykel,yap-NMLZ,yap-ma,63,68,32,62,22,23,11,21,26
83,9,pre_ambiguity,False,2289,Leonardo'nun çocukluğundan beri en göze çarpan yeteneği heykel yapma idi.,nominalizer,syntactic,before,yapma,en,heykel,yap-NMLZ,yap-ma,63,68,32,62,22,23,11,21,26
83,10,pre_ambiguity,False,2290,Leonardo'nun çocukluğundan beri en göze çarpan yeteneği heykel yapma idi.,nominalizer,syntactic,before,yapma,en,heykel,yap-NMLZ,yap-ma,63,68,32,62,22,23,11,21,26
83,11,cue_onset,False,2291,Leonardo'nun çocukluğundan beri en göze çarpan yeteneği heykel yapma idi.,nominalizer,syntactic,before,yapma,en,heykel,yap-NMLZ,yap-ma,63,68,32,62,22,23,11,21,26
83,12,cue_onset,False,2292,Leonardo'nun çocukluğundan beri en göze çarpan yeteneği heykel yapma idi.,nominalizer,syntactic,before,yapma,en,heykel,yap-NMLZ,yap-ma,63,68,32,62,22,23,11,21,26
83,13,cue_onset,False,2293,Leonardo'nun çocukluğundan beri en göze çarpan yeteneği heykel yapma idi.,nominalizer,syntactic,before,yapma,en,heykel,yap-NMLZ,yap-ma,63,68,32,62,22,23,11,21,26
83,14,cue_onset,False,2294,Leonardo'nun çocukluğundan beri en göze çarpan yeteneği heykel yapma idi.,nominalizer,syntactic,before,yapma,en,heykel,yap-NMLZ,yap-ma,63,68,32,62,22,23,11,21,26
83,15,cue_onset,False,2295,Leonardo'nun çocukluğundan beri en göze çarpan yeteneği heykel yapma idi.,nominalizer,syntactic,before,yapma,en,heykel,yap-NMLZ,yap-ma,63,68,32,62,22,23,11,21,26
83,16,cue_onset,False,2296,Leonardo'nun çocukluğundan beri en göze çarpan yeteneği heykel yapma idi.,nominalizer,syntactic,before,yapma,en,heykel,yap-NMLZ,yap-ma,63,68,32,62,22,23,11,21,26
83,17,cue_onset,False,2297,Leonardo'nun çocukluğundan beri en göze çarpan yeteneği heykel yapma idi.,nominalizer,syntactic,before,yapma,en,heykel,yap-NMLZ,yap-ma,63,68,32,62,22,23,11,21,26
83,18,cue_onset,False,2298,Leonardo'nun çocukluğundan beri en göze çarpan yeteneği heykel yapma idi.,nominalizer,syntactic,before,yapma,en,heykel,yap-NMLZ,yap-ma,63,68,32,62,22,23,11,21,26
83,19,cue_onset,False,2299,Leonardo'nun çocukluğundan beri en göze çarpan yeteneği heykel yapma idi.,nominalizer,syntactic,before,yapma,en,heykel,yap-NMLZ,yap-ma,63,68,32,62,22,23,11,21,26
83,20,cue_onset,False,2300,Leonardo'nun çocukluğundan beri en göze çarpan yeteneği heykel yapma idi.,nominalizer,syntactic,before,yapma,en,heykel,yap-NMLZ,yap-ma,63,68,32,62,22,23,11,21,26
83,21,cue_onset,False,2301,Leonardo'nun çocukluğundan beri en göze çarpan yeteneği heykel yapma idi.,nominalizer,syntactic,before,yapma,en,heykel,yap-NMLZ,yap-ma,63,68,32,62,22,23,11,21,26
83,22,ambiguity_onset,False,2302,Leonardo'nun çocukluğundan beri en göze çarpan yeteneği heykel yapma idi.,nominalizer,syntactic,before,yapma,en,heykel,yap-NMLZ,yap-ma,63,68,32,62,22,23,11,21,26
83,23,ambiguity_onset,False,2303,Leonardo'nun çocukluğundan beri en göze çarpan yeteneği heykel yapma idi.,nominalizer,syntactic,before,yapma,en,heykel,yap-NMLZ,yap-ma,63,68,32,62,22,23,11,21,26
83,24,post_cue,False,2304,Leonardo'nun çocukluğundan beri en göze çarpan yeteneği heykel yapma idi.,nominalizer,syntactic,before,yapma,en,heykel,yap-NMLZ,yap-ma,63,68,32,62,22,23,11,21,26
83,25,full_sentence,True,2305,Leonardo'nun çocukluğundan beri en göze çarpan yeteneği heykel yapma idi.,nominalizer,syntactic,before,yapma,en,heykel,yap-NMLZ,yap-ma,63,68,32,62,22,23,11,21,26
84,0,pre_ambiguity,False,2306,"Bu konuyu araştırma, Ali'nin aldığı emirlerden sadece birisiydi.",negation,semantic,after,araştırma,Ali'nin,birisiydi.,araştır-NEG.IMP.2SG,araştır-ma,10,19,21,64,4,4,6,21,22
84,1,pre_ambiguity,False,2307,"Bu konuyu araştırma, Ali'nin aldığı emirlerden sadece birisiydi.",negation,semantic,after,araştırma,Ali'nin,birisiydi.,araştır-NEG.IMP.2SG,araştır-ma,10,19,21,64,4,4,6,21,22
84,2,pre_ambiguity,False,2308,"Bu konuyu araştırma, Ali'nin aldığı emirlerden sadece birisiydi.",negation,semantic,after,araştırma,Ali'nin,birisiydi.,araştır-NEG.IMP.2SG,araştır-ma,10,19,21,64,4,4,6,21,22
84,3,pre_ambiguity,False,2309,"Bu konuyu araştırma, Ali'nin aldığı emirlerden sadece birisiydi.",negation,semantic,after,araştırma,Ali'nin,birisiydi.,araştır-NEG.IMP.2SG,araştır-ma,10,19,21,64,4,4,6,21,22
84,4,ambiguity_onset,False,2310,"Bu konuyu araştırma, Ali'nin aldığı emirlerden sadece birisiydi.",negation,semantic,after,araştırma,Ali'nin,birisiydi.,araştır-NEG.IMP.2SG,araştır-ma,10,19,21,64,4,4,6,21,22
84,5,post_ambiguity_pre_cue,False,2311,"Bu konuyu araştırma, Ali'nin aldığı emirlerden sadece birisiydi.",negation,semantic,after,araştırma,Ali'nin,birisiydi.,araştır-NEG.IMP.2SG,araştır-ma,10,19,21,64,4,4,6,21,22
84,6,cue_onset,False,2312,"Bu konuyu araştırma, Ali'nin aldığı emirlerden sadece birisiydi.",negation,semantic,after,araştırma,Ali'nin,birisiydi.,araştır-NEG.IMP.2SG,araştır-ma,10,19,21,64,4,4,6,21,22
84,7,cue_onset,False,2313,"Bu konuyu araştırma, Ali'nin aldığı emirlerden sadece birisiydi.",negation,semantic,after,araştırma,Ali'nin,birisiydi.,araştır-NEG.IMP.2SG,araştır-ma,10,19,21,64,4,4,6,21,22
84,8,cue_onset,False,2314,"Bu konuyu araştırma, Ali'nin aldığı emirlerden sadece birisiydi.",negation,semantic,after,araştırma,Ali'nin,birisiydi.,araştır-NEG.IMP.2SG,araştır-ma,10,19,21,64,4,4,6,21,22
84,9,cue_onset,False,2315,"Bu konuyu araştırma, Ali'nin aldığı emirlerden sadece birisiydi.",negation,semantic,after,araştırma,Ali'nin,birisiydi.,araştır-NEG.IMP.2SG,araştır-ma,10,19,21,64,4,4,6,21,22
84,10,cue_onset,False,2316,"Bu konuyu araştırma, Ali'nin aldığı emirlerden sadece birisiydi.",negation,semantic,after,araştırma,Ali'nin,birisiydi.,araştır-NEG.IMP.2SG,araştır-ma,10,19,21,64,4,4,6,21,22
84,11,cue_onset,False,2317,"Bu konuyu araştırma, Ali'nin aldığı emirlerden sadece birisiydi.",negation,semantic,after,araştırma,Ali'nin,birisiydi.,araştır-NEG.IMP.2SG,araştır-ma,10,19,21,64,4,4,6,21,22
84,12,cue_onset,False,2318,"Bu konuyu araştırma, Ali'nin aldığı emirlerden sadece birisiydi.",negation,semantic,after,araştırma,Ali'nin,birisiydi.,araştır-NEG.IMP.2SG,araştır-ma,10,19,21,64,4,4,6,21,22
84,13,cue_onset,False,2319,"Bu konuyu araştırma, Ali'nin aldığı emirlerden sadece birisiydi.",negation,semantic,after,araştırma,Ali'nin,birisiydi.,araştır-NEG.IMP.2SG,araştır-ma,10,19,21,64,4,4,6,21,22
84,14,cue_onset,False,2320,"Bu konuyu araştırma, Ali'nin aldığı emirlerden sadece birisiydi.",negation,semantic,after,araştırma,Ali'nin,birisiydi.,araştır-NEG.IMP.2SG,araştır-ma,10,19,21,64,4,4,6,21,22
84,15,cue_onset,False,2321,"Bu konuyu araştırma, Ali'nin aldığı emirlerden sadece birisiydi.",negation,semantic,after,araştırma,Ali'nin,birisiydi.,araştır-NEG.IMP.2SG,araştır-ma,10,19,21,64,4,4,6,21,22
84,16,cue_onset,False,2322,"Bu konuyu araştırma, Ali'nin aldığı emirlerden sadece birisiydi.",negation,semantic,after,araştırma,Ali'nin,birisiydi.,araştır-NEG.IMP.2SG,araştır-ma,10,19,21,64,4,4,6,21,22
84,17,cue_onset,False,2323,"Bu konuyu araştırma, Ali'nin aldığı emirlerden sadece birisiydi.",negation,semantic,after,araştırma,Ali'nin,birisiydi.,araştır-NEG.IMP.2SG,araştır-ma,10,19,21,64,4,4,6,21,22
84,18,cue_onset,False,2324,"Bu konuyu araştırma, Ali'nin aldığı emirlerden sadece birisiydi.",negation,semantic,after,araştırma,Ali'nin,birisiydi.,araştır-NEG.IMP.2SG,araştır-ma,10,19,21,64,4,4,6,21,22
84,19,cue_onset,False,2325,"Bu konuyu araştırma, Ali'nin aldığı emirlerden sadece birisiydi.",negation,semantic,after,araştırma,Ali'nin,birisiydi.,araştır-NEG.IMP.2SG,araştır-ma,10,19,21,64,4,4,6,21,22
84,20,cue_onset,False,2326,"Bu konuyu araştırma, Ali'nin aldığı emirlerden sadece birisiydi.",negation,semantic,after,araştırma,Ali'nin,birisiydi.,araştır-NEG.IMP.2SG,araştır-ma,10,19,21,64,4,4,6,21,22
84,21,full_sentence,True,2327,"Bu konuyu araştırma, Ali'nin aldığı emirlerden sadece birisiydi.",negation,semantic,after,araştırma,Ali'nin,birisiydi.,araştır-NEG.IMP.2SG,araştır-ma,10,19,21,64,4,4,6,21,22
85,0,pre_ambiguity,False,2328,Kalp kırma diye sitem etti arkadaşına Leyla.,negation,semantic,after,kırma,diye,etti,kır-NEG.IMP.2SG,kır-ma,5,10,11,26,2,4,5,10,16
85,1,pre_ambiguity,False,2329,Kalp kırma diye sitem etti arkadaşına Leyla.,negation,semantic,after,kırma,diye,etti,kır-NEG.IMP.2SG,kır-ma,5,10,11,26,2,4,5,10,16
85,2,ambiguity_onset,False,2330,Kalp kırma diye sitem etti arkadaşına Leyla.,negation,semantic,after,kırma,diye,etti,kır-NEG.IMP.2SG,kır-ma,5,10,11,26,2,4,5,10,16
85,3,ambiguity_onset,False,2331,Kalp kırma diye sitem etti arkadaşına Leyla.,negation,semantic,after,kırma,diye,etti,kır-NEG.IMP.2SG,kır-ma,5,10,11,26,2,4,5,10,16
85,4,ambiguity_onset,False,2332,Kalp kırma diye sitem etti arkadaşına Leyla.,negation,semantic,after,kırma,diye,etti,kır-NEG.IMP.2SG,kır-ma,5,10,11,26,2,4,5,10,16
85,5,cue_onset,False,2333,Kalp kırma diye sitem etti arkadaşına Leyla.,negation,semantic,after,kırma,diye,etti,kır-NEG.IMP.2SG,kır-ma,5,10,11,26,2,4,5,10,16
85,6,cue_onset,False,2334,Kalp kırma diye sitem etti arkadaşına Leyla.,negation,semantic,after,kırma,diye,etti,kır-NEG.IMP.2SG,kır-ma,5,10,11,26,2,4,5,10,16
85,7,cue_onset,False,2335,Kalp kırma diye sitem etti arkadaşına Leyla.,negation,semantic,after,kırma,diye,etti,kır-NEG.IMP.2SG,kır-ma,5,10,11,26,2,4,5,10,16
85,8,cue_onset,False,2336,Kalp kırma diye sitem etti arkadaşına Leyla.,negation,semantic,after,kırma,diye,etti,kır-NEG.IMP.2SG,kır-ma,5,10,11,26,2,4,5,10,16
85,9,cue_onset,False,2337,Kalp kırma diye sitem etti arkadaşına Leyla.,negation,semantic,after,kırma,diye,etti,kır-NEG.IMP.2SG,kır-ma,5,10,11,26,2,4,5,10,16
85,10,cue_onset,False,2338,Kalp kırma diye sitem etti arkadaşına Leyla.,negation,semantic,after,kırma,diye,etti,kır-NEG.IMP.2SG,kır-ma,5,10,11,26,2,4,5,10,16
85,11,post_cue,False,2339,Kalp kırma diye sitem etti arkadaşına Leyla.,negation,semantic,after,kırma,diye,etti,kır-NEG.IMP.2SG,kır-ma,5,10,11,26,2,4,5,10,16
85,12,post_cue,False,2340,Kalp kırma diye sitem etti arkadaşına Leyla.,negation,semantic,after,kırma,diye,etti,kır-NEG.IMP.2SG,kır-ma,5,10,11,26,2,4,5,10,16
85,13,post_cue,False,2341,Kalp kırma diye sitem etti arkadaşına Leyla.,negation,semantic,after,kırma,diye,etti,kır-NEG.IMP.2SG,kır-ma,5,10,11,26,2,4,5,10,16
85,14,post_cue,False,2342,Kalp kırma diye sitem etti arkadaşına Leyla.,negation,semantic,after,kırma,diye,etti,kır-NEG.IMP.2SG,kır-ma,5,10,11,26,2,4,5,10,16
85,15,full_sentence,True,2343,Kalp kırma diye sitem etti arkadaşına Leyla.,negation,semantic,after,kırma,diye,etti,kır-NEG.IMP.2SG,kır-ma,5,10,11,26,2,4,5,10,16
86,0,pre_ambiguity,False,2344,"Gözleri dolu dolu olmuştu, 'Kalp kırma nolursun artık!' diye fısıldadı dişlerinin arasından.",negation,semantic,after,kırma,nolursun,artık!',kır-NEG.IMP.2SG,kır-ma,33,38,39,55,13,15,16,21,36
86,1,pre_ambiguity,False,2345,"Gözleri dolu dolu olmuştu, 'Kalp kırma nolursun artık!' diye fısıldadı dişlerinin arasından.",negation,semantic,after,kırma,nolursun,artık!',kır-NEG.IMP.2SG,kır-ma,33,38,39,55,13,15,16,21,36
86,2,pre_ambiguity,False,2346,"Gözleri dolu dolu olmuştu, 'Kalp kırma nolursun artık!' diye fısıldadı dişlerinin arasından.",negation,semantic,after,kırma,nolursun,artık!',kır-NEG.IMP.2SG,kır-ma,33,38,39,55,13,15,16,21,36
86,3,pre_ambiguity,False,2347,"Gözleri dolu dolu olmuştu, 'Kalp kırma nolursun artık!' diye fısıldadı dişlerinin arasından.",negation,semantic,after,kırma,nolursun,artık!',kır-NEG.IMP.2SG,kır-ma,33,38,39,55,13,15,16,21,36
86,4,pre_ambiguity,False,2348,"Gözleri dolu dolu olmuştu, 'Kalp kırma nolursun artık!' diye fısıldadı dişlerinin arasından.",negation,semantic,after,kırma,nolursun,artık!',kır-NEG.IMP.2SG,kır-ma,33,38,39,55,13,15,16,21,36
86,5,pre_ambiguity,False,2349,"Gözleri dolu dolu olmuştu, 'Kalp kırma nolursun artık!' diye fısıldadı dişlerinin arasından.",negation,semantic,after,kırma,nolursun,artık!',kır-NEG.IMP.2SG,kır-ma,33,38,39,55,13,15,16,21,36
86,6,pre_ambiguity,False,2350,"Gözleri dolu dolu olmuştu, 'Kalp kırma nolursun artık!' diye fısıldadı dişlerinin arasından.",negation,semantic,after,kırma,nolursun,artık!',kır-NEG.IMP.2SG,kır-ma,33,38,39,55,13,15,16,21,36
86,7,pre_ambiguity,False,2351,"Gözleri dolu dolu olmuştu, 'Kalp kırma nolursun artık!' diye fısıldadı dişlerinin arasından.",negation,semantic,after,kırma,nolursun,artık!',kır-NEG.IMP.2SG,kır-ma,33,38,39,55,13,15,16,21,36
86,8,pre_ambiguity,False,2352,"Gözleri dolu dolu olmuştu, 'Kalp kırma nolursun artık!' diye fısıldadı dişlerinin arasından.",negation,semantic,after,kırma,nolursun,artık!',kır-NEG.IMP.2SG,kır-ma,33,38,39,55,13,15,16,21,36
86,9,pre_ambiguity,False,2353,"Gözleri dolu dolu olmuştu, 'Kalp kırma nolursun artık!' diye fısıldadı dişlerinin arasından.",negation,semantic,after,kırma,nolursun,artık!',kır-NEG.IMP.2SG,kır-ma,33,38,39,55,13,15,16,21,36
86,10,pre_ambiguity,False,2354,"Gözleri dolu dolu olmuştu, 'Kalp kırma nolursun artık!' diye fısıldadı dişlerinin arasından.",negation,semantic,after,kırma,nolursun,artık!',kır-NEG.IMP.2SG,kır-ma,33,38,39,55,13,15,16,21,36
86,11,pre_ambiguity,False,2355,"Gözleri dolu dolu olmuştu, 'Kalp kırma nolursun artık!' diye fısıldadı dişlerinin arasından.",negation,semantic,after,kırma,nolursun,artık!',kır-NEG.IMP.2SG,kır-ma,33,38,39,55,13,15,16,21,36
86,12,pre_ambiguity,False,2356,"Gözleri dolu dolu olmuştu, 'Kalp kırma nolursun artık!' diye fısıldadı dişlerinin arasından.",negation,semantic,after,kırma,nolursun,artık!',kır-NEG.IMP.2SG,kır-ma,33,38,39,55,13,15,16,21,36
86,13,ambiguity_onset,False,2357,"Gözleri dolu dolu olmuştu, 'Kalp kırma nolursun artık!' diye fısıldadı dişlerinin arasından.",negation,semantic,after,kırma,nolursun,artık!',kır-NEG.IMP.2SG,kır-ma,33,38,39,55,13,15,16,21,36
86,14,ambiguity_onset,False,2358,"Gözleri dolu dolu olmuştu, 'Kalp kırma nolursun artık!' diye fısıldadı dişlerinin arasından.",negation,semantic,after,kırma,nolursun,artık!',kır-NEG.IMP.2SG,kır-ma,33,38,39,55,13,15,16,21,36
86,15,ambiguity_onset,False,2359,"Gözleri dolu dolu olmuştu, 'Kalp kırma nolursun artık!' diye fısıldadı dişlerinin arasından.",negation,semantic,after,kırma,nolursun,artık!',kır-NEG.IMP.2SG,kır-ma,33,38,39,55,13,15,16,21,36
86,16,cue_onset,False,2360,"Gözleri dolu dolu olmuştu, 'Kalp kırma nolursun artık!' diye fısıldadı dişlerinin arasından.",negation,semantic,after,kırma,nolursun,artık!',kır-NEG.IMP.2SG,kır-ma,33,38,39,55,13,15,16,21,36
86,17,cue_onset,False,2361,"Gözleri dolu dolu olmuştu, 'Kalp kırma nolursun artık!' diye fısıldadı dişlerinin arasından.",negation,semantic,after,kırma,nolursun,artık!',kır-NEG.IMP.2SG,kır-ma,33,38,39,55,13,15,16,21,36
86,18,cue_onset,False,2362,"Gözleri dolu dolu olmuştu, 'Kalp kırma nolursun artık!' diye fısıldadı dişlerinin arasından.",negation,semantic,after,kırma,nolursun,artık!',kır-NEG.IMP.2SG,kır-ma,33,38,39,55,13,15,16,21,36
86,19,cue_onset,False,2363,"Gözleri dolu dolu olmuştu, 'Kalp kırma nolursun artık!' diye fısıldadı dişlerinin arasından.",negation,semantic,after,kırma,nolursun,artık!',kır-NEG.IMP.2SG,kır-ma,33,38,39,55,13,15,16,21,36
86,20,cue_onset,False,2364,"Gözleri dolu dolu olmuştu, 'Kalp kırma nolursun artık!' diye fısıldadı dişlerinin arasından.",negation,semantic,after,kırma,nolursun,artık!',kır-NEG.IMP.2SG,kır-ma,33,38,39,55,13,15,16,21,36
86,21,cue_onset,False,2365,"Gözleri dolu dolu olmuştu, 'Kalp kırma nolursun artık!' diye fısıldadı dişlerinin arasından.",negation,semantic,after,kırma,nolursun,artık!',kır-NEG.IMP.2SG,kır-ma,33,38,39,55,13,15,16,21,36
86,22,post_cue,False,2366,"Gözleri dolu dolu olmuştu, 'Kalp kırma nolursun artık!' diye fısıldadı dişlerinin arasından.",negation,semantic,after,kırma,nolursun,artık!',kır-NEG.IMP.2SG,kır-ma,33,38,39,55,13,15,16,21,36
86,23,post_cue,False,2367,"Gözleri dolu dolu olmuştu, 'Kalp kırma nolursun artık!' diye fısıldadı dişlerinin arasından.",negation,semantic,after,kırma,nolursun,artık!',kır-NEG.IMP.2SG,kır-ma,33,38,39,55,13,15,16,21,36
86,24,post_cue,False,2368,"Gözleri dolu dolu olmuştu, 'Kalp kırma nolursun artık!' diye fısıldadı dişlerinin arasından.",negation,semantic,after,kırma,nolursun,artık!',kır-NEG.IMP.2SG,kır-ma,33,38,39,55,13,15,16,21,36
86,25,post_cue,False,2369,"Gözleri dolu dolu olmuştu, 'Kalp kırma nolursun artık!' diye fısıldadı dişlerinin arasından.",negation,semantic,after,kırma,nolursun,artık!',kır-NEG.IMP.2SG,kır-ma,33,38,39,55,13,15,16,21,36
86,26,post_cue,False,2370,"Gözleri dolu dolu olmuştu, 'Kalp kırma nolursun artık!' diye fısıldadı dişlerinin arasından.",negation,semantic,after,kırma,nolursun,artık!',kır-NEG.IMP.2SG,kır-ma,33,38,39,55,13,15,16,21,36
86,27,post_cue,False,2371,"Gözleri dolu dolu olmuştu, 'Kalp kırma nolursun artık!' diye fısıldadı dişlerinin arasından.",negation,semantic,after,kırma,nolursun,artık!',kır-NEG.IMP.2SG,kır-ma,33,38,39,55,13,15,16,21,36
86,28,post_cue,False,2372,"Gözleri dolu dolu olmuştu, 'Kalp kırma nolursun artık!' diye fısıldadı dişlerinin arasından.",negation,semantic,after,kırma,nolursun,artık!',kır-NEG.IMP.2SG,kır-ma,33,38,39,55,13,15,16,21,36
86,29,post_cue,False,2373,"Gözleri dolu dolu olmuştu, 'Kalp kırma nolursun artık!' diye fısıldadı dişlerinin arasından.",negation,semantic,after,kırma,nolursun,artık!',kır-NEG.IMP.2SG,kır-ma,33,38,39,55,13,15,16,21,36
86,30,post_cue,False,2374,"Gözleri dolu dolu olmuştu, 'Kalp kırma nolursun artık!' diye fısıldadı dişlerinin arasından.",negation,semantic,after,kırma,nolursun,artık!',kır-NEG.IMP.2SG,kır-ma,33,38,39,55,13,15,16,21,36
86,31,post_cue,False,2375,"Gözleri dolu dolu olmuştu, 'Kalp kırma nolursun artık!' diye fısıldadı dişlerinin arasından.",negation,semantic,after,kırma,nolursun,artık!',kır-NEG.IMP.2SG,kır-ma,33,38,39,55,13,15,16,21,36
86,32,post_cue,False,2376,"Gözleri dolu dolu olmuştu, 'Kalp kırma nolursun artık!' diye fısıldadı dişlerinin arasından.",negation,semantic,after,kırma,nolursun,artık!',kır-NEG.IMP.2SG,kır-ma,33,38,39,55,13,15,16,21,36
86,33,post_cue,False,2377,"Gözleri dolu dolu olmuştu, 'Kalp kırma nolursun artık!' diye fısıldadı dişlerinin arasından.",negation,semantic,after,kırma,nolursun,artık!',kır-NEG.IMP.2SG,kır-ma,33,38,39,55,13,15,16,21,36
86,34,post_cue,False,2378,"Gözleri dolu dolu olmuştu, 'Kalp kırma nolursun artık!' diye fısıldadı dişlerinin arasından.",negation,semantic,after,kırma,nolursun,artık!',kır-NEG.IMP.2SG,kır-ma,33,38,39,55,13,15,16,21,36
86,35,full_sentence,True,2379,"Gözleri dolu dolu olmuştu, 'Kalp kırma nolursun artık!' diye fısıldadı dişlerinin arasından.",negation,semantic,after,kırma,nolursun,artık!',kır-NEG.IMP.2SG,kır-ma,33,38,39,55,13,15,16,21,36
87,0,pre_ambiguity,False,2380,Parkta otururken gözüne çarptı 'Çöp dökme' uyarısı.,negation,semantic,after,dökme,uyarısı.,uyarısı.,dök-NEG.IMP.2SG,dök-me,36,41,43,51,16,18,20,22,23
87,1,pre_ambiguity,False,2381,Parkta otururken gözüne çarptı 'Çöp dökme' uyarısı.,negation,semantic,after,dökme,uyarısı.,uyarısı.,dök-NEG.IMP.2SG,dök-me,36,41,43,51,16,18,20,22,23
87,2,pre_ambiguity,False,2382,Parkta otururken gözüne çarptı 'Çöp dökme' uyarısı.,negation,semantic,after,dökme,uyarısı.,uyarısı.,dök-NEG.IMP.2SG,dök-me,36,41,43,51,16,18,20,22,23
87,3,pre_ambiguity,False,2383,Parkta otururken gözüne çarptı 'Çöp dökme' uyarısı.,negation,semantic,after,dökme,uyarısı.,uyarısı.,dök-NEG.IMP.2SG,dök-me,36,41,43,51,16,18,20,22,23
87,4,pre_ambiguity,False,2384,Parkta otururken gözüne çarptı 'Çöp dökme' uyarısı.,negation,semantic,after,dökme,uyarısı.,uyarısı.,dök-NEG.IMP.2SG,dök-me,36,41,43,51,16,18,20,22,23
87,5,pre_ambiguity,False,2385,Parkta otururken gözüne çarptı 'Çöp dökme' uyarısı.,negation,semantic,after,dökme,uyarısı.,uyarısı.,dök-NEG.IMP.2SG,dök-me,36,41,43,51,16,18,20,22,23
87,6,pre_ambiguity,False,2386,Parkta otururken gözüne çarptı 'Çöp dökme' uyarısı.,negation,semantic,after,dökme,uyarısı.,uyarısı.,dök-NEG.IMP.2SG,dök-me,36,41,43,51,16,18,20,22,23
87,7,pre_ambiguity,False,2387,Parkta otururken gözüne çarptı 'Çöp dökme' uyarısı.,negation,semantic,after,dökme,uyarısı.,uyarısı.,dök-NEG.IMP.2SG,dök-me,36,41,43,51,16,18,20,22,23
87,8,pre_ambiguity,False,2388,Parkta otururken gözüne çarptı 'Çöp dökme' uyarısı.,negation,semantic,after,dökme,uyarısı.,uyarısı.,dök-NEG.IMP.2SG,dök-me,36,41,43,51,16,18,20,22,23
87,9,pre_ambiguity,False,2389,Parkta otururken gözüne çarptı 'Çöp dökme' uyarısı.,negation,semantic,after,dökme,uyarısı.,uyarısı.,dök-NEG.IMP.2SG,dök-me,36,41,43,51,16,18,20,22,23
87,10,pre_ambiguity,False,2390,Parkta otururken gözüne çarptı 'Çöp dökme' uyarısı.,negation,semantic,after,dökme,uyarısı.,uyarısı.,dök-NEG.IMP.2SG,dök-me,36,41,43,51,16,18,20,22,23
87,11,pre_ambiguity,False,2391,Parkta otururken gözüne çarptı 'Çöp dökme' uyarısı.,negation,semantic,after,dökme,uyarısı.,uyarısı.,dök-NEG.IMP.2SG,dök-me,36,41,43,51,16,18,20,22,23
87,12,pre_ambiguity,False,2392,Parkta otururken gözüne çarptı 'Çöp dökme' uyarısı.,negation,semantic,after,dökme,uyarısı.,uyarısı.,dök-NEG.IMP.2SG,dök-me,36,41,43,51,16,18,20,22,23
87,13,pre_ambiguity,False,2393,Parkta otururken gözüne çarptı 'Çöp dökme' uyarısı.,negation,semantic,after,dökme,uyarısı.,uyarısı.,dök-NEG.IMP.2SG,dök-me,36,41,43,51,16,18,20,22,23
87,14,pre_ambiguity,False,2394,Parkta otururken gözüne çarptı 'Çöp dökme' uyarısı.,negation,semantic,after,dökme,uyarısı.,uyarısı.,dök-NEG.IMP.2SG,dök-me,36,41,43,51,16,18,20,22,23
87,15,pre_ambiguity,False,2395,Parkta otururken gözüne çarptı 'Çöp dökme' uyarısı.,negation,semantic,after,dökme,uyarısı.,uyarısı.,dök-NEG.IMP.2SG,dök-me,36,41,43,51,16,18,20,22,23
87,16,ambiguity_onset,False,2396,Parkta otururken gözüne çarptı 'Çöp dökme' uyarısı.,negation,semantic,after,dökme,uyarısı.,uyarısı.,dök-NEG.IMP.2SG,dök-me,36,41,43,51,16,18,20,22,23
87,17,ambiguity_onset,False,2397,Parkta otururken gözüne çarptı 'Çöp dökme' uyarısı.,negation,semantic,after,dökme,uyarısı.,uyarısı.,dök-NEG.IMP.2SG,dök-me,36,41,43,51,16,18,20,22,23
87,18,ambiguity_onset,False,2398,Parkta otururken gözüne çarptı 'Çöp dökme' uyarısı.,negation,semantic,after,dökme,uyarısı.,uyarısı.,dök-NEG.IMP.2SG,dök-me,36,41,43,51,16,18,20,22,23
87,19,post_ambiguity_pre_cue,False,2399,Parkta otururken gözüne çarptı 'Çöp dökme' uyarısı.,negation,semantic,after,dökme,uyarısı.,uyarısı.,dök-NEG.IMP.2SG,dök-me,36,41,43,51,16,18,20,22,23
87,20,cue_onset,False,2400,Parkta otururken gözüne çarptı 'Çöp dökme' uyarısı.,negation,semantic,after,dökme,uyarısı.,uyarısı.,dök-NEG.IMP.2SG,dök-me,36,41,43,51,16,18,20,22,23
87,21,cue_onset,False,2401,Parkta otururken gözüne çarptı 'Çöp dökme' uyarısı.,negation,semantic,after,dökme,uyarısı.,uyarısı.,dök-NEG.IMP.2SG,dök-me,36,41,43,51,16,18,20,22,23
87,22,full_sentence,True,2402,Parkta otururken gözüne çarptı 'Çöp dökme' uyarısı.,negation,semantic,after,dökme,uyarısı.,uyarısı.,dök-NEG.IMP.2SG,dök-me,36,41,43,51,16,18,20,22,23
88,0,pre_ambiguity,False,2403,"Burayı gözleme artık, senin işin başka!",negation,semantic,after,gözleme,"artık,",başka!,gözle-NEG.IMP.2SG,gözle-me,7,14,15,39,2,4,5,12,13
88,1,pre_ambiguity,False,2404,"Burayı gözleme artık, senin işin başka!",negation,semantic,after,gözleme,"artık,",başka!,gözle-NEG.IMP.2SG,gözle-me,7,14,15,39,2,4,5,12,13
88,2,ambiguity_onset,False,2405,"Burayı gözleme artık, senin işin başka!",negation,semantic,after,gözleme,"artık,",başka!,gözle-NEG.IMP.2SG,gözle-me,7,14,15,39,2,4,5,12,13
88,3,ambiguity_onset,False,2406,"Burayı gözleme artık, senin işin başka!",negation,semantic,after,gözleme,"artık,",başka!,gözle-NEG.IMP.2SG,gözle-me,7,14,15,39,2,4,5,12,13
88,4,ambiguity_onset,False,2407,"Burayı gözleme artık, senin işin başka!",negation,semantic,after,gözleme,"artık,",başka!,gözle-NEG.IMP.2SG,gözle-me,7,14,15,39,2,4,5,12,13
88,5,cue_onset,False,2408,"Burayı gözleme artık, senin işin başka!",negation,semantic,after,gözleme,"artık,",başka!,gözle-NEG.IMP.2SG,gözle-me,7,14,15,39,2,4,5,12,13
88,6,cue_onset,False,2409,"Burayı gözleme artık, senin işin başka!",negation,semantic,after,gözleme,"artık,",başka!,gözle-NEG.IMP.2SG,gözle-me,7,14,15,39,2,4,5,12,13
88,7,cue_onset,False,2410,"Burayı gözleme artık, senin işin başka!",negation,semantic,after,gözleme,"artık,",başka!,gözle-NEG.IMP.2SG,gözle-me,7,14,15,39,2,4,5,12,13
88,8,cue_onset,False,2411,"Burayı gözleme artık, senin işin başka!",negation,semantic,after,gözleme,"artık,",başka!,gözle-NEG.IMP.2SG,gözle-me,7,14,15,39,2,4,5,12,13
88,9,cue_onset,False,2412,"Burayı gözleme artık, senin işin başka!",negation,semantic,after,gözleme,"artık,",başka!,gözle-NEG.IMP.2SG,gözle-me,7,14,15,39,2,4,5,12,13
88,10,cue_onset,False,2413,"Burayı gözleme artık, senin işin başka!",negation,semantic,after,gözleme,"artık,",başka!,gözle-NEG.IMP.2SG,gözle-me,7,14,15,39,2,4,5,12,13
88,11,cue_onset,False,2414,"Burayı gözleme artık, senin işin başka!",negation,semantic,after,gözleme,"artık,",başka!,gözle-NEG.IMP.2SG,gözle-me,7,14,15,39,2,4,5,12,13
88,12,full_sentence,True,2415,"Burayı gözleme artık, senin işin başka!",negation,semantic,after,gözleme,"artık,",başka!,gözle-NEG.IMP.2SG,gözle-me,7,14,15,39,2,4,5,12,13
89,0,pre_ambiguity,False,2416,Kocasının gözü dışarıda olduğu için 'Mustafa'nın başının bağını çözme nolur' diye fısıldadı Mehmet'in arkasından.,negation,semantic,after,çözme,nolur',nolur',çöz-NEG.IMP.2SG,çöz-me,64,69,70,76,19,20,21,24,39
89,1,pre_ambiguity,False,2417,Kocasının gözü dışarıda olduğu için 'Mustafa'nın başının bağını çözme nolur' diye fısıldadı Mehmet'in arkasından.,negation,semantic,after,çözme,nolur',nolur',çöz-NEG.IMP.2SG,çöz-me,64,69,70,76,19,20,21,24,39
89,2,pre_ambiguity,False,2418,Kocasının gözü dışarıda olduğu için 'Mustafa'nın başının bağını çözme nolur' diye fısıldadı Mehmet'in arkasından.,negation,semantic,after,çözme,nolur',nolur',çöz-NEG.IMP.2SG,çöz-me,64,69,70,76,19,20,21,24,39
89,3,pre_ambiguity,False,2419,Kocasının gözü dışarıda olduğu için 'Mustafa'nın başının bağını çözme nolur' diye fısıldadı Mehmet'in arkasından.,negation,semantic,after,çözme,nolur',nolur',çöz-NEG.IMP.2SG,çöz-me,64,69,70,76,19,20,21,24,39
89,4,pre_ambiguity,False,2420,Kocasının gözü dışarıda olduğu için 'Mustafa'nın başının bağını çözme nolur' diye fısıldadı Mehmet'in arkasından.,negation,semantic,after,çözme,nolur',nolur',çöz-NEG.IMP.2SG,çöz-me,64,69,70,76,19,20,21,24,39
89,5,pre_ambiguity,False,2421,Kocasının gözü dışarıda olduğu için 'Mustafa'nın başının bağını çözme nolur' diye fısıldadı Mehmet'in arkasından.,negation,semantic,after,çözme,nolur',nolur',çöz-NEG.IMP.2SG,çöz-me,64,69,70,76,19,20,21,24,39
89,6,pre_ambiguity,False,2422,Kocasının gözü dışarıda olduğu için 'Mustafa'nın başının bağını çözme nolur' diye fısıldadı Mehmet'in arkasından.,negation,semantic,after,çözme,nolur',nolur',çöz-NEG.IMP.2SG,çöz-me,64,69,70,76,19,20,21,24,39
89,7,pre_ambiguity,False,2423,Kocasının gözü dışarıda olduğu için 'Mustafa'nın başının bağını çözme nolur' diye fısıldadı Mehmet'in arkasından.,negation,semantic,after,çözme,nolur',nolur',çöz-NEG.IMP.2SG,çöz-me,64,69,70,76,19,20,21,24,39
89,8,pre_ambiguity,False,2424,Kocasının gözü dışarıda olduğu için 'Mustafa'nın başının bağını çözme nolur' diye fısıldadı Mehmet'in arkasından.,negation,semantic,after,çözme,nolur',nolur',çöz-NEG.IMP.2SG,çöz-me,64,69,70,76,19,20,21,24,39
89,9,pre_ambiguity,False,2425,Kocasının gözü dışarıda olduğu için 'Mustafa'nın başının bağını çözme nolur' diye fısıldadı Mehmet'in arkasından.,negation,semantic,after,çözme,nolur',nolur',çöz-NEG.IMP.2SG,çöz-me,64,69,70,76,19,20,21,24,39
89,10,pre_ambiguity,False,2426,Kocasının gözü dışarıda olduğu için 'Mustafa'nın başının bağını çözme nolur' diye fısıldadı Mehmet'in arkasından.,negation,semantic,after,çözme,nolur',nolur',çöz-NEG.IMP.2SG,çöz-me,64,69,70,76,19,20,21,24,39
89,11,pre_ambiguity,False,2427,Kocasının gözü dışarıda olduğu için 'Mustafa'nın başının bağını çözme nolur' diye fısıldadı Mehmet'in arkasından.,negation,semantic,after,çözme,nolur',nolur',çöz-NEG.IMP.2SG,çöz-me,64,69,70,76,19,20,21,24,39
89,12,pre_ambiguity,False,2428,Kocasının gözü dışarıda olduğu için 'Mustafa'nın başının bağını çözme nolur' diye fısıldadı Mehmet'in arkasından.,negation,semantic,after,çözme,nolur',nolur',çöz-NEG.IMP.2SG,çöz-me,64,69,70,76,19,20,21,24,39
89,13,pre_ambiguity,False,2429,Kocasının gözü dışarıda olduğu için 'Mustafa'nın başının bağını çözme nolur' diye fısıldadı Mehmet'in arkasından.,negation,semantic,after,çözme,nolur',nolur',çöz-NEG.IMP.2SG,çöz-me,64,69,70,76,19,20,21,24,39
89,14,pre_ambiguity,False,2430,Kocasının gözü dışarıda olduğu için 'Mustafa'nın başının bağını çözme nolur' diye fısıldadı Mehmet'in arkasından.,negation,semantic,after,çözme,nolur',nolur',çöz-NEG.IMP.2SG,çöz-me,64,69,70,76,19,20,21,24,39
89,15,pre_ambiguity,False,2431,Kocasının gözü dışarıda olduğu için 'Mustafa'nın başının bağını çözme nolur' diye fısıldadı Mehmet'in arkasından.,negation,semantic,after,çözme,nolur',nolur',çöz-NEG.IMP.2SG,çöz-me,64,69,70,76,19,20,21,24,39
89,16,pre_ambiguity,False,2432,Kocasının gözü dışarıda olduğu için 'Mustafa'nın başının bağını çözme nolur' diye fısıldadı Mehmet'in arkasından.,negation,semantic,after,çözme,nolur',nolur',çöz-NEG.IMP.2SG,çöz-me,64,69,70,76,19,20,21,24,39
89,17,pre_ambiguity,False,2433,Kocasının gözü dışarıda olduğu için 'Mustafa'nın başının bağını çözme nolur' diye fısıldadı Mehmet'in arkasından.,negation,semantic,after,çözme,nolur',nolur',çöz-NEG.IMP.2SG,çöz-me,64,69,70,76,19,20,21,24,39
89,18,pre_ambiguity,False,2434,Kocasının gözü dışarıda olduğu için 'Mustafa'nın başının bağını çözme nolur' diye fısıldadı Mehmet'in arkasından.,negation,semantic,after,çözme,nolur',nolur',çöz-NEG.IMP.2SG,çöz-me,64,69,70,76,19,20,21,24,39
89,19,ambiguity_onset,False,2435,Kocasının gözü dışarıda olduğu için 'Mustafa'nın başının bağını çözme nolur' diye fısıldadı Mehmet'in arkasından.,negation,semantic,after,çözme,nolur',nolur',çöz-NEG.IMP.2SG,çöz-me,64,69,70,76,19,20,21,24,39
89,20,ambiguity_onset,False,2436,Kocasının gözü dışarıda olduğu için 'Mustafa'nın başının bağını çözme nolur' diye fısıldadı Mehmet'in arkasından.,negation,semantic,after,çözme,nolur',nolur',çöz-NEG.IMP.2SG,çöz-me,64,69,70,76,19,20,21,24,39
89,21,cue_onset,False,2437,Kocasının gözü dışarıda olduğu için 'Mustafa'nın başının bağını çözme nolur' diye fısıldadı Mehmet'in arkasından.,negation,semantic,after,çözme,nolur',nolur',çöz-NEG.IMP.2SG,çöz-me,64,69,70,76,19,20,21,24,39
89,22,cue_onset,False,2438,Kocasının gözü dışarıda olduğu için 'Mustafa'nın başının bağını çözme nolur' diye fısıldadı Mehmet'in arkasından.,negation,semantic,after,çözme,nolur',nolur',çöz-NEG.IMP.2SG,çöz-me,64,69,70,76,19,20,21,24,39
89,23,cue_onset,False,2439,Kocasının gözü dışarıda olduğu için 'Mustafa'nın başının bağını çözme nolur' diye fısıldadı Mehmet'in arkasından.,negation,semantic,after,çözme,nolur',nolur',çöz-NEG.IMP.2SG,çöz-me,64,69,70,76,19,20,21,24,39
89,24,cue_onset,False,2440,Kocasının gözü dışarıda olduğu için 'Mustafa'nın başının bağını çözme nolur' diye fısıldadı Mehmet'in arkasından.,negation,semantic,after,çözme,nolur',nolur',çöz-NEG.IMP.2SG,çöz-me,64,69,70,76,19,20,21,24,39
89,25,post_cue,False,2441,Kocasının gözü dışarıda olduğu için 'Mustafa'nın başının bağını çözme nolur' diye fısıldadı Mehmet'in arkasından.,negation,semantic,after,çözme,nolur',nolur',çöz-NEG.IMP.2SG,çöz-me,64,69,70,76,19,20,21,24,39
89,26,post_cue,False,2442,Kocasının gözü dışarıda olduğu için 'Mustafa'nın başının bağını çözme nolur' diye fısıldadı Mehmet'in arkasından.,negation,semantic,after,çözme,nolur',nolur',çöz-NEG.IMP.2SG,çöz-me,64,69,70,76,19,20,21,24,39
89,27,post_cue,False,2443,Kocasının gözü dışarıda olduğu için 'Mustafa'nın başının bağını çözme nolur' diye fısıldadı Mehmet'in arkasından.,negation,semantic,after,çözme,nolur',nolur',çöz-NEG.IMP.2SG,çöz-me,64,69,70,76,19,20,21,24,39
89,28,post_cue,False,2444,Kocasının gözü dışarıda olduğu için 'Mustafa'nın başının bağını çözme nolur' diye fısıldadı Mehmet'in arkasından.,negation,semantic,after,çözme,nolur',nolur',çöz-NEG.IMP.2SG,çöz-me,64,69,70,76,19,20,21,24,39
89,29,post_cue,False,2445,Kocasının gözü dışarıda olduğu için 'Mustafa'nın başının bağını çözme nolur' diye fısıldadı Mehmet'in arkasından.,negation,semantic,after,çözme,nolur',nolur',çöz-NEG.IMP.2SG,çöz-me,64,69,70,76,19,20,21,24,39
89,30,post_cue,False,2446,Kocasının gözü dışarıda olduğu için 'Mustafa'nın başının bağını çözme nolur' diye fısıldadı Mehmet'in arkasından.,negation,semantic,after,çözme,nolur',nolur',çöz-NEG.IMP.2SG,çöz-me,64,69,70,76,19,20,21,24,39
89,31,post_cue,False,2447,Kocasının gözü dışarıda olduğu için 'Mustafa'nın başının bağını çözme nolur' diye fısıldadı Mehmet'in arkasından.,negation,semantic,after,çözme,nolur',nolur',çöz-NEG.IMP.2SG,çöz-me,64,69,70,76,19,20,21,24,39
89,32,post_cue,False,2448,Kocasının gözü dışarıda olduğu için 'Mustafa'nın başının bağını çözme nolur' diye fısıldadı Mehmet'in arkasından.,negation,semantic,after,çözme,nolur',nolur',çöz-NEG.IMP.2SG,çöz-me,64,69,70,76,19,20,21,24,39
89,33,post_cue,False,2449,Kocasının gözü dışarıda olduğu için 'Mustafa'nın başının bağını çözme nolur' diye fısıldadı Mehmet'in arkasından.,negation,semantic,after,çözme,nolur',nolur',çöz-NEG.IMP.2SG,çöz-me,64,69,70,76,19,20,21,24,39
89,34,post_cue,False,2450,Kocasının gözü dışarıda olduğu için 'Mustafa'nın başının bağını çözme nolur' diye fısıldadı Mehmet'in arkasından.,negation,semantic,after,çözme,nolur',nolur',çöz-NEG.IMP.2SG,çöz-me,64,69,70,76,19,20,21,24,39
89,35,post_cue,False,2451,Kocasının gözü dışarıda olduğu için 'Mustafa'nın başının bağını çözme nolur' diye fısıldadı Mehmet'in arkasından.,negation,semantic,after,çözme,nolur',nolur',çöz-NEG.IMP.2SG,çöz-me,64,69,70,76,19,20,21,24,39
89,36,post_cue,False,2452,Kocasının gözü dışarıda olduğu için 'Mustafa'nın başının bağını çözme nolur' diye fısıldadı Mehmet'in arkasından.,negation,semantic,after,çözme,nolur',nolur',çöz-NEG.IMP.2SG,çöz-me,64,69,70,76,19,20,21,24,39
89,37,post_cue,False,2453,Kocasının gözü dışarıda olduğu için 'Mustafa'nın başının bağını çözme nolur' diye fısıldadı Mehmet'in arkasından.,negation,semantic,after,çözme,nolur',nolur',çöz-NEG.IMP.2SG,çöz-me,64,69,70,76,19,20,21,24,39
89,38,full_sentence,True,2454,Kocasının gözü dışarıda olduğu için 'Mustafa'nın başının bağını çözme nolur' diye fısıldadı Mehmet'in arkasından.,negation,semantic,after,çözme,nolur',nolur',çöz-NEG.IMP.2SG,çöz-me,64,69,70,76,19,20,21,24,39
90,0,pre_ambiguity,False,2455,Duvarlara yazı yazma yoksa seni döverim.,negation,semantic,after,yazma,yoksa,döverim.,yaz-NEG.IMP.2SG,yaz-ma,15,20,21,40,5,6,7,15,16
90,1,pre_ambiguity,False,2456,Duvarlara yazı yazma yoksa seni döverim.,negation,semantic,after,yazma,yoksa,döverim.,yaz-NEG.IMP.2SG,yaz-ma,15,20,21,40,5,6,7,15,16
90,2,pre_ambiguity,False,2457,Duvarlara yazı yazma yoksa seni döverim.,negation,semantic,after,yazma,yoksa,döverim.,yaz-NEG.IMP.2SG,yaz-ma,15,20,21,40,5,6,7,15,16
90,3,pre_ambiguity,False,2458,Duvarlara yazı yazma yoksa seni döverim.,negation,semantic,after,yazma,yoksa,döverim.,yaz-NEG.IMP.2SG,yaz-ma,15,20,21,40,5,6,7,15,16
90,4,pre_ambiguity,False,2459,Duvarlara yazı yazma yoksa seni döverim.,negation,semantic,after,yazma,yoksa,döverim.,yaz-NEG.IMP.2SG,yaz-ma,15,20,21,40,5,6,7,15,16
90,5,ambiguity_onset,False,2460,Duvarlara yazı yazma yoksa seni döverim.,negation,semantic,after,yazma,yoksa,döverim.,yaz-NEG.IMP.2SG,yaz-ma,15,20,21,40,5,6,7,15,16
90,6,ambiguity_onset,False,2461,Duvarlara yazı yazma yoksa seni döverim.,negation,semantic,after,yazma,yoksa,döverim.,yaz-NEG.IMP.2SG,yaz-ma,15,20,21,40,5,6,7,15,16
90,7,cue_onset,False,2462,Duvarlara yazı yazma yoksa seni döverim.,negation,semantic,after,yazma,yoksa,döverim.,yaz-NEG.IMP.2SG,yaz-ma,15,20,21,40,5,6,7,15,16
90,8,cue_onset,False,2463,Duvarlara yazı yazma yoksa seni döverim.,negation,semantic,after,yazma,yoksa,döverim.,yaz-NEG.IMP.2SG,yaz-ma,15,20,21,40,5,6,7,15,16
90,9,cue_onset,False,2464,Duvarlara yazı yazma yoksa seni döverim.,negation,semantic,after,yazma,yoksa,döverim.,yaz-NEG.IMP.2SG,yaz-ma,15,20,21,40,5,6,7,15,16
90,10,cue_onset,False,2465,Duvarlara yazı yazma yoksa seni döverim.,negation,semantic,after,yazma,yoksa,döverim.,yaz-NEG.IMP.2SG,yaz-ma,15,20,21,40,5,6,7,15,16
90,11,cue_onset,False,2466,Duvarlara yazı yazma yoksa seni döverim.,negation,semantic,after,yazma,yoksa,döverim.,yaz-NEG.IMP.2SG,yaz-ma,15,20,21,40,5,6,7,15,16
90,12,cue_onset,False,2467,Duvarlara yazı yazma yoksa seni döverim.,negation,semantic,after,yazma,yoksa,döverim.,yaz-NEG.IMP.2SG,yaz-ma,15,20,21,40,5,6,7,15,16
90,13,cue_onset,False,2468,Duvarlara yazı yazma yoksa seni döverim.,negation,semantic,after,yazma,yoksa,döverim.,yaz-NEG.IMP.2SG,yaz-ma,15,20,21,40,5,6,7,15,16
90,14,cue_onset,False,2469,Duvarlara yazı yazma yoksa seni döverim.,negation,semantic,after,yazma,yoksa,döverim.,yaz-NEG.IMP.2SG,yaz-ma,15,20,21,40,5,6,7,15,16
90,15,full_sentence,True,2470,Duvarlara yazı yazma yoksa seni döverim.,negation,semantic,after,yazma,yoksa,döverim.,yaz-NEG.IMP.2SG,yaz-ma,15,20,21,40,5,6,7,15,16
91,0,pre_ambiguity,False,2471,Bu soruları çözme de gör gününü!,negation,semantic,after,çözme,de,gününü!,çöz-NEG.IMP.2SG,çöz-me,12,17,18,32,4,5,6,10,11
91,1,pre_ambiguity,False,2472,Bu soruları çözme de gör gününü!,negation,semantic,after,çözme,de,gününü!,çöz-NEG.IMP.2SG,çöz-me,12,17,18,32,4,5,6,10,11
91,2,pre_ambiguity,False,2473,Bu soruları çözme de gör gününü!,negation,semantic,after,çözme,de,gününü!,çöz-NEG.IMP.2SG,çöz-me,12,17,18,32,4,5,6,10,11
91,3,pre_ambiguity,False,2474,Bu soruları çözme de gör gününü!,negation,semantic,after,çözme,de,gününü!,çöz-NEG.IMP.2SG,çöz-me,12,17,18,32,4,5,6,10,11
91,4,ambiguity_onset,False,2475,Bu soruları çözme de gör gününü!,negation,semantic,after,çözme,de,gününü!,çöz-NEG.IMP.2SG,çöz-me,12,17,18,32,4,5,6,10,11
91,5,ambiguity_onset,False,2476,Bu soruları çözme de gör gününü!,negation,semantic,after,çözme,de,gününü!,çöz-NEG.IMP.2SG,çöz-me,12,17,18,32,4,5,6,10,11
91,6,cue_onset,False,2477,Bu soruları çözme de gör gününü!,negation,semantic,after,çözme,de,gününü!,çöz-NEG.IMP.2SG,çöz-me,12,17,18,32,4,5,6,10,11
91,7,cue_onset,False,2478,Bu soruları çözme de gör gününü!,negation,semantic,after,çözme,de,gününü!,çöz-NEG.IMP.2SG,çöz-me,12,17,18,32,4,5,6,10,11
91,8,cue_onset,False,2479,Bu soruları çözme de gör gününü!,negation,semantic,after,çözme,de,gününü!,çöz-NEG.IMP.2SG,çöz-me,12,17,18,32,4,5,6,10,11
91,9,cue_onset,False,2480,Bu soruları çözme de gör gününü!,negation,semantic,after,çözme,de,gününü!,çöz-NEG.IMP.2SG,çöz-me,12,17,18,32,4,5,6,10,11
91,10,full_sentence,True,2481,Bu soruları çözme de gör gününü!,negation,semantic,after,çözme,de,gününü!,çöz-NEG.IMP.2SG,çöz-me,12,17,18,32,4,5,6,10,11
92,0,pre_ambiguity,False,2482,Rüyama giren ak sakallı dede bana bir sürü şey söyledi ama zengin olma diye uyarması en çok aklımda kalan şey oldu.,negation,semantic,after,olma,diye,uyarması,ol-NEG.IMP.2SG,ol-ma,66,70,71,84,22,23,24,28,41
92,1,pre_ambiguity,False,2483,Rüyama giren ak sakallı dede bana bir sürü şey söyledi ama zengin olma diye uyarması en çok aklımda kalan şey oldu.,negation,semantic,after,olma,diye,uyarması,ol-NEG.IMP.2SG,ol-ma,66,70,71,84,22,23,24,28,41
92,2,pre_ambiguity,False,2484,Rüyama giren ak sakallı dede bana bir sürü şey söyledi ama zengin olma diye uyarması en çok aklımda kalan şey oldu.,negation,semantic,after,olma,diye,uyarması,ol-NEG.IMP.2SG,ol-ma,66,70,71,84,22,23,24,28,41
92,3,pre_ambiguity,False,2485,Rüyama giren ak sakallı dede bana bir sürü şey söyledi ama zengin olma diye uyarması en çok aklımda kalan şey oldu.,negation,semantic,after,olma,diye,uyarması,ol-NEG.IMP.2SG,ol-ma,66,70,71,84,22,23,24,28,41
92,4,pre_ambiguity,False,2486,Rüyama giren ak sakallı dede bana bir sürü şey söyledi ama zengin olma diye uyarması en çok aklımda kalan şey oldu.,negation,semantic,after,olma,diye,uyarması,ol-NEG.IMP.2SG,ol-ma,66,70,71,84,22,23,24,28,41
92,5,pre_ambiguity,False,2487,Rüyama giren ak sakallı dede bana bir sürü şey söyledi ama zengin olma diye uyarması en çok aklımda kalan şey oldu.,negation,semantic,after,olma,diye,uyarması,ol-NEG.IMP.2SG,ol-ma,66,70,71,84,22,23,24,28,41
92,6,pre_ambiguity,False,2488,Rüyama giren ak sakallı dede bana bir sürü şey söyledi ama zengin olma diye uyarması en çok aklımda kalan şey oldu.,negation,semantic,after,olma,diye,uyarması,ol-NEG.IMP.2SG,ol-ma,66,70,71,84,22,23,24,28,41
92,7,pre_ambiguity,False,2489,Rüyama giren ak sakallı dede bana bir sürü şey söyledi ama zengin olma diye uyarması en çok aklımda kalan şey oldu.,negation,semantic,after,olma,diye,uyarması,ol-NEG.IMP.2SG,ol-ma,66,70,71,84,22,23,24,28,41
92,8,pre_ambiguity,False,2490,Rüyama giren ak sakallı dede bana bir sürü şey söyledi ama zengin olma diye uyarması en çok aklımda kalan şey oldu.,negation,semantic,after,olma,diye,uyarması,ol-NEG.IMP.2SG,ol-ma,66,70,71,84,22,23,24,28,41
92,9,pre_ambiguity,False,2491,Rüyama giren ak sakallı dede bana bir sürü şey söyledi ama zengin olma diye uyarması en çok aklımda kalan şey oldu.,negation,semantic,after,olma,diye,uyarması,ol-NEG.IMP.2SG,ol-ma,66,70,71,84,22,23,24,28,41
92,10,pre_ambiguity,False,2492,Rüyama giren ak sakallı dede bana bir sürü şey söyledi ama zengin olma diye uyarması en çok aklımda kalan şey oldu.,negation,semantic,after,olma,diye,uyarması,ol-NEG.IMP.2SG,ol-ma,66,70,71,84,22,23,24,28,41
92,11,pre_ambiguity,False,2493,Rüyama giren ak sakallı dede bana bir sürü şey söyledi ama zengin olma diye uyarması en çok aklımda kalan şey oldu.,negation,semantic,after,olma,diye,uyarması,ol-NEG.IMP.2SG,ol-ma,66,70,71,84,22,23,24,28,41
92,12,pre_ambiguity,False,2494,Rüyama giren ak sakallı dede bana bir sürü şey söyledi ama zengin olma diye uyarması en çok aklımda kalan şey oldu.,negation,semantic,after,olma,diye,uyarması,ol-NEG.IMP.2SG,ol-ma,66,70,71,84,22,23,24,28,41
92,13,pre_ambiguity,False,2495,Rüyama giren ak sakallı dede bana bir sürü şey söyledi ama zengin olma diye uyarması en çok aklımda kalan şey oldu.,negation,semantic,after,olma,diye,uyarması,ol-NEG.IMP.2SG,ol-ma,66,70,71,84,22,23,24,28,41
92,14,pre_ambiguity,False,2496,Rüyama giren ak sakallı dede bana bir sürü şey söyledi ama zengin olma diye uyarması en çok aklımda kalan şey oldu.,negation,semantic,after,olma,diye,uyarması,ol-NEG.IMP.2SG,ol-ma,66,70,71,84,22,23,24,28,41
92,15,pre_ambiguity,False,2497,Rüyama giren ak sakallı dede bana bir sürü şey söyledi ama zengin olma diye uyarması en çok aklımda kalan şey oldu.,negation,semantic,after,olma,diye,uyarması,ol-NEG.IMP.2SG,ol-ma,66,70,71,84,22,23,24,28,41
92,16,pre_ambiguity,False,2498,Rüyama giren ak sakallı dede bana bir sürü şey söyledi ama zengin olma diye uyarması en çok aklımda kalan şey oldu.,negation,semantic,after,olma,diye,uyarması,ol-NEG.IMP.2SG,ol-ma,66,70,71,84,22,23,24,28,41
92,17,pre_ambiguity,False,2499,Rüyama giren ak sakallı dede bana bir sürü şey söyledi ama zengin olma diye uyarması en çok aklımda kalan şey oldu.,negation,semantic,after,olma,diye,uyarması,ol-NEG.IMP.2SG,ol-ma,66,70,71,84,22,23,24,28,41
92,18,pre_ambiguity,False,2500,Rüyama giren ak sakallı dede bana bir sürü şey söyledi ama zengin olma diye uyarması en çok aklımda kalan şey oldu.,negation,semantic,after,olma,diye,uyarması,ol-NEG.IMP.2SG,ol-ma,66,70,71,84,22,23,24,28,41
92,19,pre_ambiguity,False,2501,Rüyama giren ak sakallı dede bana bir sürü şey söyledi ama zengin olma diye uyarması en çok aklımda kalan şey oldu.,negation,semantic,after,olma,diye,uyarması,ol-NEG.IMP.2SG,ol-ma,66,70,71,84,22,23,24,28,41
92,20,pre_ambiguity,False,2502,Rüyama giren ak sakallı dede bana bir sürü şey söyledi ama zengin olma diye uyarması en çok aklımda kalan şey oldu.,negation,semantic,after,olma,diye,uyarması,ol-NEG.IMP.2SG,ol-ma,66,70,71,84,22,23,24,28,41
92,21,pre_ambiguity,False,2503,Rüyama giren ak sakallı dede bana bir sürü şey söyledi ama zengin olma diye uyarması en çok aklımda kalan şey oldu.,negation,semantic,after,olma,diye,uyarması,ol-NEG.IMP.2SG,ol-ma,66,70,71,84,22,23,24,28,41
92,22,ambiguity_onset,False,2504,Rüyama giren ak sakallı dede bana bir sürü şey söyledi ama zengin olma diye uyarması en çok aklımda kalan şey oldu.,negation,semantic,after,olma,diye,uyarması,ol-NEG.IMP.2SG,ol-ma,66,70,71,84,22,23,24,28,41
92,23,ambiguity_onset,False,2505,Rüyama giren ak sakallı dede bana bir sürü şey söyledi ama zengin olma diye uyarması en çok aklımda kalan şey oldu.,negation,semantic,after,olma,diye,uyarması,ol-NEG.IMP.2SG,ol-ma,66,70,71,84,22,23,24,28,41
92,24,cue_onset,False,2506,Rüyama giren ak sakallı dede bana bir sürü şey söyledi ama zengin olma diye uyarması en çok aklımda kalan şey oldu.,negation,semantic,after,olma,diye,uyarması,ol-NEG.IMP.2SG,ol-ma,66,70,71,84,22,23,24,28,41
92,25,cue_onset,False,2507,Rüyama giren ak sakallı dede bana bir sürü şey söyledi ama zengin olma diye uyarması en çok aklımda kalan şey oldu.,negation,semantic,after,olma,diye,uyarması,ol-NEG.IMP.2SG,ol-ma,66,70,71,84,22,23,24,28,41
92,26,cue_onset,False,2508,Rüyama giren ak sakallı dede bana bir sürü şey söyledi ama zengin olma diye uyarması en çok aklımda kalan şey oldu.,negation,semantic,after,olma,diye,uyarması,ol-NEG.IMP.2SG,ol-ma,66,70,71,84,22,23,24,28,41
92,27,cue_onset,False,2509,Rüyama giren ak sakallı dede bana bir sürü şey söyledi ama zengin olma diye uyarması en çok aklımda kalan şey oldu.,negation,semantic,after,olma,diye,uyarması,ol-NEG.IMP.2SG,ol-ma,66,70,71,84,22,23,24,28,41
92,28,cue_onset,False,2510,Rüyama giren ak sakallı dede bana bir sürü şey söyledi ama zengin olma diye uyarması en çok aklımda kalan şey oldu.,negation,semantic,after,olma,diye,uyarması,ol-NEG.IMP.2SG,ol-ma,66,70,71,84,22,23,24,28,41
92,29,post_cue,False,2511,Rüyama giren ak sakallı dede bana bir sürü şey söyledi ama zengin olma diye uyarması en çok aklımda kalan şey oldu.,negation,semantic,after,olma,diye,uyarması,ol-NEG.IMP.2SG,ol-ma,66,70,71,84,22,23,24,28,41
92,30,post_cue,False,2512,Rüyama giren ak sakallı dede bana bir sürü şey söyledi ama zengin olma diye uyarması en çok aklımda kalan şey oldu.,negation,semantic,after,olma,diye,uyarması,ol-NEG.IMP.2SG,ol-ma,66,70,71,84,22,23,24,28,41
92,31,post_cue,False,2513,Rüyama giren ak sakallı dede bana bir sürü şey söyledi ama zengin olma diye uyarması en çok aklımda kalan şey oldu.,negation,semantic,after,olma,diye,uyarması,ol-NEG.IMP.2SG,ol-ma,66,70,71,84,22,23,24,28,41
92,32,post_cue,False,2514,Rüyama giren ak sakallı dede bana bir sürü şey söyledi ama zengin olma diye uyarması en çok aklımda kalan şey oldu.,negation,semantic,after,olma,diye,uyarması,ol-NEG.IMP.2SG,ol-ma,66,70,71,84,22,23,24,28,41
92,33,post_cue,False,2515,Rüyama giren ak sakallı dede bana bir sürü şey söyledi ama zengin olma diye uyarması en çok aklımda kalan şey oldu.,negation,semantic,after,olma,diye,uyarması,ol-NEG.IMP.2SG,ol-ma,66,70,71,84,22,23,24,28,41
92,34,post_cue,False,2516,Rüyama giren ak sakallı dede bana bir sürü şey söyledi ama zengin olma diye uyarması en çok aklımda kalan şey oldu.,negation,semantic,after,olma,diye,uyarması,ol-NEG.IMP.2SG,ol-ma,66,70,71,84,22,23,24,28,41
92,35,post_cue,False,2517,Rüyama giren ak sakallı dede bana bir sürü şey söyledi ama zengin olma diye uyarması en çok aklımda kalan şey oldu.,negation,semantic,after,olma,diye,uyarması,ol-NEG.IMP.2SG,ol-ma,66,70,71,84,22,23,24,28,41
92,36,post_cue,False,2518,Rüyama giren ak sakallı dede bana bir sürü şey söyledi ama zengin olma diye uyarması en çok aklımda kalan şey oldu.,negation,semantic,after,olma,diye,uyarması,ol-NEG.IMP.2SG,ol-ma,66,70,71,84,22,23,24,28,41
92,37,post_cue,False,2519,Rüyama giren ak sakallı dede bana bir sürü şey söyledi ama zengin olma diye uyarması en çok aklımda kalan şey oldu.,negation,semantic,after,olma,diye,uyarması,ol-NEG.IMP.2SG,ol-ma,66,70,71,84,22,23,24,28,41
92,38,post_cue,False,2520,Rüyama giren ak sakallı dede bana bir sürü şey söyledi ama zengin olma diye uyarması en çok aklımda kalan şey oldu.,negation,semantic,after,olma,diye,uyarması,ol-NEG.IMP.2SG,ol-ma,66,70,71,84,22,23,24,28,41
92,39,post_cue,False,2521,Rüyama giren ak sakallı dede bana bir sürü şey söyledi ama zengin olma diye uyarması en çok aklımda kalan şey oldu.,negation,semantic,after,olma,diye,uyarması,ol-NEG.IMP.2SG,ol-ma,66,70,71,84,22,23,24,28,41
92,40,full_sentence,True,2522,Rüyama giren ak sakallı dede bana bir sürü şey söyledi ama zengin olma diye uyarması en çok aklımda kalan şey oldu.,negation,semantic,after,olma,diye,uyarması,ol-NEG.IMP.2SG,ol-ma,66,70,71,84,22,23,24,28,41
93,0,pre_ambiguity,False,2523,"Heykel yapma da ne yaparsan yap bu kille, başka ricam yok senden.",negation,semantic,after,yapma,da,"kille,",yap-NEG.IMP.2SG,yap-ma,7,12,13,41,2,3,4,13,21
93,1,pre_ambiguity,False,2524,"Heykel yapma da ne yaparsan yap bu kille, başka ricam yok senden.",negation,semantic,after,yapma,da,"kille,",yap-NEG.IMP.2SG,yap-ma,7,12,13,41,2,3,4,13,21
93,2,ambiguity_onset,False,2525,"Heykel yapma da ne yaparsan yap bu kille, başka ricam yok senden.",negation,semantic,after,yapma,da,"kille,",yap-NEG.IMP.2SG,yap-ma,7,12,13,41,2,3,4,13,21
93,3,ambiguity_onset,False,2526,"Heykel yapma da ne yaparsan yap bu kille, başka ricam yok senden.",negation,semantic,after,yapma,da,"kille,",yap-NEG.IMP.2SG,yap-ma,7,12,13,41,2,3,4,13,21
93,4,cue_onset,False,2527,"Heykel yapma da ne yaparsan yap bu kille, başka ricam yok senden.",negation,semantic,after,yapma,da,"kille,",yap-NEG.IMP.2SG,yap-ma,7,12,13,41,2,3,4,13,21
93,5,cue_onset,False,2528,"Heykel yapma da ne yaparsan yap bu kille, başka ricam yok senden.",negation,semantic,after,yapma,da,"kille,",yap-NEG.IMP.2SG,yap-ma,7,12,13,41,2,3,4,13,21
93,6,cue_onset,False,2529,"Heykel yapma da ne yaparsan yap bu kille, başka ricam yok senden.",negation,semantic,after,yapma,da,"kille,",yap-NEG.IMP.2SG,yap-ma,7,12,13,41,2,3,4,13,21
93,7,cue_onset,False,2530,"Heykel yapma da ne yaparsan yap bu kille, başka ricam yok senden.",negation,semantic,after,yapma,da,"kille,",yap-NEG.IMP.2SG,yap-ma,7,12,13,41,2,3,4,13,21
93,8,cue_onset,False,2531,"Heykel yapma da ne yaparsan yap bu kille, başka ricam yok senden.",negation,semantic,after,yapma,da,"kille,",yap-NEG.IMP.2SG,yap-ma,7,12,13,41,2,3,4,13,21
93,9,cue_onset,False,2532,"Heykel yapma da ne yaparsan yap bu kille, başka ricam yok senden.",negation,semantic,after,yapma,da,"kille,",yap-NEG.IMP.2SG,yap-ma,7,12,13,41,2,3,4,13,21
93,10,cue_onset,False,2533,"Heykel yapma da ne yaparsan yap bu kille, başka ricam yok senden.",negation,semantic,after,yapma,da,"kille,",yap-NEG.IMP.2SG,yap-ma,7,12,13,41,2,3,4,13,21
93,11,cue_onset,False,2534,"Heykel yapma da ne yaparsan yap bu kille, başka ricam yok senden.",negation,semantic,after,yapma,da,"kille,",yap-NEG.IMP.2SG,yap-ma,7,12,13,41,2,3,4,13,21
93,12,cue_onset,False,2535,"Heykel yapma da ne yaparsan yap bu kille, başka ricam yok senden.",negation,semantic,after,yapma,da,"kille,",yap-NEG.IMP.2SG,yap-ma,7,12,13,41,2,3,4,13,21
93,13,cue_onset,False,2536,"Heykel yapma da ne yaparsan yap bu kille, başka ricam yok senden.",negation,semantic,after,yapma,da,"kille,",yap-NEG.IMP.2SG,yap-ma,7,12,13,41,2,3,4,13,21
93,14,post_cue,False,2537,"Heykel yapma da ne yaparsan yap bu kille, başka ricam yok senden.",negation,semantic,after,yapma,da,"kille,",yap-NEG.IMP.2SG,yap-ma,7,12,13,41,2,3,4,13,21
93,15,post_cue,False,2538,"Heykel yapma da ne yaparsan yap bu kille, başka ricam yok senden.",negation,semantic,after,yapma,da,"kille,",yap-NEG.IMP.2SG,yap-ma,7,12,13,41,2,3,4,13,21
93,16,post_cue,False,2539,"Heykel yapma da ne yaparsan yap bu kille, başka ricam yok senden.",negation,semantic,after,yapma,da,"kille,",yap-NEG.IMP.2SG,yap-ma,7,12,13,41,2,3,4,13,21
93,17,post_cue,False,2540,"Heykel yapma da ne yaparsan yap bu kille, başka ricam yok senden.",negation,semantic,after,yapma,da,"kille,",yap-NEG.IMP.2SG,yap-ma,7,12,13,41,2,3,4,13,21
93,18,post_cue,False,2541,"Heykel yapma da ne yaparsan yap bu kille, başka ricam yok senden.",negation,semantic,after,yapma,da,"kille,",yap-NEG.IMP.2SG,yap-ma,7,12,13,41,2,3,4,13,21
93,19,post_cue,False,2542,"Heykel yapma da ne yaparsan yap bu kille, başka ricam yok senden.",negation,semantic,after,yapma,da,"kille,",yap-NEG.IMP.2SG,yap-ma,7,12,13,41,2,3,4,13,21
93,20,full_sentence,True,2543,"Heykel yapma da ne yaparsan yap bu kille, başka ricam yok senden.",negation,semantic,after,yapma,da,"kille,",yap-NEG.IMP.2SG,yap-ma,7,12,13,41,2,3,4,13,21
94,0,pre_ambiguity,False,2544,Gölge etme başka ihsan istemem.,negation,semantic,after,etme,başka,istemem.,et-NEG.IMP.2SG,et-me,6,10,11,31,3,4,5,12,13
94,1,pre_ambiguity,False,2545,Gölge etme başka ihsan istemem.,negation,semantic,after,etme,başka,istemem.,et-NEG.IMP.2SG,et-me,6,10,11,31,3,4,5,12,13
94,2,pre_ambiguity,False,2546,Gölge etme başka ihsan istemem.,negation,semantic,after,etme,başka,istemem.,et-NEG.IMP.2SG,et-me,6,10,11,31,3,4,5,12,13
94,3,ambiguity_onset,False,2547,Gölge etme başka ihsan istemem.,negation,semantic,after,etme,başka,istemem.,et-NEG.IMP.2SG,et-me,6,10,11,31,3,4,5,12,13
94,4,ambiguity_onset,False,2548,Gölge etme başka ihsan istemem.,negation,semantic,after,etme,başka,istemem.,et-NEG.IMP.2SG,et-me,6,10,11,31,3,4,5,12,13
94,5,cue_onset,False,2549,Gölge etme başka ihsan istemem.,negation,semantic,after,etme,başka,istemem.,et-NEG.IMP.2SG,et-me,6,10,11,31,3,4,5,12,13
94,6,cue_onset,False,2550,Gölge etme başka ihsan istemem.,negation,semantic,after,etme,başka,istemem.,et-NEG.IMP.2SG,et-me,6,10,11,31,3,4,5,12,13
94,7,cue_onset,False,2551,Gölge etme başka ihsan istemem.,negation,semantic,after,etme,başka,istemem.,et-NEG.IMP.2SG,et-me,6,10,11,31,3,4,5,12,13
94,8,cue_onset,False,2552,Gölge etme başka ihsan istemem.,negation,semantic,after,etme,başka,istemem.,et-NEG.IMP.2SG,et-me,6,10,11,31,3,4,5,12,13
94,9,cue_onset,False,2553,Gölge etme başka ihsan istemem.,negation,semantic,after,etme,başka,istemem.,et-NEG.IMP.2SG,et-me,6,10,11,31,3,4,5,12,13
94,10,cue_onset,False,2554,Gölge etme başka ihsan istemem.,negation,semantic,after,etme,başka,istemem.,et-NEG.IMP.2SG,et-me,6,10,11,31,3,4,5,12,13
94,11,cue_onset,False,2555,Gölge etme başka ihsan istemem.,negation,semantic,after,etme,başka,istemem.,et-NEG.IMP.2SG,et-me,6,10,11,31,3,4,5,12,13
94,12,full_sentence,True,2556,Gölge etme başka ihsan istemem.,negation,semantic,after,etme,başka,istemem.,et-NEG.IMP.2SG,et-me,6,10,11,31,3,4,5,12,13
95,0,pre_ambiguity,False,2557,Karar verme sadece ilk izlenime bakıp.,negation,semantic,after,verme,sadece,bakıp.,ver-NEG.IMP.2SG,ver-me,6,11,12,38,2,3,4,13,14
95,1,pre_ambiguity,False,2558,Karar verme sadece ilk izlenime bakıp.,negation,semantic,after,verme,sadece,bakıp.,ver-NEG.IMP.2SG,ver-me,6,11,12,38,2,3,4,13,14
95,2,ambiguity_onset,False,2559,Karar verme sadece ilk izlenime bakıp.,negation,semantic,after,verme,sadece,bakıp.,ver-NEG.IMP.2SG,ver-me,6,11,12,38,2,3,4,13,14
95,3,ambiguity_onset,False,2560,Karar verme sadece ilk izlenime bakıp.,negation,semantic,after,verme,sadece,bakıp.,ver-NEG.IMP.2SG,ver-me,6,11,12,38,2,3,4,13,14
95,4,cue_onset,False,2561,Karar verme sadece ilk izlenime bakıp.,negation,semantic,after,verme,sadece,bakıp.,ver-NEG.IMP.2SG,ver-me,6,11,12,38,2,3,4,13,14
95,5,cue_onset,False,2562,Karar verme sadece ilk izlenime bakıp.,negation,semantic,after,verme,sadece,bakıp.,ver-NEG.IMP.2SG,ver-me,6,11,12,38,2,3,4,13,14
95,6,cue_onset,False,2563,Karar verme sadece ilk izlenime bakıp.,negation,semantic,after,verme,sadece,bakıp.,ver-NEG.IMP.2SG,ver-me,6,11,12,38,2,3,4,13,14
95,7,cue_onset,False,2564,Karar verme sadece ilk izlenime bakıp.,negation,semantic,after,verme,sadece,bakıp.,ver-NEG.IMP.2SG,ver-me,6,11,12,38,2,3,4,13,14
95,8,cue_onset,False,2565,Karar verme sadece ilk izlenime bakıp.,negation,semantic,after,verme,sadece,bakıp.,ver-NEG.IMP.2SG,ver-me,6,11,12,38,2,3,4,13,14
95,9,cue_onset,False,2566,Karar verme sadece ilk izlenime bakıp.,negation,semantic,after,verme,sadece,bakıp.,ver-NEG.IMP.2SG,ver-me,6,11,12,38,2,3,4,13,14
95,10,cue_onset,False,2567,Karar verme sadece ilk izlenime bakıp.,negation,semantic,after,verme,sadece,bakıp.,ver-NEG.IMP.2SG,ver-me,6,11,12,38,2,3,4,13,14
95,11,cue_onset,False,2568,Karar verme sadece ilk izlenime bakıp.,negation,semantic,after,verme,sadece,bakıp.,ver-NEG.IMP.2SG,ver-me,6,11,12,38,2,3,4,13,14
95,12,cue_onset,False,2569,Karar verme sadece ilk izlenime bakıp.,negation,semantic,after,verme,sadece,bakıp.,ver-NEG.IMP.2SG,ver-me,6,11,12,38,2,3,4,13,14
95,13,full_sentence,True,2570,Karar verme sadece ilk izlenime bakıp.,negation,semantic,after,verme,sadece,bakıp.,ver-NEG.IMP.2SG,ver-me,6,11,12,38,2,3,4,13,14
96,0,pre_ambiguity,False,2571,Kimseyle paylaşma eğer kaynağını kontrol etmediysen.,negation,semantic,after,paylaşma,eğer,etmediysen.,paylaş-NEG.IMP.2SG,paylaş-ma,9,17,18,52,3,4,5,13,14
96,1,pre_ambiguity,False,2572,Kimseyle paylaşma eğer kaynağını kontrol etmediysen.,negation,semantic,after,paylaşma,eğer,etmediysen.,paylaş-NEG.IMP.2SG,paylaş-ma,9,17,18,52,3,4,5,13,14
96,2,pre_ambiguity,False,2573,Kimseyle paylaşma eğer kaynağını kontrol etmediysen.,negation,semantic,after,paylaşma,eğer,etmediysen.,paylaş-NEG.IMP.2SG,paylaş-ma,9,17,18,52,3,4,5,13,14
96,3,ambiguity_onset,False,2574,Kimseyle paylaşma eğer kaynağını kontrol etmediysen.,negation,semantic,after,paylaşma,eğer,etmediysen.,paylaş-NEG.IMP.2SG,paylaş-ma,9,17,18,52,3,4,5,13,14
96,4,ambiguity_onset,False,2575,Kimseyle paylaşma eğer kaynağını kontrol etmediysen.,negation,semantic,after,paylaşma,eğer,etmediysen.,paylaş-NEG.IMP.2SG,paylaş-ma,9,17,18,52,3,4,5,13,14
96,5,cue_onset,False,2576,Kimseyle paylaşma eğer kaynağını kontrol etmediysen.,negation,semantic,after,paylaşma,eğer,etmediysen.,paylaş-NEG.IMP.2SG,paylaş-ma,9,17,18,52,3,4,5,13,14
96,6,cue_onset,False,2577,Kimseyle paylaşma eğer kaynağını kontrol etmediysen.,negation,semantic,after,paylaşma,eğer,etmediysen.,paylaş-NEG.IMP.2SG,paylaş-ma,9,17,18,52,3,4,5,13,14
96,7,cue_onset,False,2578,Kimseyle paylaşma eğer kaynağını kontrol etmediysen.,negation,semantic,after,paylaşma,eğer,etmediysen.,paylaş-NEG.IMP.2SG,paylaş-ma,9,17,18,52,3,4,5,13,14
96,8,cue_onset,False,2579,Kimseyle paylaşma eğer kaynağını kontrol etmediysen.,negation,semantic,after,paylaşma,eğer,etmediysen.,paylaş-NEG.IMP.2SG,paylaş-ma,9,17,18,52,3,4,5,13,14
96,9,cue_onset,False,2580,Kimseyle paylaşma eğer kaynağını kontrol etmediysen.,negation,semantic,after,paylaşma,eğer,etmediysen.,paylaş-NEG.IMP.2SG,paylaş-ma,9,17,18,52,3,4,5,13,14
96,10,cue_onset,False,2581,Kimseyle paylaşma eğer kaynağını kontrol etmediysen.,negation,semantic,after,paylaşma,eğer,etmediysen.,paylaş-NEG.IMP.2SG,paylaş-ma,9,17,18,52,3,4,5,13,14
96,11,cue_onset,False,2582,Kimseyle paylaşma eğer kaynağını kontrol etmediysen.,negation,semantic,after,paylaşma,eğer,etmediysen.,paylaş-NEG.IMP.2SG,paylaş-ma,9,17,18,52,3,4,5,13,14
96,12,cue_onset,False,2583,Kimseyle paylaşma eğer kaynağını kontrol etmediysen.,negation,semantic,after,paylaşma,eğer,etmediysen.,paylaş-NEG.IMP.2SG,paylaş-ma,9,17,18,52,3,4,5,13,14
96,13,full_sentence,True,2584,Kimseyle paylaşma eğer kaynağını kontrol etmediysen.,negation,semantic,after,paylaşma,eğer,etmediysen.,paylaş-NEG.IMP.2SG,paylaş-ma,9,17,18,52,3,4,5,13,14
97,0,pre_ambiguity,False,2585,Kapı çarpma arabadan inerken.,negation,semantic,after,çarpma,arabadan,inerken.,çarp-NEG.IMP.2SG,çarp-ma,5,11,12,29,3,4,5,11,12
97,1,pre_ambiguity,False,2586,Kapı çarpma arabadan inerken.,negation,semantic,after,çarpma,arabadan,inerken.,çarp-NEG.IMP.2SG,çarp-ma,5,11,12,29,3,4,5,11,12
97,2,pre_ambiguity,False,2587,Kapı çarpma arabadan inerken.,negation,semantic,after,çarpma,arabadan,inerken.,çarp-NEG.IMP.2SG,çarp-ma,5,11,12,29,3,4,5,11,12
97,3,ambiguity_onset,False,2588,Kapı çarpma arabadan inerken.,negation,semantic,after,çarpma,arabadan,inerken.,çarp-NEG.IMP.2SG,çarp-ma,5,11,12,29,3,4,5,11,12
97,4,ambiguity_onset,False,2589,Kapı çarpma arabadan inerken.,negation,semantic,after,çarpma,arabadan,inerken.,çarp-NEG.IMP.2SG,çarp-ma,5,11,12,29,3,4,5,11,12
97,5,cue_onset,False,2590,Kapı çarpma arabadan inerken.,negation,semantic,after,çarpma,arabadan,inerken.,çarp-NEG.IMP.2SG,çarp-ma,5,11,12,29,3,4,5,11,12
97,6,cue_onset,False,2591,Kapı çarpma arabadan inerken.,negation,semantic,after,çarpma,arabadan,inerken.,çarp-NEG.IMP.2SG,çarp-ma,5,11,12,29,3,4,5,11,12
97,7,cue_onset,False,2592,Kapı çarpma arabadan inerken.,negation,semantic,after,çarpma,arabadan,inerken.,çarp-NEG.IMP.2SG,çarp-ma,5,11,12,29,3,4,5,11,12
97,8,cue_onset,False,2593,Kapı çarpma arabadan inerken.,negation,semantic,after,çarpma,arabadan,inerken.,çarp-NEG.IMP.2SG,çarp-ma,5,11,12,29,3,4,5,11,12
97,9,cue_onset,False,2594,Kapı çarpma arabadan inerken.,negation,semantic,after,çarpma,arabadan,inerken.,çarp-NEG.IMP.2SG,çarp-ma,5,11,12,29,3,4,5,11,12
97,10,cue_onset,False,2595,Kapı çarpma arabadan inerken.,negation,semantic,after,çarpma,arabadan,inerken.,çarp-NEG.IMP.2SG,çarp-ma,5,11,12,29,3,4,5,11,12
97,11,full_sentence,True,2596,Kapı çarpma arabadan inerken.,negation,semantic,after,çarpma,arabadan,inerken.,çarp-NEG.IMP.2SG,çarp-ma,5,11,12,29,3,4,5,11,12
98,0,pre_ambiguity,False,2597,"Kırıtarak yürüme, adam gibi davran.",negation,semantic,after,yürüme,adam,davran.,yürü-NEG.IMP.2SG,yürü-me,10,16,18,35,5,7,9,12,13
98,1,pre_ambiguity,False,2598,"Kırıtarak yürüme, adam gibi davran.",negation,semantic,after,yürüme,adam,davran.,yürü-NEG.IMP.2SG,yürü-me,10,16,18,35,5,7,9,12,13
98,2,pre_ambiguity,False,2599,"Kırıtarak yürüme, adam gibi davran.",negation,semantic,after,yürüme,adam,davran.,yürü-NEG.IMP.2SG,yürü-me,10,16,18,35,5,7,9,12,13
98,3,pre_ambiguity,False,2600,"Kırıtarak yürüme, adam gibi davran.",negation,semantic,after,yürüme,adam,davran.,yürü-NEG.IMP.2SG,yürü-me,10,16,18,35,5,7,9,12,13
98,4,pre_ambiguity,False,2601,"Kırıtarak yürüme, adam gibi davran.",negation,semantic,after,yürüme,adam,davran.,yürü-NEG.IMP.2SG,yürü-me,10,16,18,35,5,7,9,12,13
98,5,ambiguity_onset,False,2602,"Kırıtarak yürüme, adam gibi davran.",negation,semantic,after,yürüme,adam,davran.,yürü-NEG.IMP.2SG,yürü-me,10,16,18,35,5,7,9,12,13
98,6,ambiguity_onset,False,2603,"Kırıtarak yürüme, adam gibi davran.",negation,semantic,after,yürüme,adam,davran.,yürü-NEG.IMP.2SG,yürü-me,10,16,18,35,5,7,9,12,13
98,7,ambiguity_onset,False,2604,"Kırıtarak yürüme, adam gibi davran.",negation,semantic,after,yürüme,adam,davran.,yürü-NEG.IMP.2SG,yürü-me,10,16,18,35,5,7,9,12,13
98,8,post_ambiguity_pre_cue,False,2605,"Kırıtarak yürüme, adam gibi davran.",negation,semantic,after,yürüme,adam,davran.,yürü-NEG.IMP.2SG,yürü-me,10,16,18,35,5,7,9,12,13
98,9,cue_onset,False,2606,"Kırıtarak yürüme, adam gibi davran.",negation,semantic,after,yürüme,adam,davran.,yürü-NEG.IMP.2SG,yürü-me,10,16,18,35,5,7,9,12,13
98,10,cue_onset,False,2607,"Kırıtarak yürüme, adam gibi davran.",negation,semantic,after,yürüme,adam,davran.,yürü-NEG.IMP.2SG,yürü-me,10,16,18,35,5,7,9,12,13
98,11,cue_onset,False,2608,"Kırıtarak yürüme, adam gibi davran.",negation,semantic,after,yürüme,adam,davran.,yürü-NEG.IMP.2SG,yürü-me,10,16,18,35,5,7,9,12,13
98,12,full_sentence,True,2609,"Kırıtarak yürüme, adam gibi davran.",negation,semantic,after,yürüme,adam,davran.,yürü-NEG.IMP.2SG,yürü-me,10,16,18,35,5,7,9,12,13
99,0,ambiguity_onset,False,2610,Araştırma ARGE'nin anlamında geçiyor diye biliyorum.,nominalizer,semantic,after,araştırma,ARGE'nin,geçiyor,araştır-NMLZ,araştır-ma,0,9,10,36,0,2,3,10,18
99,1,ambiguity_onset,False,2611,Araştırma ARGE'nin anlamında geçiyor diye biliyorum.,nominalizer,semantic,after,araştırma,ARGE'nin,geçiyor,araştır-NMLZ,araştır-ma,0,9,10,36,0,2,3,10,18
99,2,ambiguity_onset,False,2612,Araştırma ARGE'nin anlamında geçiyor diye biliyorum.,nominalizer,semantic,after,araştırma,ARGE'nin,geçiyor,araştır-NMLZ,araştır-ma,0,9,10,36,0,2,3,10,18
99,3,cue_onset,False,2613,Araştırma ARGE'nin anlamında geçiyor diye biliyorum.,nominalizer,semantic,after,araştırma,ARGE'nin,geçiyor,araştır-NMLZ,araştır-ma,0,9,10,36,0,2,3,10,18
99,4,cue_onset,False,2614,Araştırma ARGE'nin anlamında geçiyor diye biliyorum.,nominalizer,semantic,after,araştırma,ARGE'nin,geçiyor,araştır-NMLZ,araştır-ma,0,9,10,36,0,2,3,10,18
99,5,cue_onset,False,2615,Araştırma ARGE'nin anlamında geçiyor diye biliyorum.,nominalizer,semantic,after,araştırma,ARGE'nin,geçiyor,araştır-NMLZ,araştır-ma,0,9,10,36,0,2,3,10,18
99,6,cue_onset,False,2616,Araştırma ARGE'nin anlamında geçiyor diye biliyorum.,nominalizer,semantic,after,araştırma,ARGE'nin,geçiyor,araştır-NMLZ,araştır-ma,0,9,10,36,0,2,3,10,18
99,7,cue_onset,False,2617,Araştırma ARGE'nin anlamında geçiyor diye biliyorum.,nominalizer,semantic,after,araştırma,ARGE'nin,geçiyor,araştır-NMLZ,araştır-ma,0,9,10,36,0,2,3,10,18
99,8,cue_onset,False,2618,Araştırma ARGE'nin anlamında geçiyor diye biliyorum.,nominalizer,semantic,after,araştırma,ARGE'nin,geçiyor,araştır-NMLZ,araştır-ma,0,9,10,36,0,2,3,10,18
99,9,cue_onset,False,2619,Araştırma ARGE'nin anlamında geçiyor diye biliyorum.,nominalizer,semantic,after,araştırma,ARGE'nin,geçiyor,araştır-NMLZ,araştır-ma,0,9,10,36,0,2,3,10,18
99,10,cue_onset,False,2620,Araştırma ARGE'nin anlamında geçiyor diye biliyorum.,nominalizer,semantic,after,araştırma,ARGE'nin,geçiyor,araştır-NMLZ,araştır-ma,0,9,10,36,0,2,3,10,18
99,11,post_cue,False,2621,Araştırma ARGE'nin anlamında geçiyor diye biliyorum.,nominalizer,semantic,after,araştırma,ARGE'nin,geçiyor,araştır-NMLZ,araştır-ma,0,9,10,36,0,2,3,10,18
99,12,post_cue,False,2622,Araştırma ARGE'nin anlamında geçiyor diye biliyorum.,nominalizer,semantic,after,araştırma,ARGE'nin,geçiyor,araştır-NMLZ,araştır-ma,0,9,10,36,0,2,3,10,18
99,13,post_cue,False,2623,Araştırma ARGE'nin anlamında geçiyor diye biliyorum.,nominalizer,semantic,after,araştırma,ARGE'nin,geçiyor,araştır-NMLZ,araştır-ma,0,9,10,36,0,2,3,10,18
99,14,post_cue,False,2624,Araştırma ARGE'nin anlamında geçiyor diye biliyorum.,nominalizer,semantic,after,araştırma,ARGE'nin,geçiyor,araştır-NMLZ,araştır-ma,0,9,10,36,0,2,3,10,18
99,15,post_cue,False,2625,Araştırma ARGE'nin anlamında geçiyor diye biliyorum.,nominalizer,semantic,after,araştırma,ARGE'nin,geçiyor,araştır-NMLZ,araştır-ma,0,9,10,36,0,2,3,10,18
99,16,post_cue,False,2626,Araştırma ARGE'nin anlamında geçiyor diye biliyorum.,nominalizer,semantic,after,araştırma,ARGE'nin,geçiyor,araştır-NMLZ,araştır-ma,0,9,10,36,0,2,3,10,18
99,17,full_sentence,True,2627,Araştırma ARGE'nin anlamında geçiyor diye biliyorum.,nominalizer,semantic,after,araştırma,ARGE'nin,geçiyor,araştır-NMLZ,araştır-ma,0,9,10,36,0,2,3,10,18
100,0,pre_ambiguity,False,2628,Karısını aldatma adamın aklındaki tek düşünceydi.,nominalizer,semantic,after,aldatma,adamın,düşünceydi.,aldat-NMLZ,aldat-ma,9,16,17,49,3,5,6,15,16
100,1,pre_ambiguity,False,2629,Karısını aldatma adamın aklındaki tek düşünceydi.,nominalizer,semantic,after,aldatma,adamın,düşünceydi.,aldat-NMLZ,aldat-ma,9,16,17,49,3,5,6,15,16
100,2,pre_ambiguity,False,2630,Karısını aldatma adamın aklındaki tek düşünceydi.,nominalizer,semantic,after,aldatma,adamın,düşünceydi.,aldat-NMLZ,aldat-ma,9,16,17,49,3,5,6,15,16
100,3,ambiguity_onset,False,2631,Karısını aldatma adamın aklındaki tek düşünceydi.,nominalizer,semantic,after,aldatma,adamın,düşünceydi.,aldat-NMLZ,aldat-ma,9,16,17,49,3,5,6,15,16
100,4,ambiguity_onset,False,2632,Karısını aldatma adamın aklındaki tek düşünceydi.,nominalizer,semantic,after,aldatma,adamın,düşünceydi.,aldat-NMLZ,aldat-ma,9,16,17,49,3,5,6,15,16
100,5,ambiguity_onset,False,2633,Karısını aldatma adamın aklındaki tek düşünceydi.,nominalizer,semantic,after,aldatma,adamın,düşünceydi.,aldat-NMLZ,aldat-ma,9,16,17,49,3,5,6,15,16
100,6,cue_onset,False,2634,Karısını aldatma adamın aklındaki tek düşünceydi.,nominalizer,semantic,after,aldatma,adamın,düşünceydi.,aldat-NMLZ,aldat-ma,9,16,17,49,3,5,6,15,16
100,7,cue_onset,False,2635,Karısını aldatma adamın aklındaki tek düşünceydi.,nominalizer,semantic,after,aldatma,adamın,düşünceydi.,aldat-NMLZ,aldat-ma,9,16,17,49,3,5,6,15,16
100,8,cue_onset,False,2636,Karısını aldatma adamın aklındaki tek düşünceydi.,nominalizer,semantic,after,aldatma,adamın,düşünceydi.,aldat-NMLZ,aldat-ma,9,16,17,49,3,5,6,15,16
100,9,cue_onset,False,2637,Karısını aldatma adamın aklındaki tek düşünceydi.,nominalizer,semantic,after,aldatma,adamın,düşünceydi.,aldat-NMLZ,aldat-ma,9,16,17,49,3,5,6,15,16
100,10,cue_onset,False,2638,Karısını aldatma adamın aklındaki tek düşünceydi.,nominalizer,semantic,after,aldatma,adamın,düşünceydi.,aldat-NMLZ,aldat-ma,9,16,17,49,3,5,6,15,16
100,11,cue_onset,False,2639,Karısını aldatma adamın aklındaki tek düşünceydi.,nominalizer,semantic,after,aldatma,adamın,düşünceydi.,aldat-NMLZ,aldat-ma,9,16,17,49,3,5,6,15,16
100,12,cue_onset,False,2640,Karısını aldatma adamın aklındaki tek düşünceydi.,nominalizer,semantic,after,aldatma,adamın,düşünceydi.,aldat-NMLZ,aldat-ma,9,16,17,49,3,5,6,15,16
100,13,cue_onset,False,2641,Karısını aldatma adamın aklındaki tek düşünceydi.,nominalizer,semantic,after,aldatma,adamın,düşünceydi.,aldat-NMLZ,aldat-ma,9,16,17,49,3,5,6,15,16
100,14,cue_onset,False,2642,Karısını aldatma adamın aklındaki tek düşünceydi.,nominalizer,semantic,after,aldatma,adamın,düşünceydi.,aldat-NMLZ,aldat-ma,9,16,17,49,3,5,6,15,16
100,15,full_sentence,True,2643,Karısını aldatma adamın aklındaki tek düşünceydi.,nominalizer,semantic,after,aldatma,adamın,düşünceydi.,aldat-NMLZ,aldat-ma,9,16,17,49,3,5,6,15,16
101,0,pre_ambiguity,False,2644,Güçsüzleri savunma idi Ayşe'nin yegane dileği.,nominalizer,semantic,after,savunma,Ayşe'nin,dileği.,savun-NMLZ,savun-ma,11,18,23,46,6,8,10,19,20
101,1,pre_ambiguity,False,2645,Güçsüzleri savunma idi Ayşe'nin yegane dileği.,nominalizer,semantic,after,savunma,Ayşe'nin,dileği.,savun-NMLZ,savun-ma,11,18,23,46,6,8,10,19,20
101,2,pre_ambiguity,False,2646,Güçsüzleri savunma idi Ayşe'nin yegane dileği.,nominalizer,semantic,after,savunma,Ayşe'nin,dileği.,savun-NMLZ,savun-ma,11,18,23,46,6,8,10,19,20
101,3,pre_ambiguity,False,2647,Güçsüzleri savunma idi Ayşe'nin yegane dileği.,nominalizer,semantic,after,savunma,Ayşe'nin,dileği.,savun-NMLZ,savun-ma,11,18,23,46,6,8,10,19,20
101,4,pre_ambiguity,False,2648,Güçsüzleri savunma idi Ayşe'nin yegane dileği.,nominalizer,semantic,after,savunma,Ayşe'nin,dileği.,savun-NMLZ,savun-ma,11,18,23,46,6,8,10,19,20
101,5,pre_ambiguity,False,2649,Güçsüzleri savunma idi Ayşe'nin yegane dileği.,nominalizer,semantic,after,savunma,Ayşe'nin,dileği.,savun-NMLZ,savun-ma,11,18,23,46,6,8,10,19,20
101,6,ambiguity_onset,False,2650,Güçsüzleri savunma idi Ayşe'nin yegane dileği.,nominalizer,semantic,after,savunma,Ayşe'nin,dileği.,savun-NMLZ,savun-ma,11,18,23,46,6,8,10,19,20
101,7,ambiguity_onset,False,2651,Güçsüzleri savunma idi Ayşe'nin yegane dileği.,nominalizer,semantic,after,savunma,Ayşe'nin,dileği.,savun-NMLZ,savun-ma,11,18,23,46,6,8,10,19,20
101,8,ambiguity_onset,False,2652,Güçsüzleri savunma idi Ayşe'nin yegane dileği.,nominalizer,semantic,after,savunma,Ayşe'nin,dileği.,savun-NMLZ,savun-ma,11,18,23,46,6,8,10,19,20
101,9,post_ambiguity_pre_cue,False,2653,Güçsüzleri savunma idi Ayşe'nin yegane dileği.,nominalizer,semantic,after,savunma,Ayşe'nin,dileği.,savun-NMLZ,savun-ma,11,18,23,46,6,8,10,19,20
101,10,cue_onset,False,2654,Güçsüzleri savunma idi Ayşe'nin yegane dileği.,nominalizer,semantic,after,savunma,Ayşe'nin,dileği.,savun-NMLZ,savun-ma,11,18,23,46,6,8,10,19,20
101,11,cue_onset,False,2655,Güçsüzleri savunma idi Ayşe'nin yegane dileği.,nominalizer,semantic,after,savunma,Ayşe'nin,dileği.,savun-NMLZ,savun-ma,11,18,23,46,6,8,10,19,20
101,12,cue_onset,False,2656,Güçsüzleri savunma idi Ayşe'nin yegane dileği.,nominalizer,semantic,after,savunma,Ayşe'nin,dileği.,savun-NMLZ,savun-ma,11,18,23,46,6,8,10,19,20
101,13,cue_onset,False,2657,Güçsüzleri savunma idi Ayşe'nin yegane dileği.,nominalizer,semantic,after,savunma,Ayşe'nin,dileği.,savun-NMLZ,savun-ma,11,18,23,46,6,8,10,19,20
101,14,cue_onset,False,2658,Güçsüzleri savunma idi Ayşe'nin yegane dileği.,nominalizer,semantic,after,savunma,Ayşe'nin,dileği.,savun-NMLZ,savun-ma,11,18,23,46,6,8,10,19,20
101,15,cue_onset,False,2659,Güçsüzleri savunma idi Ayşe'nin yegane dileği.,nominalizer,semantic,after,savunma,Ayşe'nin,dileği.,savun-NMLZ,savun-ma,11,18,23,46,6,8,10,19,20
101,16,cue_onset,False,2660,Güçsüzleri savunma idi Ayşe'nin yegane dileği.,nominalizer,semantic,after,savunma,Ayşe'nin,dileği.,savun-NMLZ,savun-ma,11,18,23,46,6,8,10,19,20
101,17,cue_onset,False,2661,Güçsüzleri savunma idi Ayşe'nin yegane dileği.,nominalizer,semantic,after,savunma,Ayşe'nin,dileği.,savun-NMLZ,savun-ma,11,18,23,46,6,8,10,19,20
101,18,cue_onset,False,2662,Güçsüzleri savunma idi Ayşe'nin yegane dileği.,nominalizer,semantic,after,savunma,Ayşe'nin,dileği.,savun-NMLZ,savun-ma,11,18,23,46,6,8,10,19,20
101,19,full_sentence,True,2663,Güçsüzleri savunma idi Ayşe'nin yegane dileği.,nominalizer,semantic,after,savunma,Ayşe'nin,dileği.,savun-NMLZ,savun-ma,11,18,23,46,6,8,10,19,20
102,0,pre_ambiguity,False,2664,"Bu konuyu araştırma, Ali'nin duyduğu önergelerden biriydi.",nominalizer,semantic,after,araştırma,Ali'nin,biriydi.,araştır-NMLZ,araştır-ma,10,19,21,58,4,4,6,18,19
102,1,pre_ambiguity,False,2665,"Bu konuyu araştırma, Ali'nin duyduğu önergelerden biriydi.",nominalizer,semantic,after,araştırma,Ali'nin,biriydi.,araştır-NMLZ,araştır-ma,10,19,21,58,4,4,6,18,19
102,2,pre_ambiguity,False,2666,"Bu konuyu araştırma, Ali'nin duyduğu önergelerden biriydi.",nominalizer,semantic,after,araştırma,Ali'nin,biriydi.,araştır-NMLZ,araştır-ma,10,19,21,58,4,4,6,18,19
102,3,pre_ambiguity,False,2667,"Bu konuyu araştırma, Ali'nin duyduğu önergelerden biriydi.",nominalizer,semantic,after,araştırma,Ali'nin,biriydi.,araştır-NMLZ,araştır-ma,10,19,21,58,4,4,6,18,19
102,4,ambiguity_onset,False,2668,"Bu konuyu araştırma, Ali'nin duyduğu önergelerden biriydi.",nominalizer,semantic,after,araştırma,Ali'nin,biriydi.,araştır-NMLZ,araştır-ma,10,19,21,58,4,4,6,18,19
102,5,post_ambiguity_pre_cue,False,2669,"Bu konuyu araştırma, Ali'nin duyduğu önergelerden biriydi.",nominalizer,semantic,after,araştırma,Ali'nin,biriydi.,araştır-NMLZ,araştır-ma,10,19,21,58,4,4,6,18,19
102,6,cue_onset,False,2670,"Bu konuyu araştırma, Ali'nin duyduğu önergelerden biriydi.",nominalizer,semantic,after,araştırma,Ali'nin,biriydi.,araştır-NMLZ,araştır-ma,10,19,21,58,4,4,6,18,19
102,7,cue_onset,False,2671,"Bu konuyu araştırma, Ali'nin duyduğu önergelerden biriydi.",nominalizer,semantic,after,araştırma,Ali'nin,biriydi.,araştır-NMLZ,araştır-ma,10,19,21,58,4,4,6,18,19
102,8,cue_onset,False,2672,"Bu konuyu araştırma, Ali'nin duyduğu önergelerden biriydi.",nominalizer,semantic,after,araştırma,Ali'nin,biriydi.,araştır-NMLZ,araştır-ma,10,19,21,58,4,4,6,18,19
102,9,cue_onset,False,2673,"Bu konuyu araştırma, Ali'nin duyduğu önergelerden biriydi.",nominalizer,semantic,after,araştırma,Ali'nin,biriydi.,araştır-NMLZ,araştır-ma,10,19,21,58,4,4,6,18,19
102,10,cue_onset,False,2674,"Bu konuyu araştırma, Ali'nin duyduğu önergelerden biriydi.",nominalizer,semantic,after,araştırma,Ali'nin,biriydi.,araştır-NMLZ,araştır-ma,10,19,21,58,4,4,6,18,19
102,11,cue_onset,False,2675,"Bu konuyu araştırma, Ali'nin duyduğu önergelerden biriydi.",nominalizer,semantic,after,araştırma,Ali'nin,biriydi.,araştır-NMLZ,araştır-ma,10,19,21,58,4,4,6,18,19
102,12,cue_onset,False,2676,"Bu konuyu araştırma, Ali'nin duyduğu önergelerden biriydi.",nominalizer,semantic,after,araştırma,Ali'nin,biriydi.,araştır-NMLZ,araştır-ma,10,19,21,58,4,4,6,18,19
102,13,cue_onset,False,2677,"Bu konuyu araştırma, Ali'nin duyduğu önergelerden biriydi.",nominalizer,semantic,after,araştırma,Ali'nin,biriydi.,araştır-NMLZ,araştır-ma,10,19,21,58,4,4,6,18,19
102,14,cue_onset,False,2678,"Bu konuyu araştırma, Ali'nin duyduğu önergelerden biriydi.",nominalizer,semantic,after,araştırma,Ali'nin,biriydi.,araştır-NMLZ,araştır-ma,10,19,21,58,4,4,6,18,19
102,15,cue_onset,False,2679,"Bu konuyu araştırma, Ali'nin duyduğu önergelerden biriydi.",nominalizer,semantic,after,araştırma,Ali'nin,biriydi.,araştır-NMLZ,araştır-ma,10,19,21,58,4,4,6,18,19
102,16,cue_onset,False,2680,"Bu konuyu araştırma, Ali'nin duyduğu önergelerden biriydi.",nominalizer,semantic,after,araştırma,Ali'nin,biriydi.,araştır-NMLZ,araştır-ma,10,19,21,58,4,4,6,18,19
102,17,cue_onset,False,2681,"Bu konuyu araştırma, Ali'nin duyduğu önergelerden biriydi.",nominalizer,semantic,after,araştırma,Ali'nin,biriydi.,araştır-NMLZ,araştır-ma,10,19,21,58,4,4,6,18,19
102,18,full_sentence,True,2682,"Bu konuyu araştırma, Ali'nin duyduğu önergelerden biriydi.",nominalizer,semantic,after,araştırma,Ali'nin,biriydi.,araştır-NMLZ,araştır-ma,10,19,21,58,4,4,6,18,19
103,0,pre_ambiguity,False,2683,Çöp dökme konuşulan düzenlemelerden biri.,nominalizer,semantic,after,dökme,konuşulan,biri.,dök-NMLZ,dök-me,4,9,10,41,3,5,6,14,15
103,1,pre_ambiguity,False,2684,Çöp dökme konuşulan düzenlemelerden biri.,nominalizer,semantic,after,dökme,konuşulan,biri.,dök-NMLZ,dök-me,4,9,10,41,3,5,6,14,15
103,2,pre_ambiguity,False,2685,Çöp dökme konuşulan düzenlemelerden biri.,nominalizer,semantic,after,dökme,konuşulan,biri.,dök-NMLZ,dök-me,4,9,10,41,3,5,6,14,15
103,3,ambiguity_onset,False,2686,Çöp dökme konuşulan düzenlemelerden biri.,nominalizer,semantic,after,dökme,konuşulan,biri.,dök-NMLZ,dök-me,4,9,10,41,3,5,6,14,15
103,4,ambiguity_onset,False,2687,Çöp dökme konuşulan düzenlemelerden biri.,nominalizer,semantic,after,dökme,konuşulan,biri.,dök-NMLZ,dök-me,4,9,10,41,3,5,6,14,15
103,5,ambiguity_onset,False,2688,Çöp dökme konuşulan düzenlemelerden biri.,nominalizer,semantic,after,dökme,konuşulan,biri.,dök-NMLZ,dök-me,4,9,10,41,3,5,6,14,15
103,6,cue_onset,False,2689,Çöp dökme konuşulan düzenlemelerden biri.,nominalizer,semantic,after,dökme,konuşulan,biri.,dök-NMLZ,dök-me,4,9,10,41,3,5,6,14,15
103,7,cue_onset,False,2690,Çöp dökme konuşulan düzenlemelerden biri.,nominalizer,semantic,after,dökme,konuşulan,biri.,dök-NMLZ,dök-me,4,9,10,41,3,5,6,14,15
103,8,cue_onset,False,2691,Çöp dökme konuşulan düzenlemelerden biri.,nominalizer,semantic,after,dökme,konuşulan,biri.,dök-NMLZ,dök-me,4,9,10,41,3,5,6,14,15
103,9,cue_onset,False,2692,Çöp dökme konuşulan düzenlemelerden biri.,nominalizer,semantic,after,dökme,konuşulan,biri.,dök-NMLZ,dök-me,4,9,10,41,3,5,6,14,15
103,10,cue_onset,False,2693,Çöp dökme konuşulan düzenlemelerden biri.,nominalizer,semantic,after,dökme,konuşulan,biri.,dök-NMLZ,dök-me,4,9,10,41,3,5,6,14,15
103,11,cue_onset,False,2694,Çöp dökme konuşulan düzenlemelerden biri.,nominalizer,semantic,after,dökme,konuşulan,biri.,dök-NMLZ,dök-me,4,9,10,41,3,5,6,14,15
103,12,cue_onset,False,2695,Çöp dökme konuşulan düzenlemelerden biri.,nominalizer,semantic,after,dökme,konuşulan,biri.,dök-NMLZ,dök-me,4,9,10,41,3,5,6,14,15
103,13,cue_onset,False,2696,Çöp dökme konuşulan düzenlemelerden biri.,nominalizer,semantic,after,dökme,konuşulan,biri.,dök-NMLZ,dök-me,4,9,10,41,3,5,6,14,15
103,14,full_sentence,True,2697,Çöp dökme konuşulan düzenlemelerden biri.,nominalizer,semantic,after,dökme,konuşulan,biri.,dök-NMLZ,dök-me,4,9,10,41,3,5,6,14,15
104,0,pre_ambiguity,False,2698,"Bilmiyorum ki, karar verme onun için bir öncelik mi acaba?",nominalizer,semantic,after,verme,onun,öncelik,ver-NMLZ,ver-me,21,26,27,48,9,10,11,18,23
104,1,pre_ambiguity,False,2699,"Bilmiyorum ki, karar verme onun için bir öncelik mi acaba?",nominalizer,semantic,after,verme,onun,öncelik,ver-NMLZ,ver-me,21,26,27,48,9,10,11,18,23
104,2,pre_ambiguity,False,2700,"Bilmiyorum ki, karar verme onun için bir öncelik mi acaba?",nominalizer,semantic,after,verme,onun,öncelik,ver-NMLZ,ver-me,21,26,27,48,9,10,11,18,23
104,3,pre_ambiguity,False,2701,"Bilmiyorum ki, karar verme onun için bir öncelik mi acaba?",nominalizer,semantic,after,verme,onun,öncelik,ver-NMLZ,ver-me,21,26,27,48,9,10,11,18,23
104,4,pre_ambiguity,False,2702,"Bilmiyorum ki, karar verme onun için bir öncelik mi acaba?",nominalizer,semantic,after,verme,onun,öncelik,ver-NMLZ,ver-me,21,26,27,48,9,10,11,18,23
104,5,pre_ambiguity,False,2703,"Bilmiyorum ki, karar verme onun için bir öncelik mi acaba?",nominalizer,semantic,after,verme,onun,öncelik,ver-NMLZ,ver-me,21,26,27,48,9,10,11,18,23
104,6,pre_ambiguity,False,2704,"Bilmiyorum ki, karar verme onun için bir öncelik mi acaba?",nominalizer,semantic,after,verme,onun,öncelik,ver-NMLZ,ver-me,21,26,27,48,9,10,11,18,23
104,7,pre_ambiguity,False,2705,"Bilmiyorum ki, karar verme onun için bir öncelik mi acaba?",nominalizer,semantic,after,verme,onun,öncelik,ver-NMLZ,ver-me,21,26,27,48,9,10,11,18,23
104,8,pre_ambiguity,False,2706,"Bilmiyorum ki, karar verme onun için bir öncelik mi acaba?",nominalizer,semantic,after,verme,onun,öncelik,ver-NMLZ,ver-me,21,26,27,48,9,10,11,18,23
104,9,ambiguity_onset,False,2707,"Bilmiyorum ki, karar verme onun için bir öncelik mi acaba?",nominalizer,semantic,after,verme,onun,öncelik,ver-NMLZ,ver-me,21,26,27,48,9,10,11,18,23
104,10,ambiguity_onset,False,2708,"Bilmiyorum ki, karar verme onun için bir öncelik mi acaba?",nominalizer,semantic,after,verme,onun,öncelik,ver-NMLZ,ver-me,21,26,27,48,9,10,11,18,23
104,11,cue_onset,False,2709,"Bilmiyorum ki, karar verme onun için bir öncelik mi acaba?",nominalizer,semantic,after,verme,onun,öncelik,ver-NMLZ,ver-me,21,26,27,48,9,10,11,18,23
104,12,cue_onset,False,2710,"Bilmiyorum ki, karar verme onun için bir öncelik mi acaba?",nominalizer,semantic,after,verme,onun,öncelik,ver-NMLZ,ver-me,21,26,27,48,9,10,11,18,23
104,13,cue_onset,False,2711,"Bilmiyorum ki, karar verme onun için bir öncelik mi acaba?",nominalizer,semantic,after,verme,onun,öncelik,ver-NMLZ,ver-me,21,26,27,48,9,10,11,18,23
104,14,cue_onset,False,2712,"Bilmiyorum ki, karar verme onun için bir öncelik mi acaba?",nominalizer,semantic,after,verme,onun,öncelik,ver-NMLZ,ver-me,21,26,27,48,9,10,11,18,23
104,15,cue_onset,False,2713,"Bilmiyorum ki, karar verme onun için bir öncelik mi acaba?",nominalizer,semantic,after,verme,onun,öncelik,ver-NMLZ,ver-me,21,26,27,48,9,10,11,18,23
104,16,cue_onset,False,2714,"Bilmiyorum ki, karar verme onun için bir öncelik mi acaba?",nominalizer,semantic,after,verme,onun,öncelik,ver-NMLZ,ver-me,21,26,27,48,9,10,11,18,23
104,17,cue_onset,False,2715,"Bilmiyorum ki, karar verme onun için bir öncelik mi acaba?",nominalizer,semantic,after,verme,onun,öncelik,ver-NMLZ,ver-me,21,26,27,48,9,10,11,18,23
104,18,cue_onset,False,2716,"Bilmiyorum ki, karar verme onun için bir öncelik mi acaba?",nominalizer,semantic,after,verme,onun,öncelik,ver-NMLZ,ver-me,21,26,27,48,9,10,11,18,23
104,19,post_cue,False,2717,"Bilmiyorum ki, karar verme onun için bir öncelik mi acaba?",nominalizer,semantic,after,verme,onun,öncelik,ver-NMLZ,ver-me,21,26,27,48,9,10,11,18,23
104,20,post_cue,False,2718,"Bilmiyorum ki, karar verme onun için bir öncelik mi acaba?",nominalizer,semantic,after,verme,onun,öncelik,ver-NMLZ,ver-me,21,26,27,48,9,10,11,18,23
104,21,post_cue,False,2719,"Bilmiyorum ki, karar verme onun için bir öncelik mi acaba?",nominalizer,semantic,after,verme,onun,öncelik,ver-NMLZ,ver-me,21,26,27,48,9,10,11,18,23
104,22,full_sentence,True,2720,"Bilmiyorum ki, karar verme onun için bir öncelik mi acaba?",nominalizer,semantic,after,verme,onun,öncelik,ver-NMLZ,ver-me,21,26,27,48,9,10,11,18,23
105,0,pre_ambiguity,False,2721,Sırları paylaşma bu grubun kuruluş amaçlarından biridir.,nominalizer,semantic,after,paylaşma,bu,biridir.,paylaş-NMLZ,paylaş-ma,8,16,17,56,3,4,5,15,16
105,1,pre_ambiguity,False,2722,Sırları paylaşma bu grubun kuruluş amaçlarından biridir.,nominalizer,semantic,after,paylaşma,bu,biridir.,paylaş-NMLZ,paylaş-ma,8,16,17,56,3,4,5,15,16
105,2,pre_ambiguity,False,2723,Sırları paylaşma bu grubun kuruluş amaçlarından biridir.,nominalizer,semantic,after,paylaşma,bu,biridir.,paylaş-NMLZ,paylaş-ma,8,16,17,56,3,4,5,15,16
105,3,ambiguity_onset,False,2724,Sırları paylaşma bu grubun kuruluş amaçlarından biridir.,nominalizer,semantic,after,paylaşma,bu,biridir.,paylaş-NMLZ,paylaş-ma,8,16,17,56,3,4,5,15,16
105,4,ambiguity_onset,False,2725,Sırları paylaşma bu grubun kuruluş amaçlarından biridir.,nominalizer,semantic,after,paylaşma,bu,biridir.,paylaş-NMLZ,paylaş-ma,8,16,17,56,3,4,5,15,16
105,5,cue_onset,False,2726,Sırları paylaşma bu grubun kuruluş amaçlarından biridir.,nominalizer,semantic,after,paylaşma,bu,biridir.,paylaş-NMLZ,paylaş-ma,8,16,17,56,3,4,5,15,16
105,6,cue_onset,False,2727,Sırları paylaşma bu grubun kuruluş amaçlarından biridir.,nominalizer,semantic,after,paylaşma,bu,biridir.,paylaş-NMLZ,paylaş-ma,8,16,17,56,3,4,5,15,16
105,7,cue_onset,False,2728,Sırları paylaşma bu grubun kuruluş amaçlarından biridir.,nominalizer,semantic,after,paylaşma,bu,biridir.,paylaş-NMLZ,paylaş-ma,8,16,17,56,3,4,5,15,16
105,8,cue_onset,False,2729,Sırları paylaşma bu grubun kuruluş amaçlarından biridir.,nominalizer,semantic,after,paylaşma,bu,biridir.,paylaş-NMLZ,paylaş-ma,8,16,17,56,3,4,5,15,16
105,9,cue_onset,False,2730,Sırları paylaşma bu grubun kuruluş amaçlarından biridir.,nominalizer,semantic,after,paylaşma,bu,biridir.,paylaş-NMLZ,paylaş-ma,8,16,17,56,3,4,5,15,16
105,10,cue_onset,False,2731,Sırları paylaşma bu grubun kuruluş amaçlarından biridir.,nominalizer,semantic,after,paylaşma,bu,biridir.,paylaş-NMLZ,paylaş-ma,8,16,17,56,3,4,5,15,16
105,11,cue_onset,False,2732,Sırları paylaşma bu grubun kuruluş amaçlarından biridir.,nominalizer,semantic,after,paylaşma,bu,biridir.,paylaş-NMLZ,paylaş-ma,8,16,17,56,3,4,5,15,16
105,12,cue_onset,False,2733,Sırları paylaşma bu grubun kuruluş amaçlarından biridir.,nominalizer,semantic,after,paylaşma,bu,biridir.,paylaş-NMLZ,paylaş-ma,8,16,17,56,3,4,5,15,16
105,13,cue_onset,False,2734,Sırları paylaşma bu grubun kuruluş amaçlarından biridir.,nominalizer,semantic,after,paylaşma,bu,biridir.,paylaş-NMLZ,paylaş-ma,8,16,17,56,3,4,5,15,16
105,14,cue_onset,False,2735,Sırları paylaşma bu grubun kuruluş amaçlarından biridir.,nominalizer,semantic,after,paylaşma,bu,biridir.,paylaş-NMLZ,paylaş-ma,8,16,17,56,3,4,5,15,16
105,15,full_sentence,True,2736,Sırları paylaşma bu grubun kuruluş amaçlarından biridir.,nominalizer,semantic,after,paylaşma,bu,biridir.,paylaş-NMLZ,paylaş-ma,8,16,17,56,3,4,5,15,16
106,0,pre_ambiguity,False,2737,"Açık konuşma, dürüstlük, doğruluk...",nominalizer,semantic,after,konuşma,"dürüstlük,",doğruluk...,konuş-NMLZ,konuş-ma,5,12,14,36,3,3,5,13,14
106,1,pre_ambiguity,False,2738,"Açık konuşma, dürüstlük, doğruluk...",nominalizer,semantic,after,konuşma,"dürüstlük,",doğruluk...,konuş-NMLZ,konuş-ma,5,12,14,36,3,3,5,13,14
106,2,pre_ambiguity,False,2739,"Açık konuşma, dürüstlük, doğruluk...",nominalizer,semantic,after,konuşma,"dürüstlük,",doğruluk...,konuş-NMLZ,konuş-ma,5,12,14,36,3,3,5,13,14
106,3,ambiguity_onset,False,2740,"Açık konuşma, dürüstlük, doğruluk...",nominalizer,semantic,after,konuşma,"dürüstlük,",doğruluk...,konuş-NMLZ,konuş-ma,5,12,14,36,3,3,5,13,14
106,4,post_ambiguity_pre_cue,False,2741,"Açık konuşma, dürüstlük, doğruluk...",nominalizer,semantic,after,konuşma,"dürüstlük,",doğruluk...,konuş-NMLZ,konuş-ma,5,12,14,36,3,3,5,13,14
106,5,cue_onset,False,2742,"Açık konuşma, dürüstlük, doğruluk...",nominalizer,semantic,after,konuşma,"dürüstlük,",doğruluk...,konuş-NMLZ,konuş-ma,5,12,14,36,3,3,5,13,14
106,6,cue_onset,False,2743,"Açık konuşma, dürüstlük, doğruluk...",nominalizer,semantic,after,konuşma,"dürüstlük,",doğruluk...,konuş-NMLZ,konuş-ma,5,12,14,36,3,3,5,13,14
106,7,cue_onset,False,2744,"Açık konuşma, dürüstlük, doğruluk...",nominalizer,semantic,after,konuşma,"dürüstlük,",doğruluk...,konuş-NMLZ,konuş-ma,5,12,14,36,3,3,5,13,14
106,8,cue_onset,False,2745,"Açık konuşma, dürüstlük, doğruluk...",nominalizer,semantic,after,konuşma,"dürüstlük,",doğruluk...,konuş-NMLZ,konuş-ma,5,12,14,36,3,3,5,13,14
106,9,cue_onset,False,2746,"Açık konuşma, dürüstlük, doğruluk...",nominalizer,semantic,after,konuşma,"dürüstlük,",doğruluk...,konuş-NMLZ,konuş-ma,5,12,14,36,3,3,5,13,14
106,10,cue_onset,False,2747,"Açık konuşma, dürüstlük, doğruluk...",nominalizer,semantic,after,konuşma,"dürüstlük,",doğruluk...,konuş-NMLZ,konuş-ma,5,12,14,36,3,3,5,13,14
106,11,cue_onset,False,2748,"Açık konuşma, dürüstlük, doğruluk...",nominalizer,semantic,after,konuşma,"dürüstlük,",doğruluk...,konuş-NMLZ,konuş-ma,5,12,14,36,3,3,5,13,14
106,12,cue_onset,False,2749,"Açık konuşma, dürüstlük, doğruluk...",nominalizer,semantic,after,konuşma,"dürüstlük,",doğruluk...,konuş-NMLZ,konuş-ma,5,12,14,36,3,3,5,13,14
106,13,full_sentence,True,2750,"Açık konuşma, dürüstlük, doğruluk...",nominalizer,semantic,after,konuşma,"dürüstlük,",doğruluk...,konuş-NMLZ,konuş-ma,5,12,14,36,3,3,5,13,14
107,0,pre_ambiguity,False,2751,"Ofiste hep söylenen şeylerin listesi: Geç kalma, verimlilik, motivasyon.",nominalizer,semantic,after,kalma,"verimlilik,",motivasyon.,kal-NMLZ,kal-ma,42,47,49,72,14,15,17,25,26
107,1,pre_ambiguity,False,2752,"Ofiste hep söylenen şeylerin listesi: Geç kalma, verimlilik, motivasyon.",nominalizer,semantic,after,kalma,"verimlilik,",motivasyon.,kal-NMLZ,kal-ma,42,47,49,72,14,15,17,25,26
107,2,pre_ambiguity,False,2753,"Ofiste hep söylenen şeylerin listesi: Geç kalma, verimlilik, motivasyon.",nominalizer,semantic,after,kalma,"verimlilik,",motivasyon.,kal-NMLZ,kal-ma,42,47,49,72,14,15,17,25,26
107,3,pre_ambiguity,False,2754,"Ofiste hep söylenen şeylerin listesi: Geç kalma, verimlilik, motivasyon.",nominalizer,semantic,after,kalma,"verimlilik,",motivasyon.,kal-NMLZ,kal-ma,42,47,49,72,14,15,17,25,26
107,4,pre_ambiguity,False,2755,"Ofiste hep söylenen şeylerin listesi: Geç kalma, verimlilik, motivasyon.",nominalizer,semantic,after,kalma,"verimlilik,",motivasyon.,kal-NMLZ,kal-ma,42,47,49,72,14,15,17,25,26
107,5,pre_ambiguity,False,2756,"Ofiste hep söylenen şeylerin listesi: Geç kalma, verimlilik, motivasyon.",nominalizer,semantic,after,kalma,"verimlilik,",motivasyon.,kal-NMLZ,kal-ma,42,47,49,72,14,15,17,25,26
107,6,pre_ambiguity,False,2757,"Ofiste hep söylenen şeylerin listesi: Geç kalma, verimlilik, motivasyon.",nominalizer,semantic,after,kalma,"verimlilik,",motivasyon.,kal-NMLZ,kal-ma,42,47,49,72,14,15,17,25,26
107,7,pre_ambiguity,False,2758,"Ofiste hep söylenen şeylerin listesi: Geç kalma, verimlilik, motivasyon.",nominalizer,semantic,after,kalma,"verimlilik,",motivasyon.,kal-NMLZ,kal-ma,42,47,49,72,14,15,17,25,26
107,8,pre_ambiguity,False,2759,"Ofiste hep söylenen şeylerin listesi: Geç kalma, verimlilik, motivasyon.",nominalizer,semantic,after,kalma,"verimlilik,",motivasyon.,kal-NMLZ,kal-ma,42,47,49,72,14,15,17,25,26
107,9,pre_ambiguity,False,2760,"Ofiste hep söylenen şeylerin listesi: Geç kalma, verimlilik, motivasyon.",nominalizer,semantic,after,kalma,"verimlilik,",motivasyon.,kal-NMLZ,kal-ma,42,47,49,72,14,15,17,25,26
107,10,pre_ambiguity,False,2761,"Ofiste hep söylenen şeylerin listesi: Geç kalma, verimlilik, motivasyon.",nominalizer,semantic,after,kalma,"verimlilik,",motivasyon.,kal-NMLZ,kal-ma,42,47,49,72,14,15,17,25,26
107,11,pre_ambiguity,False,2762,"Ofiste hep söylenen şeylerin listesi: Geç kalma, verimlilik, motivasyon.",nominalizer,semantic,after,kalma,"verimlilik,",motivasyon.,kal-NMLZ,kal-ma,42,47,49,72,14,15,17,25,26
107,12,pre_ambiguity,False,2763,"Ofiste hep söylenen şeylerin listesi: Geç kalma, verimlilik, motivasyon.",nominalizer,semantic,after,kalma,"verimlilik,",motivasyon.,kal-NMLZ,kal-ma,42,47,49,72,14,15,17,25,26
107,13,pre_ambiguity,False,2764,"Ofiste hep söylenen şeylerin listesi: Geç kalma, verimlilik, motivasyon.",nominalizer,semantic,after,kalma,"verimlilik,",motivasyon.,kal-NMLZ,kal-ma,42,47,49,72,14,15,17,25,26
107,14,ambiguity_onset,False,2765,"Ofiste hep söylenen şeylerin listesi: Geç kalma, verimlilik, motivasyon.",nominalizer,semantic,after,kalma,"verimlilik,",motivasyon.,kal-NMLZ,kal-ma,42,47,49,72,14,15,17,25,26
107,15,ambiguity_onset,False,2766,"Ofiste hep söylenen şeylerin listesi: Geç kalma, verimlilik, motivasyon.",nominalizer,semantic,after,kalma,"verimlilik,",motivasyon.,kal-NMLZ,kal-ma,42,47,49,72,14,15,17,25,26
107,16,post_ambiguity_pre_cue,False,2767,"Ofiste hep söylenen şeylerin listesi: Geç kalma, verimlilik, motivasyon.",nominalizer,semantic,after,kalma,"verimlilik,",motivasyon.,kal-NMLZ,kal-ma,42,47,49,72,14,15,17,25,26
107,17,cue_onset,False,2768,"Ofiste hep söylenen şeylerin listesi: Geç kalma, verimlilik, motivasyon.",nominalizer,semantic,after,kalma,"verimlilik,",motivasyon.,kal-NMLZ,kal-ma,42,47,49,72,14,15,17,25,26
107,18,cue_onset,False,2769,"Ofiste hep söylenen şeylerin listesi: Geç kalma, verimlilik, motivasyon.",nominalizer,semantic,after,kalma,"verimlilik,",motivasyon.,kal-NMLZ,kal-ma,42,47,49,72,14,15,17,25,26
107,19,cue_onset,False,2770,"Ofiste hep söylenen şeylerin listesi: Geç kalma, verimlilik, motivasyon.",nominalizer,semantic,after,kalma,"verimlilik,",motivasyon.,kal-NMLZ,kal-ma,42,47,49,72,14,15,17,25,26
107,20,cue_onset,False,2771,"Ofiste hep söylenen şeylerin listesi: Geç kalma, verimlilik, motivasyon.",nominalizer,semantic,after,kalma,"verimlilik,",motivasyon.,kal-NMLZ,kal-ma,42,47,49,72,14,15,17,25,26
107,21,cue_onset,False,2772,"Ofiste hep söylenen şeylerin listesi: Geç kalma, verimlilik, motivasyon.",nominalizer,semantic,after,kalma,"verimlilik,",motivasyon.,kal-NMLZ,kal-ma,42,47,49,72,14,15,17,25,26
107,22,cue_onset,False,2773,"Ofiste hep söylenen şeylerin listesi: Geç kalma, verimlilik, motivasyon.",nominalizer,semantic,after,kalma,"verimlilik,",motivasyon.,kal-NMLZ,kal-ma,42,47,49,72,14,15,17,25,26
107,23,cue_onset,False,2774,"Ofiste hep söylenen şeylerin listesi: Geç kalma, verimlilik, motivasyon.",nominalizer,semantic,after,kalma,"verimlilik,",motivasyon.,kal-NMLZ,kal-ma,42,47,49,72,14,15,17,25,26
107,24,cue_onset,False,2775,"Ofiste hep söylenen şeylerin listesi: Geç kalma, verimlilik, motivasyon.",nominalizer,semantic,after,kalma,"verimlilik,",motivasyon.,kal-NMLZ,kal-ma,42,47,49,72,14,15,17,25,26
107,25,full_sentence,True,2776,"Ofiste hep söylenen şeylerin listesi: Geç kalma, verimlilik, motivasyon.",nominalizer,semantic,after,kalma,"verimlilik,",motivasyon.,kal-NMLZ,kal-ma,42,47,49,72,14,15,17,25,26
108,0,pre_ambiguity,False,2777,"Okulda hızlı okuma, yarışma hazırlığı gibi ekstra kurslar vardı.",nominalizer,semantic,after,okuma,gibi,vardı.,oku-NMLZ,oku-ma,13,18,38,64,4,5,13,19,20
108,1,pre_ambiguity,False,2778,"Okulda hızlı okuma, yarışma hazırlığı gibi ekstra kurslar vardı.",nominalizer,semantic,after,okuma,gibi,vardı.,oku-NMLZ,oku-ma,13,18,38,64,4,5,13,19,20
108,2,pre_ambiguity,False,2779,"Okulda hızlı okuma, yarışma hazırlığı gibi ekstra kurslar vardı.",nominalizer,semantic,after,okuma,gibi,vardı.,oku-NMLZ,oku-ma,13,18,38,64,4,5,13,19,20
108,3,pre_ambiguity,False,2780,"Okulda hızlı okuma, yarışma hazırlığı gibi ekstra kurslar vardı.",nominalizer,semantic,after,okuma,gibi,vardı.,oku-NMLZ,oku-ma,13,18,38,64,4,5,13,19,20
108,4,ambiguity_onset,False,2781,"Okulda hızlı okuma, yarışma hazırlığı gibi ekstra kurslar vardı.",nominalizer,semantic,after,okuma,gibi,vardı.,oku-NMLZ,oku-ma,13,18,38,64,4,5,13,19,20
108,5,ambiguity_onset,False,2782,"Okulda hızlı okuma, yarışma hazırlığı gibi ekstra kurslar vardı.",nominalizer,semantic,after,okuma,gibi,vardı.,oku-NMLZ,oku-ma,13,18,38,64,4,5,13,19,20
108,6,post_ambiguity_pre_cue,False,2783,"Okulda hızlı okuma, yarışma hazırlığı gibi ekstra kurslar vardı.",nominalizer,semantic,after,okuma,gibi,vardı.,oku-NMLZ,oku-ma,13,18,38,64,4,5,13,19,20
108,7,post_ambiguity_pre_cue,False,2784,"Okulda hızlı okuma, yarışma hazırlığı gibi ekstra kurslar vardı.",nominalizer,semantic,after,okuma,gibi,vardı.,oku-NMLZ,oku-ma,13,18,38,64,4,5,13,19,20
108,8,post_ambiguity_pre_cue,False,2785,"Okulda hızlı okuma, yarışma hazırlığı gibi ekstra kurslar vardı.",nominalizer,semantic,after,okuma,gibi,vardı.,oku-NMLZ,oku-ma,13,18,38,64,4,5,13,19,20
108,9,post_ambiguity_pre_cue,False,2786,"Okulda hızlı okuma, yarışma hazırlığı gibi ekstra kurslar vardı.",nominalizer,semantic,after,okuma,gibi,vardı.,oku-NMLZ,oku-ma,13,18,38,64,4,5,13,19,20
108,10,post_ambiguity_pre_cue,False,2787,"Okulda hızlı okuma, yarışma hazırlığı gibi ekstra kurslar vardı.",nominalizer,semantic,after,okuma,gibi,vardı.,oku-NMLZ,oku-ma,13,18,38,64,4,5,13,19,20
108,11,post_ambiguity_pre_cue,False,2788,"Okulda hızlı okuma, yarışma hazırlığı gibi ekstra kurslar vardı.",nominalizer,semantic,after,okuma,gibi,vardı.,oku-NMLZ,oku-ma,13,18,38,64,4,5,13,19,20
108,12,post_ambiguity_pre_cue,False,2789,"Okulda hızlı okuma, yarışma hazırlığı gibi ekstra kurslar vardı.",nominalizer,semantic,after,okuma,gibi,vardı.,oku-NMLZ,oku-ma,13,18,38,64,4,5,13,19,20
108,13,cue_onset,False,2790,"Okulda hızlı okuma, yarışma hazırlığı gibi ekstra kurslar vardı.",nominalizer,semantic,after,okuma,gibi,vardı.,oku-NMLZ,oku-ma,13,18,38,64,4,5,13,19,20
108,14,cue_onset,False,2791,"Okulda hızlı okuma, yarışma hazırlığı gibi ekstra kurslar vardı.",nominalizer,semantic,after,okuma,gibi,vardı.,oku-NMLZ,oku-ma,13,18,38,64,4,5,13,19,20
108,15,cue_onset,False,2792,"Okulda hızlı okuma, yarışma hazırlığı gibi ekstra kurslar vardı.",nominalizer,semantic,after,okuma,gibi,vardı.,oku-NMLZ,oku-ma,13,18,38,64,4,5,13,19,20
108,16,cue_onset,False,2793,"Okulda hızlı okuma, yarışma hazırlığı gibi ekstra kurslar vardı.",nominalizer,semantic,after,okuma,gibi,vardı.,oku-NMLZ,oku-ma,13,18,38,64,4,5,13,19,20
108,17,cue_onset,False,2794,"Okulda hızlı okuma, yarışma hazırlığı gibi ekstra kurslar vardı.",nominalizer,semantic,after,okuma,gibi,vardı.,oku-NMLZ,oku-ma,13,18,38,64,4,5,13,19,20
108,18,cue_onset,False,2795,"Okulda hızlı okuma, yarışma hazırlığı gibi ekstra kurslar vardı.",nominalizer,semantic,after,okuma,gibi,vardı.,oku-NMLZ,oku-ma,13,18,38,64,4,5,13,19,20
108,19,full_sentence,True,2796,"Okulda hızlı okuma, yarışma hazırlığı gibi ekstra kurslar vardı.",nominalizer,semantic,after,okuma,gibi,vardı.,oku-NMLZ,oku-ma,13,18,38,64,4,5,13,19,20
109,0,ambiguity_onset,False,2797,Bağlama kültürümüzün önemli donelerinden biridir.,nominalizer,semantic,after,bağlama,kültürümüzün,biridir.,bağla-NMLZ,bağla-ma,0,7,8,49,0,2,3,13,14
109,1,ambiguity_onset,False,2798,Bağlama kültürümüzün önemli donelerinden biridir.,nominalizer,semantic,after,bağlama,kültürümüzün,biridir.,bağla-NMLZ,bağla-ma,0,7,8,49,0,2,3,13,14
109,2,ambiguity_onset,False,2799,Bağlama kültürümüzün önemli donelerinden biridir.,nominalizer,semantic,after,bağlama,kültürümüzün,biridir.,bağla-NMLZ,bağla-ma,0,7,8,49,0,2,3,13,14
109,3,cue_onset,False,2800,Bağlama kültürümüzün önemli donelerinden biridir.,nominalizer,semantic,after,bağlama,kültürümüzün,biridir.,bağla-NMLZ,bağla-ma,0,7,8,49,0,2,3,13,14
109,4,cue_onset,False,2801,Bağlama kültürümüzün önemli donelerinden biridir.,nominalizer,semantic,after,bağlama,kültürümüzün,biridir.,bağla-NMLZ,bağla-ma,0,7,8,49,0,2,3,13,14
109,5,cue_onset,False,2802,Bağlama kültürümüzün önemli donelerinden biridir.,nominalizer,semantic,after,bağlama,kültürümüzün,biridir.,bağla-NMLZ,bağla-ma,0,7,8,49,0,2,3,13,14
109,6,cue_onset,False,2803,Bağlama kültürümüzün önemli donelerinden biridir.,nominalizer,semantic,after,bağlama,kültürümüzün,biridir.,bağla-NMLZ,bağla-ma,0,7,8,49,0,2,3,13,14
109,7,cue_onset,False,2804,Bağlama kültürümüzün önemli donelerinden biridir.,nominalizer,semantic,after,bağlama,kültürümüzün,biridir.,bağla-NMLZ,bağla-ma,0,7,8,49,0,2,3,13,14
109,8,cue_onset,False,2805,Bağlama kültürümüzün önemli donelerinden biridir.,nominalizer,semantic,after,bağlama,kültürümüzün,biridir.,bağla-NMLZ,bağla-ma,0,7,8,49,0,2,3,13,14
109,9,cue_onset,False,2806,Bağlama kültürümüzün önemli donelerinden biridir.,nominalizer,semantic,after,bağlama,kültürümüzün,biridir.,bağla-NMLZ,bağla-ma,0,7,8,49,0,2,3,13,14
109,10,cue_onset,False,2807,Bağlama kültürümüzün önemli donelerinden biridir.,nominalizer,semantic,after,bağlama,kültürümüzün,biridir.,bağla-NMLZ,bağla-ma,0,7,8,49,0,2,3,13,14
109,11,cue_onset,False,2808,Bağlama kültürümüzün önemli donelerinden biridir.,nominalizer,semantic,after,bağlama,kültürümüzün,biridir.,bağla-NMLZ,bağla-ma,0,7,8,49,0,2,3,13,14
109,12,cue_onset,False,2809,Bağlama kültürümüzün önemli donelerinden biridir.,nominalizer,semantic,after,bağlama,kültürümüzün,biridir.,bağla-NMLZ,bağla-ma,0,7,8,49,0,2,3,13,14
109,13,full_sentence,True,2810,Bağlama kültürümüzün önemli donelerinden biridir.,nominalizer,semantic,after,bağlama,kültürümüzün,biridir.,bağla-NMLZ,bağla-ma,0,7,8,49,0,2,3,13,14
110,0,pre_ambiguity,False,2811,"Bana mor yazma, Ayşe'ye de kilim.",nominalizer,semantic,after,yazma,Ayşe'ye,kilim.,yaz-NMLZ,yaz-ma,9,14,16,33,3,4,6,13,14
110,1,pre_ambiguity,False,2812,"Bana mor yazma, Ayşe'ye de kilim.",nominalizer,semantic,after,yazma,Ayşe'ye,kilim.,yaz-NMLZ,yaz-ma,9,14,16,33,3,4,6,13,14
110,2,pre_ambiguity,False,2813,"Bana mor yazma, Ayşe'ye de kilim.",nominalizer,semantic,after,yazma,Ayşe'ye,kilim.,yaz-NMLZ,yaz-ma,9,14,16,33,3,4,6,13,14
110,3,ambiguity_onset,False,2814,"Bana mor yazma, Ayşe'ye de kilim.",nominalizer,semantic,after,yazma,Ayşe'ye,kilim.,yaz-NMLZ,yaz-ma,9,14,16,33,3,4,6,13,14
110,4,ambiguity_onset,False,2815,"Bana mor yazma, Ayşe'ye de kilim.",nominalizer,semantic,after,yazma,Ayşe'ye,kilim.,yaz-NMLZ,yaz-ma,9,14,16,33,3,4,6,13,14
110,5,post_ambiguity_pre_cue,False,2816,"Bana mor yazma, Ayşe'ye de kilim.",nominalizer,semantic,after,yazma,Ayşe'ye,kilim.,yaz-NMLZ,yaz-ma,9,14,16,33,3,4,6,13,14
110,6,cue_onset,False,2817,"Bana mor yazma, Ayşe'ye de kilim.",nominalizer,semantic,after,yazma,Ayşe'ye,kilim.,yaz-NMLZ,yaz-ma,9,14,16,33,3,4,6,13,14
110,7,cue_onset,False,2818,"Bana mor yazma, Ayşe'ye de kilim.",nominalizer,semantic,after,yazma,Ayşe'ye,kilim.,yaz-NMLZ,yaz-ma,9,14,16,33,3,4,6,13,14
110,8,cue_onset,False,2819,"Bana mor yazma, Ayşe'ye de kilim.",nominalizer,semantic,after,yazma,Ayşe'ye,kilim.,yaz-NMLZ,yaz-ma,9,14,16,33,3,4,6,13,14
110,9,cue_onset,False,2820,"Bana mor yazma, Ayşe'ye de kilim.",nominalizer,semantic,after,yazma,Ayşe'ye,kilim.,yaz-NMLZ,yaz-ma,9,14,16,33,3,4,6,13,14
110,10,cue_onset,False,2821,"Bana mor yazma, Ayşe'ye de kilim.",nominalizer,semantic,after,yazma,Ayşe'ye,kilim.,yaz-NMLZ,yaz-ma,9,14,16,33,3,4,6,13,14
110,11,cue_onset,False,2822,"Bana mor yazma, Ayşe'ye de kilim.",nominalizer,semantic,after,yazma,Ayşe'ye,kilim.,yaz-NMLZ,yaz-ma,9,14,16,33,3,4,6,13,14
110,12,cue_onset,False,2823,"Bana mor yazma, Ayşe'ye de kilim.",nominalizer,semantic,after,yazma,Ayşe'ye,kilim.,yaz-NMLZ,yaz-ma,9,14,16,33,3,4,6,13,14
110,13,full_sentence,True,2824,"Bana mor yazma, Ayşe'ye de kilim.",nominalizer,semantic,after,yazma,Ayşe'ye,kilim.,yaz-NMLZ,yaz-ma,9,14,16,33,3,4,6,13,14
111,0,pre_ambiguity,False,2825,"Her şeyi düzenleme, simetri hastalığı, aşırı temizlik; bunlar da birer takıntı aslında.",nominalizer,semantic,after,düzenleme,bunlar,takıntı,düzenle-NMLZ,düzenle-me,9,18,55,78,3,3,18,24,27
111,1,pre_ambiguity,False,2826,"Her şeyi düzenleme, simetri hastalığı, aşırı temizlik; bunlar da birer takıntı aslında.",nominalizer,semantic,after,düzenleme,bunlar,takıntı,düzenle-NMLZ,düzenle-me,9,18,55,78,3,3,18,24,27
111,2,pre_ambiguity,False,2827,"Her şeyi düzenleme, simetri hastalığı, aşırı temizlik; bunlar da birer takıntı aslında.",nominalizer,semantic,after,düzenleme,bunlar,takıntı,düzenle-NMLZ,düzenle-me,9,18,55,78,3,3,18,24,27
111,3,ambiguity_onset,False,2828,"Her şeyi düzenleme, simetri hastalığı, aşırı temizlik; bunlar da birer takıntı aslında.",nominalizer,semantic,after,düzenleme,bunlar,takıntı,düzenle-NMLZ,düzenle-me,9,18,55,78,3,3,18,24,27
111,4,post_ambiguity_pre_cue,False,2829,"Her şeyi düzenleme, simetri hastalığı, aşırı temizlik; bunlar da birer takıntı aslında.",nominalizer,semantic,after,düzenleme,bunlar,takıntı,düzenle-NMLZ,düzenle-me,9,18,55,78,3,3,18,24,27
111,5,post_ambiguity_pre_cue,False,2830,"Her şeyi düzenleme, simetri hastalığı, aşırı temizlik; bunlar da birer takıntı aslında.",nominalizer,semantic,after,düzenleme,bunlar,takıntı,düzenle-NMLZ,düzenle-me,9,18,55,78,3,3,18,24,27
111,6,post_ambiguity_pre_cue,False,2831,"Her şeyi düzenleme, simetri hastalığı, aşırı temizlik; bunlar da birer takıntı aslında.",nominalizer,semantic,after,düzenleme,bunlar,takıntı,düzenle-NMLZ,düzenle-me,9,18,55,78,3,3,18,24,27
111,7,post_ambiguity_pre_cue,False,2832,"Her şeyi düzenleme, simetri hastalığı, aşırı temizlik; bunlar da birer takıntı aslında.",nominalizer,semantic,after,düzenleme,bunlar,takıntı,düzenle-NMLZ,düzenle-me,9,18,55,78,3,3,18,24,27
111,8,post_ambiguity_pre_cue,False,2833,"Her şeyi düzenleme, simetri hastalığı, aşırı temizlik; bunlar da birer takıntı aslında.",nominalizer,semantic,after,düzenleme,bunlar,takıntı,düzenle-NMLZ,düzenle-me,9,18,55,78,3,3,18,24,27
111,9,post_ambiguity_pre_cue,False,2834,"Her şeyi düzenleme, simetri hastalığı, aşırı temizlik; bunlar da birer takıntı aslında.",nominalizer,semantic,after,düzenleme,bunlar,takıntı,düzenle-NMLZ,düzenle-me,9,18,55,78,3,3,18,24,27
111,10,post_ambiguity_pre_cue,False,2835,"Her şeyi düzenleme, simetri hastalığı, aşırı temizlik; bunlar da birer takıntı aslında.",nominalizer,semantic,after,düzenleme,bunlar,takıntı,düzenle-NMLZ,düzenle-me,9,18,55,78,3,3,18,24,27
111,11,post_ambiguity_pre_cue,False,2836,"Her şeyi düzenleme, simetri hastalığı, aşırı temizlik; bunlar da birer takıntı aslında.",nominalizer,semantic,after,düzenleme,bunlar,takıntı,düzenle-NMLZ,düzenle-me,9,18,55,78,3,3,18,24,27
111,12,post_ambiguity_pre_cue,False,2837,"Her şeyi düzenleme, simetri hastalığı, aşırı temizlik; bunlar da birer takıntı aslında.",nominalizer,semantic,after,düzenleme,bunlar,takıntı,düzenle-NMLZ,düzenle-me,9,18,55,78,3,3,18,24,27
111,13,post_ambiguity_pre_cue,False,2838,"Her şeyi düzenleme, simetri hastalığı, aşırı temizlik; bunlar da birer takıntı aslında.",nominalizer,semantic,after,düzenleme,bunlar,takıntı,düzenle-NMLZ,düzenle-me,9,18,55,78,3,3,18,24,27
111,14,post_ambiguity_pre_cue,False,2839,"Her şeyi düzenleme, simetri hastalığı, aşırı temizlik; bunlar da birer takıntı aslında.",nominalizer,semantic,after,düzenleme,bunlar,takıntı,düzenle-NMLZ,düzenle-me,9,18,55,78,3,3,18,24,27
111,15,post_ambiguity_pre_cue,False,2840,"Her şeyi düzenleme, simetri hastalığı, aşırı temizlik; bunlar da birer takıntı aslında.",nominalizer,semantic,after,düzenleme,bunlar,takıntı,düzenle-NMLZ,düzenle-me,9,18,55,78,3,3,18,24,27
111,16,post_ambiguity_pre_cue,False,2841,"Her şeyi düzenleme, simetri hastalığı, aşırı temizlik; bunlar da birer takıntı aslında.",nominalizer,semantic,after,düzenleme,bunlar,takıntı,düzenle-NMLZ,düzenle-me,9,18,55,78,3,3,18,24,27
111,17,post_ambiguity_pre_cue,False,2842,"Her şeyi düzenleme, simetri hastalığı, aşırı temizlik; bunlar da birer takıntı aslında.",nominalizer,semantic,after,düzenleme,bunlar,takıntı,düzenle-NMLZ,düzenle-me,9,18,55,78,3,3,18,24,27
111,18,cue_onset,False,2843,"Her şeyi düzenleme, simetri hastalığı, aşırı temizlik; bunlar da birer takıntı aslında.",nominalizer,semantic,after,düzenleme,bunlar,takıntı,düzenle-NMLZ,düzenle-me,9,18,55,78,3,3,18,24,27
111,19,cue_onset,False,2844,"Her şeyi düzenleme, simetri hastalığı, aşırı temizlik; bunlar da birer takıntı aslında.",nominalizer,semantic,after,düzenleme,bunlar,takıntı,düzenle-NMLZ,düzenle-me,9,18,55,78,3,3,18,24,27
111,20,cue_onset,False,2845,"Her şeyi düzenleme, simetri hastalığı, aşırı temizlik; bunlar da birer takıntı aslında.",nominalizer,semantic,after,düzenleme,bunlar,takıntı,düzenle-NMLZ,düzenle-me,9,18,55,78,3,3,18,24,27
111,21,cue_onset,False,2846,"Her şeyi düzenleme, simetri hastalığı, aşırı temizlik; bunlar da birer takıntı aslında.",nominalizer,semantic,after,düzenleme,bunlar,takıntı,düzenle-NMLZ,düzenle-me,9,18,55,78,3,3,18,24,27
111,22,cue_onset,False,2847,"Her şeyi düzenleme, simetri hastalığı, aşırı temizlik; bunlar da birer takıntı aslında.",nominalizer,semantic,after,düzenleme,bunlar,takıntı,düzenle-NMLZ,düzenle-me,9,18,55,78,3,3,18,24,27
111,23,cue_onset,False,2848,"Her şeyi düzenleme, simetri hastalığı, aşırı temizlik; bunlar da birer takıntı aslında.",nominalizer,semantic,after,düzenleme,bunlar,takıntı,düzenle-NMLZ,düzenle-me,9,18,55,78,3,3,18,24,27
111,24,cue_onset,False,2849,"Her şeyi düzenleme, simetri hastalığı, aşırı temizlik; bunlar da birer takıntı aslında.",nominalizer,semantic,after,düzenleme,bunlar,takıntı,düzenle-NMLZ,düzenle-me,9,18,55,78,3,3,18,24,27
111,25,post_cue,False,2850,"Her şeyi düzenleme, simetri hastalığı, aşırı temizlik; bunlar da birer takıntı aslında.",nominalizer,semantic,after,düzenleme,bunlar,takıntı,düzenle-NMLZ,düzenle-me,9,18,55,78,3,3,18,24,27
111,26,full_sentence,True,2851,"Her şeyi düzenleme, simetri hastalığı, aşırı temizlik; bunlar da birer takıntı aslında.",nominalizer,semantic,after,düzenleme,bunlar,takıntı,düzenle-NMLZ,düzenle-me,9,18,55,78,3,3,18,24,27
112,0,pre_ambiguity,False,2852,"Okul yolu gözleme, yaşlı gözler, buruşmuş eller... Kaygılı anneannelerin ortak özellikleriydi.",nominalizer,semantic,after,gözleme,yaşlı,eller...,gözle-NMLZ,gözle-me,10,17,19,50,4,6,8,17,31
112,1,pre_ambiguity,False,2853,"Okul yolu gözleme, yaşlı gözler, buruşmuş eller... Kaygılı anneannelerin ortak özellikleriydi.",nominalizer,semantic,after,gözleme,yaşlı,eller...,gözle-NMLZ,gözle-me,10,17,19,50,4,6,8,17,31
112,2,pre_ambiguity,False,2854,"Okul yolu gözleme, yaşlı gözler, buruşmuş eller... Kaygılı anneannelerin ortak özellikleriydi.",nominalizer,semantic,after,gözleme,yaşlı,eller...,gözle-NMLZ,gözle-me,10,17,19,50,4,6,8,17,31
112,3,pre_ambiguity,False,2855,"Okul yolu gözleme, yaşlı gözler, buruşmuş eller... Kaygılı anneannelerin ortak özellikleriydi.",nominalizer,semantic,after,gözleme,yaşlı,eller...,gözle-NMLZ,gözle-me,10,17,19,50,4,6,8,17,31
112,4,ambiguity_onset,False,2856,"Okul yolu gözleme, yaşlı gözler, buruşmuş eller... Kaygılı anneannelerin ortak özellikleriydi.",nominalizer,semantic,after,gözleme,yaşlı,eller...,gözle-NMLZ,gözle-me,10,17,19,50,4,6,8,17,31
112,5,ambiguity_onset,False,2857,"Okul yolu gözleme, yaşlı gözler, buruşmuş eller... Kaygılı anneannelerin ortak özellikleriydi.",nominalizer,semantic,after,gözleme,yaşlı,eller...,gözle-NMLZ,gözle-me,10,17,19,50,4,6,8,17,31
112,6,ambiguity_onset,False,2858,"Okul yolu gözleme, yaşlı gözler, buruşmuş eller... Kaygılı anneannelerin ortak özellikleriydi.",nominalizer,semantic,after,gözleme,yaşlı,eller...,gözle-NMLZ,gözle-me,10,17,19,50,4,6,8,17,31
112,7,post_ambiguity_pre_cue,False,2859,"Okul yolu gözleme, yaşlı gözler, buruşmuş eller... Kaygılı anneannelerin ortak özellikleriydi.",nominalizer,semantic,after,gözleme,yaşlı,eller...,gözle-NMLZ,gözle-me,10,17,19,50,4,6,8,17,31
112,8,cue_onset,False,2860,"Okul yolu gözleme, yaşlı gözler, buruşmuş eller... Kaygılı anneannelerin ortak özellikleriydi.",nominalizer,semantic,after,gözleme,yaşlı,eller...,gözle-NMLZ,gözle-me,10,17,19,50,4,6,8,17,31
112,9,cue_onset,False,2861,"Okul yolu gözleme, yaşlı gözler, buruşmuş eller... Kaygılı anneannelerin ortak özellikleriydi.",nominalizer,semantic,after,gözleme,yaşlı,eller...,gözle-NMLZ,gözle-me,10,17,19,50,4,6,8,17,31
112,10,cue_onset,False,2862,"Okul yolu gözleme, yaşlı gözler, buruşmuş eller... Kaygılı anneannelerin ortak özellikleriydi.",nominalizer,semantic,after,gözleme,yaşlı,eller...,gözle-NMLZ,gözle-me,10,17,19,50,4,6,8,17,31
112,11,cue_onset,False,2863,"Okul yolu gözleme, yaşlı gözler, buruşmuş eller... Kaygılı anneannelerin ortak özellikleriydi.",nominalizer,semantic,after,gözleme,yaşlı,eller...,gözle-NMLZ,gözle-me,10,17,19,50,4,6,8,17,31
112,12,cue_onset,False,2864,"Okul yolu gözleme, yaşlı gözler, buruşmuş eller... Kaygılı anneannelerin ortak özellikleriydi.",nominalizer,semantic,after,gözleme,yaşlı,eller...,gözle-NMLZ,gözle-me,10,17,19,50,4,6,8,17,31
112,13,cue_onset,False,2865,"Okul yolu gözleme, yaşlı gözler, buruşmuş eller... Kaygılı anneannelerin ortak özellikleriydi.",nominalizer,semantic,after,gözleme,yaşlı,eller...,gözle-NMLZ,gözle-me,10,17,19,50,4,6,8,17,31
112,14,cue_onset,False,2866,"Okul yolu gözleme, yaşlı gözler, buruşmuş eller... Kaygılı anneannelerin ortak özellikleriydi.",nominalizer,semantic,after,gözleme,yaşlı,eller...,gözle-NMLZ,gözle-me,10,17,19,50,4,6,8,17,31
112,15,cue_onset,False,2867,"Okul yolu gözleme, yaşlı gözler, buruşmuş eller... Kaygılı anneannelerin ortak özellikleriydi.",nominalizer,semantic,after,gözleme,yaşlı,eller...,gözle-NMLZ,gözle-me,10,17,19,50,4,6,8,17,31
112,16,cue_onset,False,2868,"Okul yolu gözleme, yaşlı gözler, buruşmuş eller... Kaygılı anneannelerin ortak özellikleriydi.",nominalizer,semantic,after,gözleme,yaşlı,eller...,gözle-NMLZ,gözle-me,10,17,19,50,4,6,8,17,31
112,17,cue_onset,False,2869,"Okul yolu gözleme, yaşlı gözler, buruşmuş eller... Kaygılı anneannelerin ortak özellikleriydi.",nominalizer,semantic,after,gözleme,yaşlı,eller...,gözle-NMLZ,gözle-me,10,17,19,50,4,6,8,17,31
112,18,post_cue,False,2870,"Okul yolu gözleme, yaşlı gözler, buruşmuş eller... Kaygılı anneannelerin ortak özellikleriydi.",nominalizer,semantic,after,gözleme,yaşlı,eller...,gözle-NMLZ,gözle-me,10,17,19,50,4,6,8,17,31
112,19,post_cue,False,2871,"Okul yolu gözleme, yaşlı gözler, buruşmuş eller... Kaygılı anneannelerin ortak özellikleriydi.",nominalizer,semantic,after,gözleme,yaşlı,eller...,gözle-NMLZ,gözle-me,10,17,19,50,4,6,8,17,31
112,20,post_cue,False,2872,"Okul yolu gözleme, yaşlı gözler, buruşmuş eller... Kaygılı anneannelerin ortak özellikleriydi.",nominalizer,semantic,after,gözleme,yaşlı,eller...,gözle-NMLZ,gözle-me,10,17,19,50,4,6,8,17,31
112,21,post_cue,False,2873,"Okul yolu gözleme, yaşlı gözler, buruşmuş eller... Kaygılı anneannelerin ortak özellikleriydi.",nominalizer,semantic,after,gözleme,yaşlı,eller...,gözle-NMLZ,gözle-me,10,17,19,50,4,6,8,17,31
112,22,post_cue,False,2874,"Okul yolu gözleme, yaşlı gözler, buruşmuş eller... Kaygılı anneannelerin ortak özellikleriydi.",nominalizer,semantic,after,gözleme,yaşlı,eller...,gözle-NMLZ,gözle-me,10,17,19,50,4,6,8,17,31
112,23,post_cue,False,2875,"Okul yolu gözleme, yaşlı gözler, buruşmuş eller... Kaygılı anneannelerin ortak özellikleriydi.",nominalizer,semantic,after,gözleme,yaşlı,eller...,gözle-NMLZ,gözle-me,10,17,19,50,4,6,8,17,31
112,24,post_cue,False,2876,"Okul yolu gözleme, yaşlı gözler, buruşmuş eller... Kaygılı anneannelerin ortak özellikleriydi.",nominalizer,semantic,after,gözleme,yaşlı,eller...,gözle-NMLZ,gözle-me,10,17,19,50,4,6,8,17,31
112,25,post_cue,False,2877,"Okul yolu gözleme, yaşlı gözler, buruşmuş eller... Kaygılı anneannelerin ortak özellikleriydi.",nominalizer,semantic,after,gözleme,yaşlı,eller...,gözle-NMLZ,gözle-me,10,17,19,50,4,6,8,17,31
112,26,post_cue,False,2878,"Okul yolu gözleme, yaşlı gözler, buruşmuş eller... Kaygılı anneannelerin ortak özellikleriydi.",nominalizer,semantic,after,gözleme,yaşlı,eller...,gözle-NMLZ,gözle-me,10,17,19,50,4,6,8,17,31
112,27,post_cue,False,2879,"Okul yolu gözleme, yaşlı gözler, buruşmuş eller... Kaygılı anneannelerin ortak özellikleriydi.",nominalizer,semantic,after,gözleme,yaşlı,eller...,gözle-NMLZ,gözle-me,10,17,19,50,4,6,8,17,31
112,28,post_cue,False,2880,"Okul yolu gözleme, yaşlı gözler, buruşmuş eller... Kaygılı anneannelerin ortak özellikleriydi.",nominalizer,semantic,after,gözleme,yaşlı,eller...,gözle-NMLZ,gözle-me,10,17,19,50,4,6,8,17,31
112,29,post_cue,False,2881,"Okul yolu gözleme, yaşlı gözler, buruşmuş eller... Kaygılı anneannelerin ortak özellikleriydi.",nominalizer,semantic,after,gözleme,yaşlı,eller...,gözle-NMLZ,gözle-me,10,17,19,50,4,6,8,17,31
112,30,full_sentence,True,2882,"Okul yolu gözleme, yaşlı gözler, buruşmuş eller... Kaygılı anneannelerin ortak özellikleriydi.",nominalizer,semantic,after,gözleme,yaşlı,eller...,gözle-NMLZ,gözle-me,10,17,19,50,4,6,8,17,31
113,0,pre_ambiguity,False,2883,"Eğer esnafın öfkesini üzerine çekmek istemiyorsan sana nasihatim belli canım evladım, fiyat kırma.",negation,semantic,before,kırma,sana,fiyat,kır-NEG.IMP.2SG,kır-ma,92,97,50,91,32,34,18,31,36
113,1,pre_ambiguity,False,2884,"Eğer esnafın öfkesini üzerine çekmek istemiyorsan sana nasihatim belli canım evladım, fiyat kırma.",negation,semantic,before,kırma,sana,fiyat,kır-NEG.IMP.2SG,kır-ma,92,97,50,91,32,34,18,31,36
113,2,pre_ambiguity,False,2885,"Eğer esnafın öfkesini üzerine çekmek istemiyorsan sana nasihatim belli canım evladım, fiyat kırma.",negation,semantic,before,kırma,sana,fiyat,kır-NEG.IMP.2SG,kır-ma,92,97,50,91,32,34,18,31,36
113,3,pre_ambiguity,False,2886,"Eğer esnafın öfkesini üzerine çekmek istemiyorsan sana nasihatim belli canım evladım, fiyat kırma.",negation,semantic,before,kırma,sana,fiyat,kır-NEG.IMP.2SG,kır-ma,92,97,50,91,32,34,18,31,36
113,4,pre_ambiguity,False,2887,"Eğer esnafın öfkesini üzerine çekmek istemiyorsan sana nasihatim belli canım evladım, fiyat kırma.",negation,semantic,before,kırma,sana,fiyat,kır-NEG.IMP.2SG,kır-ma,92,97,50,91,32,34,18,31,36
113,5,pre_ambiguity,False,2888,"Eğer esnafın öfkesini üzerine çekmek istemiyorsan sana nasihatim belli canım evladım, fiyat kırma.",negation,semantic,before,kırma,sana,fiyat,kır-NEG.IMP.2SG,kır-ma,92,97,50,91,32,34,18,31,36
113,6,pre_ambiguity,False,2889,"Eğer esnafın öfkesini üzerine çekmek istemiyorsan sana nasihatim belli canım evladım, fiyat kırma.",negation,semantic,before,kırma,sana,fiyat,kır-NEG.IMP.2SG,kır-ma,92,97,50,91,32,34,18,31,36
113,7,pre_ambiguity,False,2890,"Eğer esnafın öfkesini üzerine çekmek istemiyorsan sana nasihatim belli canım evladım, fiyat kırma.",negation,semantic,before,kırma,sana,fiyat,kır-NEG.IMP.2SG,kır-ma,92,97,50,91,32,34,18,31,36
113,8,pre_ambiguity,False,2891,"Eğer esnafın öfkesini üzerine çekmek istemiyorsan sana nasihatim belli canım evladım, fiyat kırma.",negation,semantic,before,kırma,sana,fiyat,kır-NEG.IMP.2SG,kır-ma,92,97,50,91,32,34,18,31,36
113,9,pre_ambiguity,False,2892,"Eğer esnafın öfkesini üzerine çekmek istemiyorsan sana nasihatim belli canım evladım, fiyat kırma.",negation,semantic,before,kırma,sana,fiyat,kır-NEG.IMP.2SG,kır-ma,92,97,50,91,32,34,18,31,36
113,10,pre_ambiguity,False,2893,"Eğer esnafın öfkesini üzerine çekmek istemiyorsan sana nasihatim belli canım evladım, fiyat kırma.",negation,semantic,before,kırma,sana,fiyat,kır-NEG.IMP.2SG,kır-ma,92,97,50,91,32,34,18,31,36
113,11,pre_ambiguity,False,2894,"Eğer esnafın öfkesini üzerine çekmek istemiyorsan sana nasihatim belli canım evladım, fiyat kırma.",negation,semantic,before,kırma,sana,fiyat,kır-NEG.IMP.2SG,kır-ma,92,97,50,91,32,34,18,31,36
113,12,pre_ambiguity,False,2895,"Eğer esnafın öfkesini üzerine çekmek istemiyorsan sana nasihatim belli canım evladım, fiyat kırma.",negation,semantic,before,kırma,sana,fiyat,kır-NEG.IMP.2SG,kır-ma,92,97,50,91,32,34,18,31,36
113,13,pre_ambiguity,False,2896,"Eğer esnafın öfkesini üzerine çekmek istemiyorsan sana nasihatim belli canım evladım, fiyat kırma.",negation,semantic,before,kırma,sana,fiyat,kır-NEG.IMP.2SG,kır-ma,92,97,50,91,32,34,18,31,36
113,14,pre_ambiguity,False,2897,"Eğer esnafın öfkesini üzerine çekmek istemiyorsan sana nasihatim belli canım evladım, fiyat kırma.",negation,semantic,before,kırma,sana,fiyat,kır-NEG.IMP.2SG,kır-ma,92,97,50,91,32,34,18,31,36
113,15,pre_ambiguity,False,2898,"Eğer esnafın öfkesini üzerine çekmek istemiyorsan sana nasihatim belli canım evladım, fiyat kırma.",negation,semantic,before,kırma,sana,fiyat,kır-NEG.IMP.2SG,kır-ma,92,97,50,91,32,34,18,31,36
113,16,pre_ambiguity,False,2899,"Eğer esnafın öfkesini üzerine çekmek istemiyorsan sana nasihatim belli canım evladım, fiyat kırma.",negation,semantic,before,kırma,sana,fiyat,kır-NEG.IMP.2SG,kır-ma,92,97,50,91,32,34,18,31,36
113,17,pre_ambiguity,False,2900,"Eğer esnafın öfkesini üzerine çekmek istemiyorsan sana nasihatim belli canım evladım, fiyat kırma.",negation,semantic,before,kırma,sana,fiyat,kır-NEG.IMP.2SG,kır-ma,92,97,50,91,32,34,18,31,36
113,18,cue_onset,False,2901,"Eğer esnafın öfkesini üzerine çekmek istemiyorsan sana nasihatim belli canım evladım, fiyat kırma.",negation,semantic,before,kırma,sana,fiyat,kır-NEG.IMP.2SG,kır-ma,92,97,50,91,32,34,18,31,36
113,19,cue_onset,False,2902,"Eğer esnafın öfkesini üzerine çekmek istemiyorsan sana nasihatim belli canım evladım, fiyat kırma.",negation,semantic,before,kırma,sana,fiyat,kır-NEG.IMP.2SG,kır-ma,92,97,50,91,32,34,18,31,36
113,20,cue_onset,False,2903,"Eğer esnafın öfkesini üzerine çekmek istemiyorsan sana nasihatim belli canım evladım, fiyat kırma.",negation,semantic,before,kırma,sana,fiyat,kır-NEG.IMP.2SG,kır-ma,92,97,50,91,32,34,18,31,36
113,21,cue_onset,False,2904,"Eğer esnafın öfkesini üzerine çekmek istemiyorsan sana nasihatim belli canım evladım, fiyat kırma.",negation,semantic,before,kırma,sana,fiyat,kır-NEG.IMP.2SG,kır-ma,92,97,50,91,32,34,18,31,36
113,22,cue_onset,False,2905,"Eğer esnafın öfkesini üzerine çekmek istemiyorsan sana nasihatim belli canım evladım, fiyat kırma.",negation,semantic,before,kırma,sana,fiyat,kır-NEG.IMP.2SG,kır-ma,92,97,50,91,32,34,18,31,36
113,23,cue_onset,False,2906,"Eğer esnafın öfkesini üzerine çekmek istemiyorsan sana nasihatim belli canım evladım, fiyat kırma.",negation,semantic,before,kırma,sana,fiyat,kır-NEG.IMP.2SG,kır-ma,92,97,50,91,32,34,18,31,36
113,24,cue_onset,False,2907,"Eğer esnafın öfkesini üzerine çekmek istemiyorsan sana nasihatim belli canım evladım, fiyat kırma.",negation,semantic,before,kırma,sana,fiyat,kır-NEG.IMP.2SG,kır-ma,92,97,50,91,32,34,18,31,36
113,25,cue_onset,False,2908,"Eğer esnafın öfkesini üzerine çekmek istemiyorsan sana nasihatim belli canım evladım, fiyat kırma.",negation,semantic,before,kırma,sana,fiyat,kır-NEG.IMP.2SG,kır-ma,92,97,50,91,32,34,18,31,36
113,26,cue_onset,False,2909,"Eğer esnafın öfkesini üzerine çekmek istemiyorsan sana nasihatim belli canım evladım, fiyat kırma.",negation,semantic,before,kırma,sana,fiyat,kır-NEG.IMP.2SG,kır-ma,92,97,50,91,32,34,18,31,36
113,27,cue_onset,False,2910,"Eğer esnafın öfkesini üzerine çekmek istemiyorsan sana nasihatim belli canım evladım, fiyat kırma.",negation,semantic,before,kırma,sana,fiyat,kır-NEG.IMP.2SG,kır-ma,92,97,50,91,32,34,18,31,36
113,28,cue_onset,False,2911,"Eğer esnafın öfkesini üzerine çekmek istemiyorsan sana nasihatim belli canım evladım, fiyat kırma.",negation,semantic,before,kırma,sana,fiyat,kır-NEG.IMP.2SG,kır-ma,92,97,50,91,32,34,18,31,36
113,29,cue_onset,False,2912,"Eğer esnafın öfkesini üzerine çekmek istemiyorsan sana nasihatim belli canım evladım, fiyat kırma.",negation,semantic,before,kırma,sana,fiyat,kır-NEG.IMP.2SG,kır-ma,92,97,50,91,32,34,18,31,36
113,30,cue_onset,False,2913,"Eğer esnafın öfkesini üzerine çekmek istemiyorsan sana nasihatim belli canım evladım, fiyat kırma.",negation,semantic,before,kırma,sana,fiyat,kır-NEG.IMP.2SG,kır-ma,92,97,50,91,32,34,18,31,36
113,31,cue_onset,False,2914,"Eğer esnafın öfkesini üzerine çekmek istemiyorsan sana nasihatim belli canım evladım, fiyat kırma.",negation,semantic,before,kırma,sana,fiyat,kır-NEG.IMP.2SG,kır-ma,92,97,50,91,32,34,18,31,36
113,32,ambiguity_onset,False,2915,"Eğer esnafın öfkesini üzerine çekmek istemiyorsan sana nasihatim belli canım evladım, fiyat kırma.",negation,semantic,before,kırma,sana,fiyat,kır-NEG.IMP.2SG,kır-ma,92,97,50,91,32,34,18,31,36
113,33,ambiguity_onset,False,2916,"Eğer esnafın öfkesini üzerine çekmek istemiyorsan sana nasihatim belli canım evladım, fiyat kırma.",negation,semantic,before,kırma,sana,fiyat,kır-NEG.IMP.2SG,kır-ma,92,97,50,91,32,34,18,31,36
113,34,ambiguity_onset,False,2917,"Eğer esnafın öfkesini üzerine çekmek istemiyorsan sana nasihatim belli canım evladım, fiyat kırma.",negation,semantic,before,kırma,sana,fiyat,kır-NEG.IMP.2SG,kır-ma,92,97,50,91,32,34,18,31,36
113,35,full_sentence,True,2918,"Eğer esnafın öfkesini üzerine çekmek istemiyorsan sana nasihatim belli canım evladım, fiyat kırma.",negation,semantic,before,kırma,sana,fiyat,kır-NEG.IMP.2SG,kır-ma,92,97,50,91,32,34,18,31,36
114,0,pre_ambiguity,False,2919,"Bana bak müdür müsveddesi, Lenin hakkında ileri geri konuşma!",negation,semantic,before,konuşma,Lenin,geri,konuş-NEG.IMP.2SG,konuş-ma,53,60,27,52,17,17,11,16,19
114,1,pre_ambiguity,False,2920,"Bana bak müdür müsveddesi, Lenin hakkında ileri geri konuşma!",negation,semantic,before,konuşma,Lenin,geri,konuş-NEG.IMP.2SG,konuş-ma,53,60,27,52,17,17,11,16,19
114,2,pre_ambiguity,False,2921,"Bana bak müdür müsveddesi, Lenin hakkında ileri geri konuşma!",negation,semantic,before,konuşma,Lenin,geri,konuş-NEG.IMP.2SG,konuş-ma,53,60,27,52,17,17,11,16,19
114,3,pre_ambiguity,False,2922,"Bana bak müdür müsveddesi, Lenin hakkında ileri geri konuşma!",negation,semantic,before,konuşma,Lenin,geri,konuş-NEG.IMP.2SG,konuş-ma,53,60,27,52,17,17,11,16,19
114,4,pre_ambiguity,False,2923,"Bana bak müdür müsveddesi, Lenin hakkında ileri geri konuşma!",negation,semantic,before,konuşma,Lenin,geri,konuş-NEG.IMP.2SG,konuş-ma,53,60,27,52,17,17,11,16,19
114,5,pre_ambiguity,False,2924,"Bana bak müdür müsveddesi, Lenin hakkında ileri geri konuşma!",negation,semantic,before,konuşma,Lenin,geri,konuş-NEG.IMP.2SG,konuş-ma,53,60,27,52,17,17,11,16,19
114,6,pre_ambiguity,False,2925,"Bana bak müdür müsveddesi, Lenin hakkında ileri geri konuşma!",negation,semantic,before,konuşma,Lenin,geri,konuş-NEG.IMP.2SG,konuş-ma,53,60,27,52,17,17,11,16,19
114,7,pre_ambiguity,False,2926,"Bana bak müdür müsveddesi, Lenin hakkında ileri geri konuşma!",negation,semantic,before,konuşma,Lenin,geri,konuş-NEG.IMP.2SG,konuş-ma,53,60,27,52,17,17,11,16,19
114,8,pre_ambiguity,False,2927,"Bana bak müdür müsveddesi, Lenin hakkında ileri geri konuşma!",negation,semantic,before,konuşma,Lenin,geri,konuş-NEG.IMP.2SG,konuş-ma,53,60,27,52,17,17,11,16,19
114,9,pre_ambiguity,False,2928,"Bana bak müdür müsveddesi, Lenin hakkında ileri geri konuşma!",negation,semantic,before,konuşma,Lenin,geri,konuş-NEG.IMP.2SG,konuş-ma,53,60,27,52,17,17,11,16,19
114,10,pre_ambiguity,False,2929,"Bana bak müdür müsveddesi, Lenin hakkında ileri geri konuşma!",negation,semantic,before,konuşma,Lenin,geri,konuş-NEG.IMP.2SG,konuş-ma,53,60,27,52,17,17,11,16,19
114,11,cue_onset,False,2930,"Bana bak müdür müsveddesi, Lenin hakkında ileri geri konuşma!",negation,semantic,before,konuşma,Lenin,geri,konuş-NEG.IMP.2SG,konuş-ma,53,60,27,52,17,17,11,16,19
114,12,cue_onset,False,2931,"Bana bak müdür müsveddesi, Lenin hakkında ileri geri konuşma!",negation,semantic,before,konuşma,Lenin,geri,konuş-NEG.IMP.2SG,konuş-ma,53,60,27,52,17,17,11,16,19
114,13,cue_onset,False,2932,"Bana bak müdür müsveddesi, Lenin hakkında ileri geri konuşma!",negation,semantic,before,konuşma,Lenin,geri,konuş-NEG.IMP.2SG,konuş-ma,53,60,27,52,17,17,11,16,19
114,14,cue_onset,False,2933,"Bana bak müdür müsveddesi, Lenin hakkında ileri geri konuşma!",negation,semantic,before,konuşma,Lenin,geri,konuş-NEG.IMP.2SG,konuş-ma,53,60,27,52,17,17,11,16,19
114,15,cue_onset,False,2934,"Bana bak müdür müsveddesi, Lenin hakkında ileri geri konuşma!",negation,semantic,before,konuşma,Lenin,geri,konuş-NEG.IMP.2SG,konuş-ma,53,60,27,52,17,17,11,16,19
114,16,cue_onset,False,2935,"Bana bak müdür müsveddesi, Lenin hakkında ileri geri konuşma!",negation,semantic,before,konuşma,Lenin,geri,konuş-NEG.IMP.2SG,konuş-ma,53,60,27,52,17,17,11,16,19
114,17,ambiguity_onset,False,2936,"Bana bak müdür müsveddesi, Lenin hakkında ileri geri konuşma!",negation,semantic,before,konuşma,Lenin,geri,konuş-NEG.IMP.2SG,konuş-ma,53,60,27,52,17,17,11,16,19
114,18,full_sentence,True,2937,"Bana bak müdür müsveddesi, Lenin hakkında ileri geri konuşma!",negation,semantic,before,konuşma,Lenin,geri,konuş-NEG.IMP.2SG,konuş-ma,53,60,27,52,17,17,11,16,19
115,0,pre_ambiguity,False,2938,"İran savaşı sadece İran’a karşı değil bütün insanlığa karşı açılmış bir savaşın ilk cephesi, Türkiye'yi bu savaşa taraf ya da dahil etme.",negation,semantic,before,etme,Türkiye'yi,dahil,et-NEG.IMP.2SG,et-me,134,138,95,133,39,40,27,38,41
115,1,pre_ambiguity,False,2939,"İran savaşı sadece İran’a karşı değil bütün insanlığa karşı açılmış bir savaşın ilk cephesi, Türkiye'yi bu savaşa taraf ya da dahil etme.",negation,semantic,before,etme,Türkiye'yi,dahil,et-NEG.IMP.2SG,et-me,134,138,95,133,39,40,27,38,41
115,2,pre_ambiguity,False,2940,"İran savaşı sadece İran’a karşı değil bütün insanlığa karşı açılmış bir savaşın ilk cephesi, Türkiye'yi bu savaşa taraf ya da dahil etme.",negation,semantic,before,etme,Türkiye'yi,dahil,et-NEG.IMP.2SG,et-me,134,138,95,133,39,40,27,38,41
115,3,pre_ambiguity,False,2941,"İran savaşı sadece İran’a karşı değil bütün insanlığa karşı açılmış bir savaşın ilk cephesi, Türkiye'yi bu savaşa taraf ya da dahil etme.",negation,semantic,before,etme,Türkiye'yi,dahil,et-NEG.IMP.2SG,et-me,134,138,95,133,39,40,27,38,41
115,4,pre_ambiguity,False,2942,"İran savaşı sadece İran’a karşı değil bütün insanlığa karşı açılmış bir savaşın ilk cephesi, Türkiye'yi bu savaşa taraf ya da dahil etme.",negation,semantic,before,etme,Türkiye'yi,dahil,et-NEG.IMP.2SG,et-me,134,138,95,133,39,40,27,38,41
115,5,pre_ambiguity,False,2943,"İran savaşı sadece İran’a karşı değil bütün insanlığa karşı açılmış bir savaşın ilk cephesi, Türkiye'yi bu savaşa taraf ya da dahil etme.",negation,semantic,before,etme,Türkiye'yi,dahil,et-NEG.IMP.2SG,et-me,134,138,95,133,39,40,27,38,41
115,6,pre_ambiguity,False,2944,"İran savaşı sadece İran’a karşı değil bütün insanlığa karşı açılmış bir savaşın ilk cephesi, Türkiye'yi bu savaşa taraf ya da dahil etme.",negation,semantic,before,etme,Türkiye'yi,dahil,et-NEG.IMP.2SG,et-me,134,138,95,133,39,40,27,38,41
115,7,pre_ambiguity,False,2945,"İran savaşı sadece İran’a karşı değil bütün insanlığa karşı açılmış bir savaşın ilk cephesi, Türkiye'yi bu savaşa taraf ya da dahil etme.",negation,semantic,before,etme,Türkiye'yi,dahil,et-NEG.IMP.2SG,et-me,134,138,95,133,39,40,27,38,41
115,8,pre_ambiguity,False,2946,"İran savaşı sadece İran’a karşı değil bütün insanlığa karşı açılmış bir savaşın ilk cephesi, Türkiye'yi bu savaşa taraf ya da dahil etme.",negation,semantic,before,etme,Türkiye'yi,dahil,et-NEG.IMP.2SG,et-me,134,138,95,133,39,40,27,38,41
115,9,pre_ambiguity,False,2947,"İran savaşı sadece İran’a karşı değil bütün insanlığa karşı açılmış bir savaşın ilk cephesi, Türkiye'yi bu savaşa taraf ya da dahil etme.",negation,semantic,before,etme,Türkiye'yi,dahil,et-NEG.IMP.2SG,et-me,134,138,95,133,39,40,27,38,41
115,10,pre_ambiguity,False,2948,"İran savaşı sadece İran’a karşı değil bütün insanlığa karşı açılmış bir savaşın ilk cephesi, Türkiye'yi bu savaşa taraf ya da dahil etme.",negation,semantic,before,etme,Türkiye'yi,dahil,et-NEG.IMP.2SG,et-me,134,138,95,133,39,40,27,38,41
115,11,pre_ambiguity,False,2949,"İran savaşı sadece İran’a karşı değil bütün insanlığa karşı açılmış bir savaşın ilk cephesi, Türkiye'yi bu savaşa taraf ya da dahil etme.",negation,semantic,before,etme,Türkiye'yi,dahil,et-NEG.IMP.2SG,et-me,134,138,95,133,39,40,27,38,41
115,12,pre_ambiguity,False,2950,"İran savaşı sadece İran’a karşı değil bütün insanlığa karşı açılmış bir savaşın ilk cephesi, Türkiye'yi bu savaşa taraf ya da dahil etme.",negation,semantic,before,etme,Türkiye'yi,dahil,et-NEG.IMP.2SG,et-me,134,138,95,133,39,40,27,38,41
115,13,pre_ambiguity,False,2951,"İran savaşı sadece İran’a karşı değil bütün insanlığa karşı açılmış bir savaşın ilk cephesi, Türkiye'yi bu savaşa taraf ya da dahil etme.",negation,semantic,before,etme,Türkiye'yi,dahil,et-NEG.IMP.2SG,et-me,134,138,95,133,39,40,27,38,41
115,14,pre_ambiguity,False,2952,"İran savaşı sadece İran’a karşı değil bütün insanlığa karşı açılmış bir savaşın ilk cephesi, Türkiye'yi bu savaşa taraf ya da dahil etme.",negation,semantic,before,etme,Türkiye'yi,dahil,et-NEG.IMP.2SG,et-me,134,138,95,133,39,40,27,38,41
115,15,pre_ambiguity,False,2953,"İran savaşı sadece İran’a karşı değil bütün insanlığa karşı açılmış bir savaşın ilk cephesi, Türkiye'yi bu savaşa taraf ya da dahil etme.",negation,semantic,before,etme,Türkiye'yi,dahil,et-NEG.IMP.2SG,et-me,134,138,95,133,39,40,27,38,41
115,16,pre_ambiguity,False,2954,"İran savaşı sadece İran’a karşı değil bütün insanlığa karşı açılmış bir savaşın ilk cephesi, Türkiye'yi bu savaşa taraf ya da dahil etme.",negation,semantic,before,etme,Türkiye'yi,dahil,et-NEG.IMP.2SG,et-me,134,138,95,133,39,40,27,38,41
115,17,pre_ambiguity,False,2955,"İran savaşı sadece İran’a karşı değil bütün insanlığa karşı açılmış bir savaşın ilk cephesi, Türkiye'yi bu savaşa taraf ya da dahil etme.",negation,semantic,before,etme,Türkiye'yi,dahil,et-NEG.IMP.2SG,et-me,134,138,95,133,39,40,27,38,41
115,18,pre_ambiguity,False,2956,"İran savaşı sadece İran’a karşı değil bütün insanlığa karşı açılmış bir savaşın ilk cephesi, Türkiye'yi bu savaşa taraf ya da dahil etme.",negation,semantic,before,etme,Türkiye'yi,dahil,et-NEG.IMP.2SG,et-me,134,138,95,133,39,40,27,38,41
115,19,pre_ambiguity,False,2957,"İran savaşı sadece İran’a karşı değil bütün insanlığa karşı açılmış bir savaşın ilk cephesi, Türkiye'yi bu savaşa taraf ya da dahil etme.",negation,semantic,before,etme,Türkiye'yi,dahil,et-NEG.IMP.2SG,et-me,134,138,95,133,39,40,27,38,41
115,20,pre_ambiguity,False,2958,"İran savaşı sadece İran’a karşı değil bütün insanlığa karşı açılmış bir savaşın ilk cephesi, Türkiye'yi bu savaşa taraf ya da dahil etme.",negation,semantic,before,etme,Türkiye'yi,dahil,et-NEG.IMP.2SG,et-me,134,138,95,133,39,40,27,38,41
115,21,pre_ambiguity,False,2959,"İran savaşı sadece İran’a karşı değil bütün insanlığa karşı açılmış bir savaşın ilk cephesi, Türkiye'yi bu savaşa taraf ya da dahil etme.",negation,semantic,before,etme,Türkiye'yi,dahil,et-NEG.IMP.2SG,et-me,134,138,95,133,39,40,27,38,41
115,22,pre_ambiguity,False,2960,"İran savaşı sadece İran’a karşı değil bütün insanlığa karşı açılmış bir savaşın ilk cephesi, Türkiye'yi bu savaşa taraf ya da dahil etme.",negation,semantic,before,etme,Türkiye'yi,dahil,et-NEG.IMP.2SG,et-me,134,138,95,133,39,40,27,38,41
115,23,pre_ambiguity,False,2961,"İran savaşı sadece İran’a karşı değil bütün insanlığa karşı açılmış bir savaşın ilk cephesi, Türkiye'yi bu savaşa taraf ya da dahil etme.",negation,semantic,before,etme,Türkiye'yi,dahil,et-NEG.IMP.2SG,et-me,134,138,95,133,39,40,27,38,41
115,24,pre_ambiguity,False,2962,"İran savaşı sadece İran’a karşı değil bütün insanlığa karşı açılmış bir savaşın ilk cephesi, Türkiye'yi bu savaşa taraf ya da dahil etme.",negation,semantic,before,etme,Türkiye'yi,dahil,et-NEG.IMP.2SG,et-me,134,138,95,133,39,40,27,38,41
115,25,pre_ambiguity,False,2963,"İran savaşı sadece İran’a karşı değil bütün insanlığa karşı açılmış bir savaşın ilk cephesi, Türkiye'yi bu savaşa taraf ya da dahil etme.",negation,semantic,before,etme,Türkiye'yi,dahil,et-NEG.IMP.2SG,et-me,134,138,95,133,39,40,27,38,41
115,26,pre_ambiguity,False,2964,"İran savaşı sadece İran’a karşı değil bütün insanlığa karşı açılmış bir savaşın ilk cephesi, Türkiye'yi bu savaşa taraf ya da dahil etme.",negation,semantic,before,etme,Türkiye'yi,dahil,et-NEG.IMP.2SG,et-me,134,138,95,133,39,40,27,38,41
115,27,cue_onset,False,2965,"İran savaşı sadece İran’a karşı değil bütün insanlığa karşı açılmış bir savaşın ilk cephesi, Türkiye'yi bu savaşa taraf ya da dahil etme.",negation,semantic,before,etme,Türkiye'yi,dahil,et-NEG.IMP.2SG,et-me,134,138,95,133,39,40,27,38,41
115,28,cue_onset,False,2966,"İran savaşı sadece İran’a karşı değil bütün insanlığa karşı açılmış bir savaşın ilk cephesi, Türkiye'yi bu savaşa taraf ya da dahil etme.",negation,semantic,before,etme,Türkiye'yi,dahil,et-NEG.IMP.2SG,et-me,134,138,95,133,39,40,27,38,41
115,29,cue_onset,False,2967,"İran savaşı sadece İran’a karşı değil bütün insanlığa karşı açılmış bir savaşın ilk cephesi, Türkiye'yi bu savaşa taraf ya da dahil etme.",negation,semantic,before,etme,Türkiye'yi,dahil,et-NEG.IMP.2SG,et-me,134,138,95,133,39,40,27,38,41
115,30,cue_onset,False,2968,"İran savaşı sadece İran’a karşı değil bütün insanlığa karşı açılmış bir savaşın ilk cephesi, Türkiye'yi bu savaşa taraf ya da dahil etme.",negation,semantic,before,etme,Türkiye'yi,dahil,et-NEG.IMP.2SG,et-me,134,138,95,133,39,40,27,38,41
115,31,cue_onset,False,2969,"İran savaşı sadece İran’a karşı değil bütün insanlığa karşı açılmış bir savaşın ilk cephesi, Türkiye'yi bu savaşa taraf ya da dahil etme.",negation,semantic,before,etme,Türkiye'yi,dahil,et-NEG.IMP.2SG,et-me,134,138,95,133,39,40,27,38,41
115,32,cue_onset,False,2970,"İran savaşı sadece İran’a karşı değil bütün insanlığa karşı açılmış bir savaşın ilk cephesi, Türkiye'yi bu savaşa taraf ya da dahil etme.",negation,semantic,before,etme,Türkiye'yi,dahil,et-NEG.IMP.2SG,et-me,134,138,95,133,39,40,27,38,41
115,33,cue_onset,False,2971,"İran savaşı sadece İran’a karşı değil bütün insanlığa karşı açılmış bir savaşın ilk cephesi, Türkiye'yi bu savaşa taraf ya da dahil etme.",negation,semantic,before,etme,Türkiye'yi,dahil,et-NEG.IMP.2SG,et-me,134,138,95,133,39,40,27,38,41
115,34,cue_onset,False,2972,"İran savaşı sadece İran’a karşı değil bütün insanlığa karşı açılmış bir savaşın ilk cephesi, Türkiye'yi bu savaşa taraf ya da dahil etme.",negation,semantic,before,etme,Türkiye'yi,dahil,et-NEG.IMP.2SG,et-me,134,138,95,133,39,40,27,38,41
115,35,cue_onset,False,2973,"İran savaşı sadece İran’a karşı değil bütün insanlığa karşı açılmış bir savaşın ilk cephesi, Türkiye'yi bu savaşa taraf ya da dahil etme.",negation,semantic,before,etme,Türkiye'yi,dahil,et-NEG.IMP.2SG,et-me,134,138,95,133,39,40,27,38,41
115,36,cue_onset,False,2974,"İran savaşı sadece İran’a karşı değil bütün insanlığa karşı açılmış bir savaşın ilk cephesi, Türkiye'yi bu savaşa taraf ya da dahil etme.",negation,semantic,before,etme,Türkiye'yi,dahil,et-NEG.IMP.2SG,et-me,134,138,95,133,39,40,27,38,41
115,37,cue_onset,False,2975,"İran savaşı sadece İran’a karşı değil bütün insanlığa karşı açılmış bir savaşın ilk cephesi, Türkiye'yi bu savaşa taraf ya da dahil etme.",negation,semantic,before,etme,Türkiye'yi,dahil,et-NEG.IMP.2SG,et-me,134,138,95,133,39,40,27,38,41
115,38,cue_onset,False,2976,"İran savaşı sadece İran’a karşı değil bütün insanlığa karşı açılmış bir savaşın ilk cephesi, Türkiye'yi bu savaşa taraf ya da dahil etme.",negation,semantic,before,etme,Türkiye'yi,dahil,et-NEG.IMP.2SG,et-me,134,138,95,133,39,40,27,38,41
115,39,ambiguity_onset,False,2977,"İran savaşı sadece İran’a karşı değil bütün insanlığa karşı açılmış bir savaşın ilk cephesi, Türkiye'yi bu savaşa taraf ya da dahil etme.",negation,semantic,before,etme,Türkiye'yi,dahil,et-NEG.IMP.2SG,et-me,134,138,95,133,39,40,27,38,41
115,40,full_sentence,True,2978,"İran savaşı sadece İran’a karşı değil bütün insanlığa karşı açılmış bir savaşın ilk cephesi, Türkiye'yi bu savaşa taraf ya da dahil etme.",negation,semantic,before,etme,Türkiye'yi,dahil,et-NEG.IMP.2SG,et-me,134,138,95,133,39,40,27,38,41
116,0,pre_ambiguity,False,2979,"Kaçmıyorsan ara seçimden, elini aç, kaçak güreşme, en geniş coğrafyada yapalım bu seçimi.",negation,semantic,before,güreşme,elini,"aç,",güreş-NEG.IMP.2SG,güreş-me,42,49,26,35,16,19,10,13,34
116,1,pre_ambiguity,False,2980,"Kaçmıyorsan ara seçimden, elini aç, kaçak güreşme, en geniş coğrafyada yapalım bu seçimi.",negation,semantic,before,güreşme,elini,"aç,",güreş-NEG.IMP.2SG,güreş-me,42,49,26,35,16,19,10,13,34
116,2,pre_ambiguity,False,2981,"Kaçmıyorsan ara seçimden, elini aç, kaçak güreşme, en geniş coğrafyada yapalım bu seçimi.",negation,semantic,before,güreşme,elini,"aç,",güreş-NEG.IMP.2SG,güreş-me,42,49,26,35,16,19,10,13,34
116,3,pre_ambiguity,False,2982,"Kaçmıyorsan ara seçimden, elini aç, kaçak güreşme, en geniş coğrafyada yapalım bu seçimi.",negation,semantic,before,güreşme,elini,"aç,",güreş-NEG.IMP.2SG,güreş-me,42,49,26,35,16,19,10,13,34
116,4,pre_ambiguity,False,2983,"Kaçmıyorsan ara seçimden, elini aç, kaçak güreşme, en geniş coğrafyada yapalım bu seçimi.",negation,semantic,before,güreşme,elini,"aç,",güreş-NEG.IMP.2SG,güreş-me,42,49,26,35,16,19,10,13,34
116,5,pre_ambiguity,False,2984,"Kaçmıyorsan ara seçimden, elini aç, kaçak güreşme, en geniş coğrafyada yapalım bu seçimi.",negation,semantic,before,güreşme,elini,"aç,",güreş-NEG.IMP.2SG,güreş-me,42,49,26,35,16,19,10,13,34
116,6,pre_ambiguity,False,2985,"Kaçmıyorsan ara seçimden, elini aç, kaçak güreşme, en geniş coğrafyada yapalım bu seçimi.",negation,semantic,before,güreşme,elini,"aç,",güreş-NEG.IMP.2SG,güreş-me,42,49,26,35,16,19,10,13,34
116,7,pre_ambiguity,False,2986,"Kaçmıyorsan ara seçimden, elini aç, kaçak güreşme, en geniş coğrafyada yapalım bu seçimi.",negation,semantic,before,güreşme,elini,"aç,",güreş-NEG.IMP.2SG,güreş-me,42,49,26,35,16,19,10,13,34
116,8,pre_ambiguity,False,2987,"Kaçmıyorsan ara seçimden, elini aç, kaçak güreşme, en geniş coğrafyada yapalım bu seçimi.",negation,semantic,before,güreşme,elini,"aç,",güreş-NEG.IMP.2SG,güreş-me,42,49,26,35,16,19,10,13,34
116,9,pre_ambiguity,False,2988,"Kaçmıyorsan ara seçimden, elini aç, kaçak güreşme, en geniş coğrafyada yapalım bu seçimi.",negation,semantic,before,güreşme,elini,"aç,",güreş-NEG.IMP.2SG,güreş-me,42,49,26,35,16,19,10,13,34
116,10,cue_onset,False,2989,"Kaçmıyorsan ara seçimden, elini aç, kaçak güreşme, en geniş coğrafyada yapalım bu seçimi.",negation,semantic,before,güreşme,elini,"aç,",güreş-NEG.IMP.2SG,güreş-me,42,49,26,35,16,19,10,13,34
116,11,cue_onset,False,2990,"Kaçmıyorsan ara seçimden, elini aç, kaçak güreşme, en geniş coğrafyada yapalım bu seçimi.",negation,semantic,before,güreşme,elini,"aç,",güreş-NEG.IMP.2SG,güreş-me,42,49,26,35,16,19,10,13,34
116,12,cue_onset,False,2991,"Kaçmıyorsan ara seçimden, elini aç, kaçak güreşme, en geniş coğrafyada yapalım bu seçimi.",negation,semantic,before,güreşme,elini,"aç,",güreş-NEG.IMP.2SG,güreş-me,42,49,26,35,16,19,10,13,34
116,13,cue_onset,False,2992,"Kaçmıyorsan ara seçimden, elini aç, kaçak güreşme, en geniş coğrafyada yapalım bu seçimi.",negation,semantic,before,güreşme,elini,"aç,",güreş-NEG.IMP.2SG,güreş-me,42,49,26,35,16,19,10,13,34
116,14,post_cue_pre_ambiguity,False,2993,"Kaçmıyorsan ara seçimden, elini aç, kaçak güreşme, en geniş coğrafyada yapalım bu seçimi.",negation,semantic,before,güreşme,elini,"aç,",güreş-NEG.IMP.2SG,güreş-me,42,49,26,35,16,19,10,13,34
116,15,post_cue_pre_ambiguity,False,2994,"Kaçmıyorsan ara seçimden, elini aç, kaçak güreşme, en geniş coğrafyada yapalım bu seçimi.",negation,semantic,before,güreşme,elini,"aç,",güreş-NEG.IMP.2SG,güreş-me,42,49,26,35,16,19,10,13,34
116,16,ambiguity_onset,False,2995,"Kaçmıyorsan ara seçimden, elini aç, kaçak güreşme, en geniş coğrafyada yapalım bu seçimi.",negation,semantic,before,güreşme,elini,"aç,",güreş-NEG.IMP.2SG,güreş-me,42,49,26,35,16,19,10,13,34
116,17,ambiguity_onset,False,2996,"Kaçmıyorsan ara seçimden, elini aç, kaçak güreşme, en geniş coğrafyada yapalım bu seçimi.",negation,semantic,before,güreşme,elini,"aç,",güreş-NEG.IMP.2SG,güreş-me,42,49,26,35,16,19,10,13,34
116,18,ambiguity_onset,False,2997,"Kaçmıyorsan ara seçimden, elini aç, kaçak güreşme, en geniş coğrafyada yapalım bu seçimi.",negation,semantic,before,güreşme,elini,"aç,",güreş-NEG.IMP.2SG,güreş-me,42,49,26,35,16,19,10,13,34
116,19,ambiguity_onset,False,2998,"Kaçmıyorsan ara seçimden, elini aç, kaçak güreşme, en geniş coğrafyada yapalım bu seçimi.",negation,semantic,before,güreşme,elini,"aç,",güreş-NEG.IMP.2SG,güreş-me,42,49,26,35,16,19,10,13,34
116,20,post_cue,False,2999,"Kaçmıyorsan ara seçimden, elini aç, kaçak güreşme, en geniş coğrafyada yapalım bu seçimi.",negation,semantic,before,güreşme,elini,"aç,",güreş-NEG.IMP.2SG,güreş-me,42,49,26,35,16,19,10,13,34
116,21,post_cue,False,3000,"Kaçmıyorsan ara seçimden, elini aç, kaçak güreşme, en geniş coğrafyada yapalım bu seçimi.",negation,semantic,before,güreşme,elini,"aç,",güreş-NEG.IMP.2SG,güreş-me,42,49,26,35,16,19,10,13,34
116,22,post_cue,False,3001,"Kaçmıyorsan ara seçimden, elini aç, kaçak güreşme, en geniş coğrafyada yapalım bu seçimi.",negation,semantic,before,güreşme,elini,"aç,",güreş-NEG.IMP.2SG,güreş-me,42,49,26,35,16,19,10,13,34
116,23,post_cue,False,3002,"Kaçmıyorsan ara seçimden, elini aç, kaçak güreşme, en geniş coğrafyada yapalım bu seçimi.",negation,semantic,before,güreşme,elini,"aç,",güreş-NEG.IMP.2SG,güreş-me,42,49,26,35,16,19,10,13,34
116,24,post_cue,False,3003,"Kaçmıyorsan ara seçimden, elini aç, kaçak güreşme, en geniş coğrafyada yapalım bu seçimi.",negation,semantic,before,güreşme,elini,"aç,",güreş-NEG.IMP.2SG,güreş-me,42,49,26,35,16,19,10,13,34
116,25,post_cue,False,3004,"Kaçmıyorsan ara seçimden, elini aç, kaçak güreşme, en geniş coğrafyada yapalım bu seçimi.",negation,semantic,before,güreşme,elini,"aç,",güreş-NEG.IMP.2SG,güreş-me,42,49,26,35,16,19,10,13,34
116,26,post_cue,False,3005,"Kaçmıyorsan ara seçimden, elini aç, kaçak güreşme, en geniş coğrafyada yapalım bu seçimi.",negation,semantic,before,güreşme,elini,"aç,",güreş-NEG.IMP.2SG,güreş-me,42,49,26,35,16,19,10,13,34
116,27,post_cue,False,3006,"Kaçmıyorsan ara seçimden, elini aç, kaçak güreşme, en geniş coğrafyada yapalım bu seçimi.",negation,semantic,before,güreşme,elini,"aç,",güreş-NEG.IMP.2SG,güreş-me,42,49,26,35,16,19,10,13,34
116,28,post_cue,False,3007,"Kaçmıyorsan ara seçimden, elini aç, kaçak güreşme, en geniş coğrafyada yapalım bu seçimi.",negation,semantic,before,güreşme,elini,"aç,",güreş-NEG.IMP.2SG,güreş-me,42,49,26,35,16,19,10,13,34
116,29,post_cue,False,3008,"Kaçmıyorsan ara seçimden, elini aç, kaçak güreşme, en geniş coğrafyada yapalım bu seçimi.",negation,semantic,before,güreşme,elini,"aç,",güreş-NEG.IMP.2SG,güreş-me,42,49,26,35,16,19,10,13,34
116,30,post_cue,False,3009,"Kaçmıyorsan ara seçimden, elini aç, kaçak güreşme, en geniş coğrafyada yapalım bu seçimi.",negation,semantic,before,güreşme,elini,"aç,",güreş-NEG.IMP.2SG,güreş-me,42,49,26,35,16,19,10,13,34
116,31,post_cue,False,3010,"Kaçmıyorsan ara seçimden, elini aç, kaçak güreşme, en geniş coğrafyada yapalım bu seçimi.",negation,semantic,before,güreşme,elini,"aç,",güreş-NEG.IMP.2SG,güreş-me,42,49,26,35,16,19,10,13,34
116,32,post_cue,False,3011,"Kaçmıyorsan ara seçimden, elini aç, kaçak güreşme, en geniş coğrafyada yapalım bu seçimi.",negation,semantic,before,güreşme,elini,"aç,",güreş-NEG.IMP.2SG,güreş-me,42,49,26,35,16,19,10,13,34
116,33,full_sentence,True,3012,"Kaçmıyorsan ara seçimden, elini aç, kaçak güreşme, en geniş coğrafyada yapalım bu seçimi.",negation,semantic,before,güreşme,elini,"aç,",güreş-NEG.IMP.2SG,güreş-me,42,49,26,35,16,19,10,13,34
117,0,pre_ambiguity,False,3013,"Millet eline bayrak verdiyse o bayrağı bırakmayacaksın, döneklik yapma milletin sana en çok ihtiyacı olan şu günlerde.",negation,semantic,before,yapma,o,döneklik,yap-NEG.IMP.2SG,yap-ma,65,70,29,64,25,26,11,24,41
117,1,pre_ambiguity,False,3014,"Millet eline bayrak verdiyse o bayrağı bırakmayacaksın, döneklik yapma milletin sana en çok ihtiyacı olan şu günlerde.",negation,semantic,before,yapma,o,döneklik,yap-NEG.IMP.2SG,yap-ma,65,70,29,64,25,26,11,24,41
117,2,pre_ambiguity,False,3015,"Millet eline bayrak verdiyse o bayrağı bırakmayacaksın, döneklik yapma milletin sana en çok ihtiyacı olan şu günlerde.",negation,semantic,before,yapma,o,döneklik,yap-NEG.IMP.2SG,yap-ma,65,70,29,64,25,26,11,24,41
117,3,pre_ambiguity,False,3016,"Millet eline bayrak verdiyse o bayrağı bırakmayacaksın, döneklik yapma milletin sana en çok ihtiyacı olan şu günlerde.",negation,semantic,before,yapma,o,döneklik,yap-NEG.IMP.2SG,yap-ma,65,70,29,64,25,26,11,24,41
117,4,pre_ambiguity,False,3017,"Millet eline bayrak verdiyse o bayrağı bırakmayacaksın, döneklik yapma milletin sana en çok ihtiyacı olan şu günlerde.",negation,semantic,before,yapma,o,döneklik,yap-NEG.IMP.2SG,yap-ma,65,70,29,64,25,26,11,24,41
117,5,pre_ambiguity,False,3018,"Millet eline bayrak verdiyse o bayrağı bırakmayacaksın, döneklik yapma milletin sana en çok ihtiyacı olan şu günlerde.",negation,semantic,before,yapma,o,döneklik,yap-NEG.IMP.2SG,yap-ma,65,70,29,64,25,26,11,24,41
117,6,pre_ambiguity,False,3019,"Millet eline bayrak verdiyse o bayrağı bırakmayacaksın, döneklik yapma milletin sana en çok ihtiyacı olan şu günlerde.",negation,semantic,before,yapma,o,döneklik,yap-NEG.IMP.2SG,yap-ma,65,70,29,64,25,26,11,24,41
117,7,pre_ambiguity,False,3020,"Millet eline bayrak verdiyse o bayrağı bırakmayacaksın, döneklik yapma milletin sana en çok ihtiyacı olan şu günlerde.",negation,semantic,before,yapma,o,döneklik,yap-NEG.IMP.2SG,yap-ma,65,70,29,64,25,26,11,24,41
117,8,pre_ambiguity,False,3021,"Millet eline bayrak verdiyse o bayrağı bırakmayacaksın, döneklik yapma milletin sana en çok ihtiyacı olan şu günlerde.",negation,semantic,before,yapma,o,döneklik,yap-NEG.IMP.2SG,yap-ma,65,70,29,64,25,26,11,24,41
117,9,pre_ambiguity,False,3022,"Millet eline bayrak verdiyse o bayrağı bırakmayacaksın, döneklik yapma milletin sana en çok ihtiyacı olan şu günlerde.",negation,semantic,before,yapma,o,döneklik,yap-NEG.IMP.2SG,yap-ma,65,70,29,64,25,26,11,24,41
117,10,pre_ambiguity,False,3023,"Millet eline bayrak verdiyse o bayrağı bırakmayacaksın, döneklik yapma milletin sana en çok ihtiyacı olan şu günlerde.",negation,semantic,before,yapma,o,döneklik,yap-NEG.IMP.2SG,yap-ma,65,70,29,64,25,26,11,24,41
117,11,cue_onset,False,3024,"Millet eline bayrak verdiyse o bayrağı bırakmayacaksın, döneklik yapma milletin sana en çok ihtiyacı olan şu günlerde.",negation,semantic,before,yapma,o,döneklik,yap-NEG.IMP.2SG,yap-ma,65,70,29,64,25,26,11,24,41
117,12,cue_onset,False,3025,"Millet eline bayrak verdiyse o bayrağı bırakmayacaksın, döneklik yapma milletin sana en çok ihtiyacı olan şu günlerde.",negation,semantic,before,yapma,o,döneklik,yap-NEG.IMP.2SG,yap-ma,65,70,29,64,25,26,11,24,41
117,13,cue_onset,False,3026,"Millet eline bayrak verdiyse o bayrağı bırakmayacaksın, döneklik yapma milletin sana en çok ihtiyacı olan şu günlerde.",negation,semantic,before,yapma,o,döneklik,yap-NEG.IMP.2SG,yap-ma,65,70,29,64,25,26,11,24,41
117,14,cue_onset,False,3027,"Millet eline bayrak verdiyse o bayrağı bırakmayacaksın, döneklik yapma milletin sana en çok ihtiyacı olan şu günlerde.",negation,semantic,before,yapma,o,döneklik,yap-NEG.IMP.2SG,yap-ma,65,70,29,64,25,26,11,24,41
117,15,cue_onset,False,3028,"Millet eline bayrak verdiyse o bayrağı bırakmayacaksın, döneklik yapma milletin sana en çok ihtiyacı olan şu günlerde.",negation,semantic,before,yapma,o,döneklik,yap-NEG.IMP.2SG,yap-ma,65,70,29,64,25,26,11,24,41
117,16,cue_onset,False,3029,"Millet eline bayrak verdiyse o bayrağı bırakmayacaksın, döneklik yapma milletin sana en çok ihtiyacı olan şu günlerde.",negation,semantic,before,yapma,o,döneklik,yap-NEG.IMP.2SG,yap-ma,65,70,29,64,25,26,11,24,41
117,17,cue_onset,False,3030,"Millet eline bayrak verdiyse o bayrağı bırakmayacaksın, döneklik yapma milletin sana en çok ihtiyacı olan şu günlerde.",negation,semantic,before,yapma,o,döneklik,yap-NEG.IMP.2SG,yap-ma,65,70,29,64,25,26,11,24,41
117,18,cue_onset,False,3031,"Millet eline bayrak verdiyse o bayrağı bırakmayacaksın, döneklik yapma milletin sana en çok ihtiyacı olan şu günlerde.",negation,semantic,before,yapma,o,döneklik,yap-NEG.IMP.2SG,yap-ma,65,70,29,64,25,26,11,24,41
117,19,cue_onset,False,3032,"Millet eline bayrak verdiyse o bayrağı bırakmayacaksın, döneklik yapma milletin sana en çok ihtiyacı olan şu günlerde.",negation,semantic,before,yapma,o,döneklik,yap-NEG.IMP.2SG,yap-ma,65,70,29,64,25,26,11,24,41
117,20,cue_onset,False,3033,"Millet eline bayrak verdiyse o bayrağı bırakmayacaksın, döneklik yapma milletin sana en çok ihtiyacı olan şu günlerde.",negation,semantic,before,yapma,o,döneklik,yap-NEG.IMP.2SG,yap-ma,65,70,29,64,25,26,11,24,41
117,21,cue_onset,False,3034,"Millet eline bayrak verdiyse o bayrağı bırakmayacaksın, döneklik yapma milletin sana en çok ihtiyacı olan şu günlerde.",negation,semantic,before,yapma,o,döneklik,yap-NEG.IMP.2SG,yap-ma,65,70,29,64,25,26,11,24,41
117,22,cue_onset,False,3035,"Millet eline bayrak verdiyse o bayrağı bırakmayacaksın, döneklik yapma milletin sana en çok ihtiyacı olan şu günlerde.",negation,semantic,before,yapma,o,döneklik,yap-NEG.IMP.2SG,yap-ma,65,70,29,64,25,26,11,24,41
117,23,cue_onset,False,3036,"Millet eline bayrak verdiyse o bayrağı bırakmayacaksın, döneklik yapma milletin sana en çok ihtiyacı olan şu günlerde.",negation,semantic,before,yapma,o,döneklik,yap-NEG.IMP.2SG,yap-ma,65,70,29,64,25,26,11,24,41
117,24,cue_onset,False,3037,"Millet eline bayrak verdiyse o bayrağı bırakmayacaksın, döneklik yapma milletin sana en çok ihtiyacı olan şu günlerde.",negation,semantic,before,yapma,o,döneklik,yap-NEG.IMP.2SG,yap-ma,65,70,29,64,25,26,11,24,41
117,25,ambiguity_onset,False,3038,"Millet eline bayrak verdiyse o bayrağı bırakmayacaksın, döneklik yapma milletin sana en çok ihtiyacı olan şu günlerde.",negation,semantic,before,yapma,o,döneklik,yap-NEG.IMP.2SG,yap-ma,65,70,29,64,25,26,11,24,41
117,26,ambiguity_onset,False,3039,"Millet eline bayrak verdiyse o bayrağı bırakmayacaksın, döneklik yapma milletin sana en çok ihtiyacı olan şu günlerde.",negation,semantic,before,yapma,o,döneklik,yap-NEG.IMP.2SG,yap-ma,65,70,29,64,25,26,11,24,41
117,27,post_cue,False,3040,"Millet eline bayrak verdiyse o bayrağı bırakmayacaksın, döneklik yapma milletin sana en çok ihtiyacı olan şu günlerde.",negation,semantic,before,yapma,o,döneklik,yap-NEG.IMP.2SG,yap-ma,65,70,29,64,25,26,11,24,41
117,28,post_cue,False,3041,"Millet eline bayrak verdiyse o bayrağı bırakmayacaksın, döneklik yapma milletin sana en çok ihtiyacı olan şu günlerde.",negation,semantic,before,yapma,o,döneklik,yap-NEG.IMP.2SG,yap-ma,65,70,29,64,25,26,11,24,41
117,29,post_cue,False,3042,"Millet eline bayrak verdiyse o bayrağı bırakmayacaksın, döneklik yapma milletin sana en çok ihtiyacı olan şu günlerde.",negation,semantic,before,yapma,o,döneklik,yap-NEG.IMP.2SG,yap-ma,65,70,29,64,25,26,11,24,41
117,30,post_cue,False,3043,"Millet eline bayrak verdiyse o bayrağı bırakmayacaksın, döneklik yapma milletin sana en çok ihtiyacı olan şu günlerde.",negation,semantic,before,yapma,o,döneklik,yap-NEG.IMP.2SG,yap-ma,65,70,29,64,25,26,11,24,41
117,31,post_cue,False,3044,"Millet eline bayrak verdiyse o bayrağı bırakmayacaksın, döneklik yapma milletin sana en çok ihtiyacı olan şu günlerde.",negation,semantic,before,yapma,o,döneklik,yap-NEG.IMP.2SG,yap-ma,65,70,29,64,25,26,11,24,41
117,32,post_cue,False,3045,"Millet eline bayrak verdiyse o bayrağı bırakmayacaksın, döneklik yapma milletin sana en çok ihtiyacı olan şu günlerde.",negation,semantic,before,yapma,o,döneklik,yap-NEG.IMP.2SG,yap-ma,65,70,29,64,25,26,11,24,41
117,33,post_cue,False,3046,"Millet eline bayrak verdiyse o bayrağı bırakmayacaksın, döneklik yapma milletin sana en çok ihtiyacı olan şu günlerde.",negation,semantic,before,yapma,o,döneklik,yap-NEG.IMP.2SG,yap-ma,65,70,29,64,25,26,11,24,41
117,34,post_cue,False,3047,"Millet eline bayrak verdiyse o bayrağı bırakmayacaksın, döneklik yapma milletin sana en çok ihtiyacı olan şu günlerde.",negation,semantic,before,yapma,o,döneklik,yap-NEG.IMP.2SG,yap-ma,65,70,29,64,25,26,11,24,41
117,35,post_cue,False,3048,"Millet eline bayrak verdiyse o bayrağı bırakmayacaksın, döneklik yapma milletin sana en çok ihtiyacı olan şu günlerde.",negation,semantic,before,yapma,o,döneklik,yap-NEG.IMP.2SG,yap-ma,65,70,29,64,25,26,11,24,41
117,36,post_cue,False,3049,"Millet eline bayrak verdiyse o bayrağı bırakmayacaksın, döneklik yapma milletin sana en çok ihtiyacı olan şu günlerde.",negation,semantic,before,yapma,o,döneklik,yap-NEG.IMP.2SG,yap-ma,65,70,29,64,25,26,11,24,41
117,37,post_cue,False,3050,"Millet eline bayrak verdiyse o bayrağı bırakmayacaksın, döneklik yapma milletin sana en çok ihtiyacı olan şu günlerde.",negation,semantic,before,yapma,o,döneklik,yap-NEG.IMP.2SG,yap-ma,65,70,29,64,25,26,11,24,41
117,38,post_cue,False,3051,"Millet eline bayrak verdiyse o bayrağı bırakmayacaksın, döneklik yapma milletin sana en çok ihtiyacı olan şu günlerde.",negation,semantic,before,yapma,o,döneklik,yap-NEG.IMP.2SG,yap-ma,65,70,29,64,25,26,11,24,41
117,39,post_cue,False,3052,"Millet eline bayrak verdiyse o bayrağı bırakmayacaksın, döneklik yapma milletin sana en çok ihtiyacı olan şu günlerde.",negation,semantic,before,yapma,o,döneklik,yap-NEG.IMP.2SG,yap-ma,65,70,29,64,25,26,11,24,41
117,40,full_sentence,True,3053,"Millet eline bayrak verdiyse o bayrağı bırakmayacaksın, döneklik yapma milletin sana en çok ihtiyacı olan şu günlerde.",negation,semantic,before,yapma,o,döneklik,yap-NEG.IMP.2SG,yap-ma,65,70,29,64,25,26,11,24,41
118,0,pre_ambiguity,False,3054,"Ruhi Su’nun en bilinen eserlerinden biri olan bu parça, Gülcan Altan’ın yeni yorumuyla bugün dinleyiciyle buluştu, dinleme fırsatını kaçırma!",negation,semantic,before,kaçırma,dinleme,fırsatını,kaçır-NEG.IMP.2SG,kaçır-ma,133,140,115,132,42,44,37,41,46
118,1,pre_ambiguity,False,3055,"Ruhi Su’nun en bilinen eserlerinden biri olan bu parça, Gülcan Altan’ın yeni yorumuyla bugün dinleyiciyle buluştu, dinleme fırsatını kaçırma!",negation,semantic,before,kaçırma,dinleme,fırsatını,kaçır-NEG.IMP.2SG,kaçır-ma,133,140,115,132,42,44,37,41,46
118,2,pre_ambiguity,False,3056,"Ruhi Su’nun en bilinen eserlerinden biri olan bu parça, Gülcan Altan’ın yeni yorumuyla bugün dinleyiciyle buluştu, dinleme fırsatını kaçırma!",negation,semantic,before,kaçırma,dinleme,fırsatını,kaçır-NEG.IMP.2SG,kaçır-ma,133,140,115,132,42,44,37,41,46
118,3,pre_ambiguity,False,3057,"Ruhi Su’nun en bilinen eserlerinden biri olan bu parça, Gülcan Altan’ın yeni yorumuyla bugün dinleyiciyle buluştu, dinleme fırsatını kaçırma!",negation,semantic,before,kaçırma,dinleme,fırsatını,kaçır-NEG.IMP.2SG,kaçır-ma,133,140,115,132,42,44,37,41,46
118,4,pre_ambiguity,False,3058,"Ruhi Su’nun en bilinen eserlerinden biri olan bu parça, Gülcan Altan’ın yeni yorumuyla bugün dinleyiciyle buluştu, dinleme fırsatını kaçırma!",negation,semantic,before,kaçırma,dinleme,fırsatını,kaçır-NEG.IMP.2SG,kaçır-ma,133,140,115,132,42,44,37,41,46
118,5,pre_ambiguity,False,3059,"Ruhi Su’nun en bilinen eserlerinden biri olan bu parça, Gülcan Altan’ın yeni yorumuyla bugün dinleyiciyle buluştu, dinleme fırsatını kaçırma!",negation,semantic,before,kaçırma,dinleme,fırsatını,kaçır-NEG.IMP.2SG,kaçır-ma,133,140,115,132,42,44,37,41,46
118,6,pre_ambiguity,False,3060,"Ruhi Su’nun en bilinen eserlerinden biri olan bu parça, Gülcan Altan’ın yeni yorumuyla bugün dinleyiciyle buluştu, dinleme fırsatını kaçırma!",negation,semantic,before,kaçırma,dinleme,fırsatını,kaçır-NEG.IMP.2SG,kaçır-ma,133,140,115,132,42,44,37,41,46
118,7,pre_ambiguity,False,3061,"Ruhi Su’nun en bilinen eserlerinden biri olan bu parça, Gülcan Altan’ın yeni yorumuyla bugün dinleyiciyle buluştu, dinleme fırsatını kaçırma!",negation,semantic,before,kaçırma,dinleme,fırsatını,kaçır-NEG.IMP.2SG,kaçır-ma,133,140,115,132,42,44,37,41,46
118,8,pre_ambiguity,False,3062,"Ruhi Su’nun en bilinen eserlerinden biri olan bu parça, Gülcan Altan’ın yeni yorumuyla bugün dinleyiciyle buluştu, dinleme fırsatını kaçırma!",negation,semantic,before,kaçırma,dinleme,fırsatını,kaçır-NEG.IMP.2SG,kaçır-ma,133,140,115,132,42,44,37,41,46
118,9,pre_ambiguity,False,3063,"Ruhi Su’nun en bilinen eserlerinden biri olan bu parça, Gülcan Altan’ın yeni yorumuyla bugün dinleyiciyle buluştu, dinleme fırsatını kaçırma!",negation,semantic,before,kaçırma,dinleme,fırsatını,kaçır-NEG.IMP.2SG,kaçır-ma,133,140,115,132,42,44,37,41,46
118,10,pre_ambiguity,False,3064,"Ruhi Su’nun en bilinen eserlerinden biri olan bu parça, Gülcan Altan’ın yeni yorumuyla bugün dinleyiciyle buluştu, dinleme fırsatını kaçırma!",negation,semantic,before,kaçırma,dinleme,fırsatını,kaçır-NEG.IMP.2SG,kaçır-ma,133,140,115,132,42,44,37,41,46
118,11,pre_ambiguity,False,3065,"Ruhi Su’nun en bilinen eserlerinden biri olan bu parça, Gülcan Altan’ın yeni yorumuyla bugün dinleyiciyle buluştu, dinleme fırsatını kaçırma!",negation,semantic,before,kaçırma,dinleme,fırsatını,kaçır-NEG.IMP.2SG,kaçır-ma,133,140,115,132,42,44,37,41,46
118,12,pre_ambiguity,False,3066,"Ruhi Su’nun en bilinen eserlerinden biri olan bu parça, Gülcan Altan’ın yeni yorumuyla bugün dinleyiciyle buluştu, dinleme fırsatını kaçırma!",negation,semantic,before,kaçırma,dinleme,fırsatını,kaçır-NEG.IMP.2SG,kaçır-ma,133,140,115,132,42,44,37,41,46
118,13,pre_ambiguity,False,3067,"Ruhi Su’nun en bilinen eserlerinden biri olan bu parça, Gülcan Altan’ın yeni yorumuyla bugün dinleyiciyle buluştu, dinleme fırsatını kaçırma!",negation,semantic,before,kaçırma,dinleme,fırsatını,kaçır-NEG.IMP.2SG,kaçır-ma,133,140,115,132,42,44,37,41,46
118,14,pre_ambiguity,False,3068,"Ruhi Su’nun en bilinen eserlerinden biri olan bu parça, Gülcan Altan’ın yeni yorumuyla bugün dinleyiciyle buluştu, dinleme fırsatını kaçırma!",negation,semantic,before,kaçırma,dinleme,fırsatını,kaçır-NEG.IMP.2SG,kaçır-ma,133,140,115,132,42,44,37,41,46
118,15,pre_ambiguity,False,3069,"Ruhi Su’nun en bilinen eserlerinden biri olan bu parça, Gülcan Altan’ın yeni yorumuyla bugün dinleyiciyle buluştu, dinleme fırsatını kaçırma!",negation,semantic,before,kaçırma,dinleme,fırsatını,kaçır-NEG.IMP.2SG,kaçır-ma,133,140,115,132,42,44,37,41,46
118,16,pre_ambiguity,False,3070,"Ruhi Su’nun en bilinen eserlerinden biri olan bu parça, Gülcan Altan’ın yeni yorumuyla bugün dinleyiciyle buluştu, dinleme fırsatını kaçırma!",negation,semantic,before,kaçırma,dinleme,fırsatını,kaçır-NEG.IMP.2SG,kaçır-ma,133,140,115,132,42,44,37,41,46
118,17,pre_ambiguity,False,3071,"Ruhi Su’nun en bilinen eserlerinden biri olan bu parça, Gülcan Altan’ın yeni yorumuyla bugün dinleyiciyle buluştu, dinleme fırsatını kaçırma!",negation,semantic,before,kaçırma,dinleme,fırsatını,kaçır-NEG.IMP.2SG,kaçır-ma,133,140,115,132,42,44,37,41,46
118,18,pre_ambiguity,False,3072,"Ruhi Su’nun en bilinen eserlerinden biri olan bu parça, Gülcan Altan’ın yeni yorumuyla bugün dinleyiciyle buluştu, dinleme fırsatını kaçırma!",negation,semantic,before,kaçırma,dinleme,fırsatını,kaçır-NEG.IMP.2SG,kaçır-ma,133,140,115,132,42,44,37,41,46
118,19,pre_ambiguity,False,3073,"Ruhi Su’nun en bilinen eserlerinden biri olan bu parça, Gülcan Altan’ın yeni yorumuyla bugün dinleyiciyle buluştu, dinleme fırsatını kaçırma!",negation,semantic,before,kaçırma,dinleme,fırsatını,kaçır-NEG.IMP.2SG,kaçır-ma,133,140,115,132,42,44,37,41,46
118,20,pre_ambiguity,False,3074,"Ruhi Su’nun en bilinen eserlerinden biri olan bu parça, Gülcan Altan’ın yeni yorumuyla bugün dinleyiciyle buluştu, dinleme fırsatını kaçırma!",negation,semantic,before,kaçırma,dinleme,fırsatını,kaçır-NEG.IMP.2SG,kaçır-ma,133,140,115,132,42,44,37,41,46
118,21,pre_ambiguity,False,3075,"Ruhi Su’nun en bilinen eserlerinden biri olan bu parça, Gülcan Altan’ın yeni yorumuyla bugün dinleyiciyle buluştu, dinleme fırsatını kaçırma!",negation,semantic,before,kaçırma,dinleme,fırsatını,kaçır-NEG.IMP.2SG,kaçır-ma,133,140,115,132,42,44,37,41,46
118,22,pre_ambiguity,False,3076,"Ruhi Su’nun en bilinen eserlerinden biri olan bu parça, Gülcan Altan’ın yeni yorumuyla bugün dinleyiciyle buluştu, dinleme fırsatını kaçırma!",negation,semantic,before,kaçırma,dinleme,fırsatını,kaçır-NEG.IMP.2SG,kaçır-ma,133,140,115,132,42,44,37,41,46
118,23,pre_ambiguity,False,3077,"Ruhi Su’nun en bilinen eserlerinden biri olan bu parça, Gülcan Altan’ın yeni yorumuyla bugün dinleyiciyle buluştu, dinleme fırsatını kaçırma!",negation,semantic,before,kaçırma,dinleme,fırsatını,kaçır-NEG.IMP.2SG,kaçır-ma,133,140,115,132,42,44,37,41,46
118,24,pre_ambiguity,False,3078,"Ruhi Su’nun en bilinen eserlerinden biri olan bu parça, Gülcan Altan’ın yeni yorumuyla bugün dinleyiciyle buluştu, dinleme fırsatını kaçırma!",negation,semantic,before,kaçırma,dinleme,fırsatını,kaçır-NEG.IMP.2SG,kaçır-ma,133,140,115,132,42,44,37,41,46
118,25,pre_ambiguity,False,3079,"Ruhi Su’nun en bilinen eserlerinden biri olan bu parça, Gülcan Altan’ın yeni yorumuyla bugün dinleyiciyle buluştu, dinleme fırsatını kaçırma!",negation,semantic,before,kaçırma,dinleme,fırsatını,kaçır-NEG.IMP.2SG,kaçır-ma,133,140,115,132,42,44,37,41,46
118,26,pre_ambiguity,False,3080,"Ruhi Su’nun en bilinen eserlerinden biri olan bu parça, Gülcan Altan’ın yeni yorumuyla bugün dinleyiciyle buluştu, dinleme fırsatını kaçırma!",negation,semantic,before,kaçırma,dinleme,fırsatını,kaçır-NEG.IMP.2SG,kaçır-ma,133,140,115,132,42,44,37,41,46
118,27,pre_ambiguity,False,3081,"Ruhi Su’nun en bilinen eserlerinden biri olan bu parça, Gülcan Altan’ın yeni yorumuyla bugün dinleyiciyle buluştu, dinleme fırsatını kaçırma!",negation,semantic,before,kaçırma,dinleme,fırsatını,kaçır-NEG.IMP.2SG,kaçır-ma,133,140,115,132,42,44,37,41,46
118,28,pre_ambiguity,False,3082,"Ruhi Su’nun en bilinen eserlerinden biri olan bu parça, Gülcan Altan’ın yeni yorumuyla bugün dinleyiciyle buluştu, dinleme fırsatını kaçırma!",negation,semantic,before,kaçırma,dinleme,fırsatını,kaçır-NEG.IMP.2SG,kaçır-ma,133,140,115,132,42,44,37,41,46
118,29,pre_ambiguity,False,3083,"Ruhi Su’nun en bilinen eserlerinden biri olan bu parça, Gülcan Altan’ın yeni yorumuyla bugün dinleyiciyle buluştu, dinleme fırsatını kaçırma!",negation,semantic,before,kaçırma,dinleme,fırsatını,kaçır-NEG.IMP.2SG,kaçır-ma,133,140,115,132,42,44,37,41,46
118,30,pre_ambiguity,False,3084,"Ruhi Su’nun en bilinen eserlerinden biri olan bu parça, Gülcan Altan’ın yeni yorumuyla bugün dinleyiciyle buluştu, dinleme fırsatını kaçırma!",negation,semantic,before,kaçırma,dinleme,fırsatını,kaçır-NEG.IMP.2SG,kaçır-ma,133,140,115,132,42,44,37,41,46
118,31,pre_ambiguity,False,3085,"Ruhi Su’nun en bilinen eserlerinden biri olan bu parça, Gülcan Altan’ın yeni yorumuyla bugün dinleyiciyle buluştu, dinleme fırsatını kaçırma!",negation,semantic,before,kaçırma,dinleme,fırsatını,kaçır-NEG.IMP.2SG,kaçır-ma,133,140,115,132,42,44,37,41,46
118,32,pre_ambiguity,False,3086,"Ruhi Su’nun en bilinen eserlerinden biri olan bu parça, Gülcan Altan’ın yeni yorumuyla bugün dinleyiciyle buluştu, dinleme fırsatını kaçırma!",negation,semantic,before,kaçırma,dinleme,fırsatını,kaçır-NEG.IMP.2SG,kaçır-ma,133,140,115,132,42,44,37,41,46
118,33,pre_ambiguity,False,3087,"Ruhi Su’nun en bilinen eserlerinden biri olan bu parça, Gülcan Altan’ın yeni yorumuyla bugün dinleyiciyle buluştu, dinleme fırsatını kaçırma!",negation,semantic,before,kaçırma,dinleme,fırsatını,kaçır-NEG.IMP.2SG,kaçır-ma,133,140,115,132,42,44,37,41,46
118,34,pre_ambiguity,False,3088,"Ruhi Su’nun en bilinen eserlerinden biri olan bu parça, Gülcan Altan’ın yeni yorumuyla bugün dinleyiciyle buluştu, dinleme fırsatını kaçırma!",negation,semantic,before,kaçırma,dinleme,fırsatını,kaçır-NEG.IMP.2SG,kaçır-ma,133,140,115,132,42,44,37,41,46
118,35,pre_ambiguity,False,3089,"Ruhi Su’nun en bilinen eserlerinden biri olan bu parça, Gülcan Altan’ın yeni yorumuyla bugün dinleyiciyle buluştu, dinleme fırsatını kaçırma!",negation,semantic,before,kaçırma,dinleme,fırsatını,kaçır-NEG.IMP.2SG,kaçır-ma,133,140,115,132,42,44,37,41,46
118,36,pre_ambiguity,False,3090,"Ruhi Su’nun en bilinen eserlerinden biri olan bu parça, Gülcan Altan’ın yeni yorumuyla bugün dinleyiciyle buluştu, dinleme fırsatını kaçırma!",negation,semantic,before,kaçırma,dinleme,fırsatını,kaçır-NEG.IMP.2SG,kaçır-ma,133,140,115,132,42,44,37,41,46
118,37,cue_onset,False,3091,"Ruhi Su’nun en bilinen eserlerinden biri olan bu parça, Gülcan Altan’ın yeni yorumuyla bugün dinleyiciyle buluştu, dinleme fırsatını kaçırma!",negation,semantic,before,kaçırma,dinleme,fırsatını,kaçır-NEG.IMP.2SG,kaçır-ma,133,140,115,132,42,44,37,41,46
118,38,cue_onset,False,3092,"Ruhi Su’nun en bilinen eserlerinden biri olan bu parça, Gülcan Altan’ın yeni yorumuyla bugün dinleyiciyle buluştu, dinleme fırsatını kaçırma!",negation,semantic,before,kaçırma,dinleme,fırsatını,kaçır-NEG.IMP.2SG,kaçır-ma,133,140,115,132,42,44,37,41,46
118,39,cue_onset,False,3093,"Ruhi Su’nun en bilinen eserlerinden biri olan bu parça, Gülcan Altan’ın yeni yorumuyla bugün dinleyiciyle buluştu, dinleme fırsatını kaçırma!",negation,semantic,before,kaçırma,dinleme,fırsatını,kaçır-NEG.IMP.2SG,kaçır-ma,133,140,115,132,42,44,37,41,46
118,40,cue_onset,False,3094,"Ruhi Su’nun en bilinen eserlerinden biri olan bu parça, Gülcan Altan’ın yeni yorumuyla bugün dinleyiciyle buluştu, dinleme fırsatını kaçırma!",negation,semantic,before,kaçırma,dinleme,fırsatını,kaçır-NEG.IMP.2SG,kaçır-ma,133,140,115,132,42,44,37,41,46
118,41,cue_onset,False,3095,"Ruhi Su’nun en bilinen eserlerinden biri olan bu parça, Gülcan Altan’ın yeni yorumuyla bugün dinleyiciyle buluştu, dinleme fırsatını kaçırma!",negation,semantic,before,kaçırma,dinleme,fırsatını,kaçır-NEG.IMP.2SG,kaçır-ma,133,140,115,132,42,44,37,41,46
118,42,ambiguity_onset,False,3096,"Ruhi Su’nun en bilinen eserlerinden biri olan bu parça, Gülcan Altan’ın yeni yorumuyla bugün dinleyiciyle buluştu, dinleme fırsatını kaçırma!",negation,semantic,before,kaçırma,dinleme,fırsatını,kaçır-NEG.IMP.2SG,kaçır-ma,133,140,115,132,42,44,37,41,46
118,43,ambiguity_onset,False,3097,"Ruhi Su’nun en bilinen eserlerinden biri olan bu parça, Gülcan Altan’ın yeni yorumuyla bugün dinleyiciyle buluştu, dinleme fırsatını kaçırma!",negation,semantic,before,kaçırma,dinleme,fırsatını,kaçır-NEG.IMP.2SG,kaçır-ma,133,140,115,132,42,44,37,41,46
118,44,ambiguity_onset,False,3098,"Ruhi Su’nun en bilinen eserlerinden biri olan bu parça, Gülcan Altan’ın yeni yorumuyla bugün dinleyiciyle buluştu, dinleme fırsatını kaçırma!",negation,semantic,before,kaçırma,dinleme,fırsatını,kaçır-NEG.IMP.2SG,kaçır-ma,133,140,115,132,42,44,37,41,46
118,45,full_sentence,True,3099,"Ruhi Su’nun en bilinen eserlerinden biri olan bu parça, Gülcan Altan’ın yeni yorumuyla bugün dinleyiciyle buluştu, dinleme fırsatını kaçırma!",negation,semantic,before,kaçırma,dinleme,fırsatını,kaçır-NEG.IMP.2SG,kaçır-ma,133,140,115,132,42,44,37,41,46
119,0,cue_onset,False,3100,"Halka yalan söylemek suçtur, suç işleme, sen ahlaksız bir adam değilsin.",negation,semantic,before,işleme,Halka,suç,işle-NEG.IMP.2SG,işle-me,33,39,0,24,11,12,0,7,25
119,1,cue_onset,False,3101,"Halka yalan söylemek suçtur, suç işleme, sen ahlaksız bir adam değilsin.",negation,semantic,before,işleme,Halka,suç,işle-NEG.IMP.2SG,işle-me,33,39,0,24,11,12,0,7,25
119,2,cue_onset,False,3102,"Halka yalan söylemek suçtur, suç işleme, sen ahlaksız bir adam değilsin.",negation,semantic,before,işleme,Halka,suç,işle-NEG.IMP.2SG,işle-me,33,39,0,24,11,12,0,7,25
119,3,cue_onset,False,3103,"Halka yalan söylemek suçtur, suç işleme, sen ahlaksız bir adam değilsin.",negation,semantic,before,işleme,Halka,suç,işle-NEG.IMP.2SG,işle-me,33,39,0,24,11,12,0,7,25
119,4,cue_onset,False,3104,"Halka yalan söylemek suçtur, suç işleme, sen ahlaksız bir adam değilsin.",negation,semantic,before,işleme,Halka,suç,işle-NEG.IMP.2SG,işle-me,33,39,0,24,11,12,0,7,25
119,5,cue_onset,False,3105,"Halka yalan söylemek suçtur, suç işleme, sen ahlaksız bir adam değilsin.",negation,semantic,before,işleme,Halka,suç,işle-NEG.IMP.2SG,işle-me,33,39,0,24,11,12,0,7,25
119,6,cue_onset,False,3106,"Halka yalan söylemek suçtur, suç işleme, sen ahlaksız bir adam değilsin.",negation,semantic,before,işleme,Halka,suç,işle-NEG.IMP.2SG,işle-me,33,39,0,24,11,12,0,7,25
119,7,cue_onset,False,3107,"Halka yalan söylemek suçtur, suç işleme, sen ahlaksız bir adam değilsin.",negation,semantic,before,işleme,Halka,suç,işle-NEG.IMP.2SG,işle-me,33,39,0,24,11,12,0,7,25
119,8,post_cue_pre_ambiguity,False,3108,"Halka yalan söylemek suçtur, suç işleme, sen ahlaksız bir adam değilsin.",negation,semantic,before,işleme,Halka,suç,işle-NEG.IMP.2SG,işle-me,33,39,0,24,11,12,0,7,25
119,9,post_cue_pre_ambiguity,False,3109,"Halka yalan söylemek suçtur, suç işleme, sen ahlaksız bir adam değilsin.",negation,semantic,before,işleme,Halka,suç,işle-NEG.IMP.2SG,işle-me,33,39,0,24,11,12,0,7,25
119,10,post_cue_pre_ambiguity,False,3110,"Halka yalan söylemek suçtur, suç işleme, sen ahlaksız bir adam değilsin.",negation,semantic,before,işleme,Halka,suç,işle-NEG.IMP.2SG,işle-me,33,39,0,24,11,12,0,7,25
119,11,ambiguity_onset,False,3111,"Halka yalan söylemek suçtur, suç işleme, sen ahlaksız bir adam değilsin.",negation,semantic,before,işleme,Halka,suç,işle-NEG.IMP.2SG,işle-me,33,39,0,24,11,12,0,7,25
119,12,ambiguity_onset,False,3112,"Halka yalan söylemek suçtur, suç işleme, sen ahlaksız bir adam değilsin.",negation,semantic,before,işleme,Halka,suç,işle-NEG.IMP.2SG,işle-me,33,39,0,24,11,12,0,7,25
119,13,post_cue,False,3113,"Halka yalan söylemek suçtur, suç işleme, sen ahlaksız bir adam değilsin.",negation,semantic,before,işleme,Halka,suç,işle-NEG.IMP.2SG,işle-me,33,39,0,24,11,12,0,7,25
119,14,post_cue,False,3114,"Halka yalan söylemek suçtur, suç işleme, sen ahlaksız bir adam değilsin.",negation,semantic,before,işleme,Halka,suç,işle-NEG.IMP.2SG,işle-me,33,39,0,24,11,12,0,7,25
119,15,post_cue,False,3115,"Halka yalan söylemek suçtur, suç işleme, sen ahlaksız bir adam değilsin.",negation,semantic,before,işleme,Halka,suç,işle-NEG.IMP.2SG,işle-me,33,39,0,24,11,12,0,7,25
119,16,post_cue,False,3116,"Halka yalan söylemek suçtur, suç işleme, sen ahlaksız bir adam değilsin.",negation,semantic,before,işleme,Halka,suç,işle-NEG.IMP.2SG,işle-me,33,39,0,24,11,12,0,7,25
119,17,post_cue,False,3117,"Halka yalan söylemek suçtur, suç işleme, sen ahlaksız bir adam değilsin.",negation,semantic,before,işleme,Halka,suç,işle-NEG.IMP.2SG,işle-me,33,39,0,24,11,12,0,7,25
119,18,post_cue,False,3118,"Halka yalan söylemek suçtur, suç işleme, sen ahlaksız bir adam değilsin.",negation,semantic,before,işleme,Halka,suç,işle-NEG.IMP.2SG,işle-me,33,39,0,24,11,12,0,7,25
119,19,post_cue,False,3119,"Halka yalan söylemek suçtur, suç işleme, sen ahlaksız bir adam değilsin.",negation,semantic,before,işleme,Halka,suç,işle-NEG.IMP.2SG,işle-me,33,39,0,24,11,12,0,7,25
119,20,post_cue,False,3120,"Halka yalan söylemek suçtur, suç işleme, sen ahlaksız bir adam değilsin.",negation,semantic,before,işleme,Halka,suç,işle-NEG.IMP.2SG,işle-me,33,39,0,24,11,12,0,7,25
119,21,post_cue,False,3121,"Halka yalan söylemek suçtur, suç işleme, sen ahlaksız bir adam değilsin.",negation,semantic,before,işleme,Halka,suç,işle-NEG.IMP.2SG,işle-me,33,39,0,24,11,12,0,7,25
119,22,post_cue,False,3122,"Halka yalan söylemek suçtur, suç işleme, sen ahlaksız bir adam değilsin.",negation,semantic,before,işleme,Halka,suç,işle-NEG.IMP.2SG,işle-me,33,39,0,24,11,12,0,7,25
119,23,post_cue,False,3123,"Halka yalan söylemek suçtur, suç işleme, sen ahlaksız bir adam değilsin.",negation,semantic,before,işleme,Halka,suç,işle-NEG.IMP.2SG,işle-me,33,39,0,24,11,12,0,7,25
119,24,full_sentence,True,3124,"Halka yalan söylemek suçtur, suç işleme, sen ahlaksız bir adam değilsin.",negation,semantic,before,işleme,Halka,suç,işle-NEG.IMP.2SG,işle-me,33,39,0,24,11,12,0,7,25
120,0,pre_ambiguity,False,3125,"İbrahim Tatlıses hastaneden taburcu olduktan sonra vasiyetini açıklayacakmış, ölme eşeğim...",negation,semantic,before,ölme,hastaneden,"açıklayacakmış,",öl-NEG.IMP.2SG,öl-me,79,83,18,78,24,26,5,24,30
120,1,pre_ambiguity,False,3126,"İbrahim Tatlıses hastaneden taburcu olduktan sonra vasiyetini açıklayacakmış, ölme eşeğim...",negation,semantic,before,ölme,hastaneden,"açıklayacakmış,",öl-NEG.IMP.2SG,öl-me,79,83,18,78,24,26,5,24,30
120,2,pre_ambiguity,False,3127,"İbrahim Tatlıses hastaneden taburcu olduktan sonra vasiyetini açıklayacakmış, ölme eşeğim...",negation,semantic,before,ölme,hastaneden,"açıklayacakmış,",öl-NEG.IMP.2SG,öl-me,79,83,18,78,24,26,5,24,30
120,3,pre_ambiguity,False,3128,"İbrahim Tatlıses hastaneden taburcu olduktan sonra vasiyetini açıklayacakmış, ölme eşeğim...",negation,semantic,before,ölme,hastaneden,"açıklayacakmış,",öl-NEG.IMP.2SG,öl-me,79,83,18,78,24,26,5,24,30
120,4,pre_ambiguity,False,3129,"İbrahim Tatlıses hastaneden taburcu olduktan sonra vasiyetini açıklayacakmış, ölme eşeğim...",negation,semantic,before,ölme,hastaneden,"açıklayacakmış,",öl-NEG.IMP.2SG,öl-me,79,83,18,78,24,26,5,24,30
120,5,cue_onset,False,3130,"İbrahim Tatlıses hastaneden taburcu olduktan sonra vasiyetini açıklayacakmış, ölme eşeğim...",negation,semantic,before,ölme,hastaneden,"açıklayacakmış,",öl-NEG.IMP.2SG,öl-me,79,83,18,78,24,26,5,24,30
120,6,cue_onset,False,3131,"İbrahim Tatlıses hastaneden taburcu olduktan sonra vasiyetini açıklayacakmış, ölme eşeğim...",negation,semantic,before,ölme,hastaneden,"açıklayacakmış,",öl-NEG.IMP.2SG,öl-me,79,83,18,78,24,26,5,24,30
120,7,cue_onset,False,3132,"İbrahim Tatlıses hastaneden taburcu olduktan sonra vasiyetini açıklayacakmış, ölme eşeğim...",negation,semantic,before,ölme,hastaneden,"açıklayacakmış,",öl-NEG.IMP.2SG,öl-me,79,83,18,78,24,26,5,24,30
120,8,cue_onset,False,3133,"İbrahim Tatlıses hastaneden taburcu olduktan sonra vasiyetini açıklayacakmış, ölme eşeğim...",negation,semantic,before,ölme,hastaneden,"açıklayacakmış,",öl-NEG.IMP.2SG,öl-me,79,83,18,78,24,26,5,24,30
120,9,cue_onset,False,3134,"İbrahim Tatlıses hastaneden taburcu olduktan sonra vasiyetini açıklayacakmış, ölme eşeğim...",negation,semantic,before,ölme,hastaneden,"açıklayacakmış,",öl-NEG.IMP.2SG,öl-me,79,83,18,78,24,26,5,24,30
120,10,cue_onset,False,3135,"İbrahim Tatlıses hastaneden taburcu olduktan sonra vasiyetini açıklayacakmış, ölme eşeğim...",negation,semantic,before,ölme,hastaneden,"açıklayacakmış,",öl-NEG.IMP.2SG,öl-me,79,83,18,78,24,26,5,24,30
120,11,cue_onset,False,3136,"İbrahim Tatlıses hastaneden taburcu olduktan sonra vasiyetini açıklayacakmış, ölme eşeğim...",negation,semantic,before,ölme,hastaneden,"açıklayacakmış,",öl-NEG.IMP.2SG,öl-me,79,83,18,78,24,26,5,24,30
120,12,cue_onset,False,3137,"İbrahim Tatlıses hastaneden taburcu olduktan sonra vasiyetini açıklayacakmış, ölme eşeğim...",negation,semantic,before,ölme,hastaneden,"açıklayacakmış,",öl-NEG.IMP.2SG,öl-me,79,83,18,78,24,26,5,24,30
120,13,cue_onset,False,3138,"İbrahim Tatlıses hastaneden taburcu olduktan sonra vasiyetini açıklayacakmış, ölme eşeğim...",negation,semantic,before,ölme,hastaneden,"açıklayacakmış,",öl-NEG.IMP.2SG,öl-me,79,83,18,78,24,26,5,24,30
120,14,cue_onset,False,3139,"İbrahim Tatlıses hastaneden taburcu olduktan sonra vasiyetini açıklayacakmış, ölme eşeğim...",negation,semantic,before,ölme,hastaneden,"açıklayacakmış,",öl-NEG.IMP.2SG,öl-me,79,83,18,78,24,26,5,24,30
120,15,cue_onset,False,3140,"İbrahim Tatlıses hastaneden taburcu olduktan sonra vasiyetini açıklayacakmış, ölme eşeğim...",negation,semantic,before,ölme,hastaneden,"açıklayacakmış,",öl-NEG.IMP.2SG,öl-me,79,83,18,78,24,26,5,24,30
120,16,cue_onset,False,3141,"İbrahim Tatlıses hastaneden taburcu olduktan sonra vasiyetini açıklayacakmış, ölme eşeğim...",negation,semantic,before,ölme,hastaneden,"açıklayacakmış,",öl-NEG.IMP.2SG,öl-me,79,83,18,78,24,26,5,24,30
120,17,cue_onset,False,3142,"İbrahim Tatlıses hastaneden taburcu olduktan sonra vasiyetini açıklayacakmış, ölme eşeğim...",negation,semantic,before,ölme,hastaneden,"açıklayacakmış,",öl-NEG.IMP.2SG,öl-me,79,83,18,78,24,26,5,24,30
120,18,cue_onset,False,3143,"İbrahim Tatlıses hastaneden taburcu olduktan sonra vasiyetini açıklayacakmış, ölme eşeğim...",negation,semantic,before,ölme,hastaneden,"açıklayacakmış,",öl-NEG.IMP.2SG,öl-me,79,83,18,78,24,26,5,24,30
120,19,cue_onset,False,3144,"İbrahim Tatlıses hastaneden taburcu olduktan sonra vasiyetini açıklayacakmış, ölme eşeğim...",negation,semantic,before,ölme,hastaneden,"açıklayacakmış,",öl-NEG.IMP.2SG,öl-me,79,83,18,78,24,26,5,24,30
120,20,cue_onset,False,3145,"İbrahim Tatlıses hastaneden taburcu olduktan sonra vasiyetini açıklayacakmış, ölme eşeğim...",negation,semantic,before,ölme,hastaneden,"açıklayacakmış,",öl-NEG.IMP.2SG,öl-me,79,83,18,78,24,26,5,24,30
120,21,cue_onset,False,3146,"İbrahim Tatlıses hastaneden taburcu olduktan sonra vasiyetini açıklayacakmış, ölme eşeğim...",negation,semantic,before,ölme,hastaneden,"açıklayacakmış,",öl-NEG.IMP.2SG,öl-me,79,83,18,78,24,26,5,24,30
120,22,cue_onset,False,3147,"İbrahim Tatlıses hastaneden taburcu olduktan sonra vasiyetini açıklayacakmış, ölme eşeğim...",negation,semantic,before,ölme,hastaneden,"açıklayacakmış,",öl-NEG.IMP.2SG,öl-me,79,83,18,78,24,26,5,24,30
120,23,cue_onset,False,3148,"İbrahim Tatlıses hastaneden taburcu olduktan sonra vasiyetini açıklayacakmış, ölme eşeğim...",negation,semantic,before,ölme,hastaneden,"açıklayacakmış,",öl-NEG.IMP.2SG,öl-me,79,83,18,78,24,26,5,24,30
120,24,ambiguity_onset,False,3149,"İbrahim Tatlıses hastaneden taburcu olduktan sonra vasiyetini açıklayacakmış, ölme eşeğim...",negation,semantic,before,ölme,hastaneden,"açıklayacakmış,",öl-NEG.IMP.2SG,öl-me,79,83,18,78,24,26,5,24,30
120,25,ambiguity_onset,False,3150,"İbrahim Tatlıses hastaneden taburcu olduktan sonra vasiyetini açıklayacakmış, ölme eşeğim...",negation,semantic,before,ölme,hastaneden,"açıklayacakmış,",öl-NEG.IMP.2SG,öl-me,79,83,18,78,24,26,5,24,30
120,26,ambiguity_onset,False,3151,"İbrahim Tatlıses hastaneden taburcu olduktan sonra vasiyetini açıklayacakmış, ölme eşeğim...",negation,semantic,before,ölme,hastaneden,"açıklayacakmış,",öl-NEG.IMP.2SG,öl-me,79,83,18,78,24,26,5,24,30
120,27,post_cue,False,3152,"İbrahim Tatlıses hastaneden taburcu olduktan sonra vasiyetini açıklayacakmış, ölme eşeğim...",negation,semantic,before,ölme,hastaneden,"açıklayacakmış,",öl-NEG.IMP.2SG,öl-me,79,83,18,78,24,26,5,24,30
120,28,post_cue,False,3153,"İbrahim Tatlıses hastaneden taburcu olduktan sonra vasiyetini açıklayacakmış, ölme eşeğim...",negation,semantic,before,ölme,hastaneden,"açıklayacakmış,",öl-NEG.IMP.2SG,öl-me,79,83,18,78,24,26,5,24,30
120,29,full_sentence,True,3154,"İbrahim Tatlıses hastaneden taburcu olduktan sonra vasiyetini açıklayacakmış, ölme eşeğim...",negation,semantic,before,ölme,hastaneden,"açıklayacakmış,",öl-NEG.IMP.2SG,öl-me,79,83,18,78,24,26,5,24,30
121,0,cue_onset,False,3155,"Yok solucan olsam beni sever misin, yok 250 kilo olsam beni beğenir misin, adamı delirtme Emine!",negation,semantic,before,delirtme,Yok,adamı,delirt-NEG.IMP.2SG,delirt-me,81,89,0,80,33,35,0,32,39
121,1,cue_onset,False,3156,"Yok solucan olsam beni sever misin, yok 250 kilo olsam beni beğenir misin, adamı delirtme Emine!",negation,semantic,before,delirtme,Yok,adamı,delirt-NEG.IMP.2SG,delirt-me,81,89,0,80,33,35,0,32,39
121,2,cue_onset,False,3157,"Yok solucan olsam beni sever misin, yok 250 kilo olsam beni beğenir misin, adamı delirtme Emine!",negation,semantic,before,delirtme,Yok,adamı,delirt-NEG.IMP.2SG,delirt-me,81,89,0,80,33,35,0,32,39
121,3,cue_onset,False,3158,"Yok solucan olsam beni sever misin, yok 250 kilo olsam beni beğenir misin, adamı delirtme Emine!",negation,semantic,before,delirtme,Yok,adamı,delirt-NEG.IMP.2SG,delirt-me,81,89,0,80,33,35,0,32,39
121,4,cue_onset,False,3159,"Yok solucan olsam beni sever misin, yok 250 kilo olsam beni beğenir misin, adamı delirtme Emine!",negation,semantic,before,delirtme,Yok,adamı,delirt-NEG.IMP.2SG,delirt-me,81,89,0,80,33,35,0,32,39
121,5,cue_onset,False,3160,"Yok solucan olsam beni sever misin, yok 250 kilo olsam beni beğenir misin, adamı delirtme Emine!",negation,semantic,before,delirtme,Yok,adamı,delirt-NEG.IMP.2SG,delirt-me,81,89,0,80,33,35,0,32,39
121,6,cue_onset,False,3161,"Yok solucan olsam beni sever misin, yok 250 kilo olsam beni beğenir misin, adamı delirtme Emine!",negation,semantic,before,delirtme,Yok,adamı,delirt-NEG.IMP.2SG,delirt-me,81,89,0,80,33,35,0,32,39
121,7,cue_onset,False,3162,"Yok solucan olsam beni sever misin, yok 250 kilo olsam beni beğenir misin, adamı delirtme Emine!",negation,semantic,before,delirtme,Yok,adamı,delirt-NEG.IMP.2SG,delirt-me,81,89,0,80,33,35,0,32,39
121,8,cue_onset,False,3163,"Yok solucan olsam beni sever misin, yok 250 kilo olsam beni beğenir misin, adamı delirtme Emine!",negation,semantic,before,delirtme,Yok,adamı,delirt-NEG.IMP.2SG,delirt-me,81,89,0,80,33,35,0,32,39
121,9,cue_onset,False,3164,"Yok solucan olsam beni sever misin, yok 250 kilo olsam beni beğenir misin, adamı delirtme Emine!",negation,semantic,before,delirtme,Yok,adamı,delirt-NEG.IMP.2SG,delirt-me,81,89,0,80,33,35,0,32,39
121,10,cue_onset,False,3165,"Yok solucan olsam beni sever misin, yok 250 kilo olsam beni beğenir misin, adamı delirtme Emine!",negation,semantic,before,delirtme,Yok,adamı,delirt-NEG.IMP.2SG,delirt-me,81,89,0,80,33,35,0,32,39
121,11,cue_onset,False,3166,"Yok solucan olsam beni sever misin, yok 250 kilo olsam beni beğenir misin, adamı delirtme Emine!",negation,semantic,before,delirtme,Yok,adamı,delirt-NEG.IMP.2SG,delirt-me,81,89,0,80,33,35,0,32,39
121,12,cue_onset,False,3167,"Yok solucan olsam beni sever misin, yok 250 kilo olsam beni beğenir misin, adamı delirtme Emine!",negation,semantic,before,delirtme,Yok,adamı,delirt-NEG.IMP.2SG,delirt-me,81,89,0,80,33,35,0,32,39
121,13,cue_onset,False,3168,"Yok solucan olsam beni sever misin, yok 250 kilo olsam beni beğenir misin, adamı delirtme Emine!",negation,semantic,before,delirtme,Yok,adamı,delirt-NEG.IMP.2SG,delirt-me,81,89,0,80,33,35,0,32,39
121,14,cue_onset,False,3169,"Yok solucan olsam beni sever misin, yok 250 kilo olsam beni beğenir misin, adamı delirtme Emine!",negation,semantic,before,delirtme,Yok,adamı,delirt-NEG.IMP.2SG,delirt-me,81,89,0,80,33,35,0,32,39
121,15,cue_onset,False,3170,"Yok solucan olsam beni sever misin, yok 250 kilo olsam beni beğenir misin, adamı delirtme Emine!",negation,semantic,before,delirtme,Yok,adamı,delirt-NEG.IMP.2SG,delirt-me,81,89,0,80,33,35,0,32,39
121,16,cue_onset,False,3171,"Yok solucan olsam beni sever misin, yok 250 kilo olsam beni beğenir misin, adamı delirtme Emine!",negation,semantic,before,delirtme,Yok,adamı,delirt-NEG.IMP.2SG,delirt-me,81,89,0,80,33,35,0,32,39
121,17,cue_onset,False,3172,"Yok solucan olsam beni sever misin, yok 250 kilo olsam beni beğenir misin, adamı delirtme Emine!",negation,semantic,before,delirtme,Yok,adamı,delirt-NEG.IMP.2SG,delirt-me,81,89,0,80,33,35,0,32,39
121,18,cue_onset,False,3173,"Yok solucan olsam beni sever misin, yok 250 kilo olsam beni beğenir misin, adamı delirtme Emine!",negation,semantic,before,delirtme,Yok,adamı,delirt-NEG.IMP.2SG,delirt-me,81,89,0,80,33,35,0,32,39
121,19,cue_onset,False,3174,"Yok solucan olsam beni sever misin, yok 250 kilo olsam beni beğenir misin, adamı delirtme Emine!",negation,semantic,before,delirtme,Yok,adamı,delirt-NEG.IMP.2SG,delirt-me,81,89,0,80,33,35,0,32,39
121,20,cue_onset,False,3175,"Yok solucan olsam beni sever misin, yok 250 kilo olsam beni beğenir misin, adamı delirtme Emine!",negation,semantic,before,delirtme,Yok,adamı,delirt-NEG.IMP.2SG,delirt-me,81,89,0,80,33,35,0,32,39
121,21,cue_onset,False,3176,"Yok solucan olsam beni sever misin, yok 250 kilo olsam beni beğenir misin, adamı delirtme Emine!",negation,semantic,before,delirtme,Yok,adamı,delirt-NEG.IMP.2SG,delirt-me,81,89,0,80,33,35,0,32,39
121,22,cue_onset,False,3177,"Yok solucan olsam beni sever misin, yok 250 kilo olsam beni beğenir misin, adamı delirtme Emine!",negation,semantic,before,delirtme,Yok,adamı,delirt-NEG.IMP.2SG,delirt-me,81,89,0,80,33,35,0,32,39
121,23,cue_onset,False,3178,"Yok solucan olsam beni sever misin, yok 250 kilo olsam beni beğenir misin, adamı delirtme Emine!",negation,semantic,before,delirtme,Yok,adamı,delirt-NEG.IMP.2SG,delirt-me,81,89,0,80,33,35,0,32,39
121,24,cue_onset,False,3179,"Yok solucan olsam beni sever misin, yok 250 kilo olsam beni beğenir misin, adamı delirtme Emine!",negation,semantic,before,delirtme,Yok,adamı,delirt-NEG.IMP.2SG,delirt-me,81,89,0,80,33,35,0,32,39
121,25,cue_onset,False,3180,"Yok solucan olsam beni sever misin, yok 250 kilo olsam beni beğenir misin, adamı delirtme Emine!",negation,semantic,before,delirtme,Yok,adamı,delirt-NEG.IMP.2SG,delirt-me,81,89,0,80,33,35,0,32,39
121,26,cue_onset,False,3181,"Yok solucan olsam beni sever misin, yok 250 kilo olsam beni beğenir misin, adamı delirtme Emine!",negation,semantic,before,delirtme,Yok,adamı,delirt-NEG.IMP.2SG,delirt-me,81,89,0,80,33,35,0,32,39
121,27,cue_onset,False,3182,"Yok solucan olsam beni sever misin, yok 250 kilo olsam beni beğenir misin, adamı delirtme Emine!",negation,semantic,before,delirtme,Yok,adamı,delirt-NEG.IMP.2SG,delirt-me,81,89,0,80,33,35,0,32,39
121,28,cue_onset,False,3183,"Yok solucan olsam beni sever misin, yok 250 kilo olsam beni beğenir misin, adamı delirtme Emine!",negation,semantic,before,delirtme,Yok,adamı,delirt-NEG.IMP.2SG,delirt-me,81,89,0,80,33,35,0,32,39
121,29,cue_onset,False,3184,"Yok solucan olsam beni sever misin, yok 250 kilo olsam beni beğenir misin, adamı delirtme Emine!",negation,semantic,before,delirtme,Yok,adamı,delirt-NEG.IMP.2SG,delirt-me,81,89,0,80,33,35,0,32,39
121,30,cue_onset,False,3185,"Yok solucan olsam beni sever misin, yok 250 kilo olsam beni beğenir misin, adamı delirtme Emine!",negation,semantic,before,delirtme,Yok,adamı,delirt-NEG.IMP.2SG,delirt-me,81,89,0,80,33,35,0,32,39
121,31,cue_onset,False,3186,"Yok solucan olsam beni sever misin, yok 250 kilo olsam beni beğenir misin, adamı delirtme Emine!",negation,semantic,before,delirtme,Yok,adamı,delirt-NEG.IMP.2SG,delirt-me,81,89,0,80,33,35,0,32,39
121,32,cue_onset,False,3187,"Yok solucan olsam beni sever misin, yok 250 kilo olsam beni beğenir misin, adamı delirtme Emine!",negation,semantic,before,delirtme,Yok,adamı,delirt-NEG.IMP.2SG,delirt-me,81,89,0,80,33,35,0,32,39
121,33,ambiguity_onset,False,3188,"Yok solucan olsam beni sever misin, yok 250 kilo olsam beni beğenir misin, adamı delirtme Emine!",negation,semantic,before,delirtme,Yok,adamı,delirt-NEG.IMP.2SG,delirt-me,81,89,0,80,33,35,0,32,39
121,34,ambiguity_onset,False,3189,"Yok solucan olsam beni sever misin, yok 250 kilo olsam beni beğenir misin, adamı delirtme Emine!",negation,semantic,before,delirtme,Yok,adamı,delirt-NEG.IMP.2SG,delirt-me,81,89,0,80,33,35,0,32,39
121,35,ambiguity_onset,False,3190,"Yok solucan olsam beni sever misin, yok 250 kilo olsam beni beğenir misin, adamı delirtme Emine!",negation,semantic,before,delirtme,Yok,adamı,delirt-NEG.IMP.2SG,delirt-me,81,89,0,80,33,35,0,32,39
121,36,post_cue,False,3191,"Yok solucan olsam beni sever misin, yok 250 kilo olsam beni beğenir misin, adamı delirtme Emine!",negation,semantic,before,delirtme,Yok,adamı,delirt-NEG.IMP.2SG,delirt-me,81,89,0,80,33,35,0,32,39
121,37,post_cue,False,3192,"Yok solucan olsam beni sever misin, yok 250 kilo olsam beni beğenir misin, adamı delirtme Emine!",negation,semantic,before,delirtme,Yok,adamı,delirt-NEG.IMP.2SG,delirt-me,81,89,0,80,33,35,0,32,39
121,38,full_sentence,True,3193,"Yok solucan olsam beni sever misin, yok 250 kilo olsam beni beğenir misin, adamı delirtme Emine!",negation,semantic,before,delirtme,Yok,adamı,delirt-NEG.IMP.2SG,delirt-me,81,89,0,80,33,35,0,32,39
122,0,pre_ambiguity,False,3194,"Akademisyen dediğin yazdığı kadar da okur, okuma akademisyenin en önemli işlerinden biridir.",nominalizer,semantic,before,okuma,yazdığı,okur,oku-NMLZ,oku-ma,43,48,20,41,15,16,8,13,31
122,1,pre_ambiguity,False,3195,"Akademisyen dediğin yazdığı kadar da okur, okuma akademisyenin en önemli işlerinden biridir.",nominalizer,semantic,before,okuma,yazdığı,okur,oku-NMLZ,oku-ma,43,48,20,41,15,16,8,13,31
122,2,pre_ambiguity,False,3196,"Akademisyen dediğin yazdığı kadar da okur, okuma akademisyenin en önemli işlerinden biridir.",nominalizer,semantic,before,okuma,yazdığı,okur,oku-NMLZ,oku-ma,43,48,20,41,15,16,8,13,31
122,3,pre_ambiguity,False,3197,"Akademisyen dediğin yazdığı kadar da okur, okuma akademisyenin en önemli işlerinden biridir.",nominalizer,semantic,before,okuma,yazdığı,okur,oku-NMLZ,oku-ma,43,48,20,41,15,16,8,13,31
122,4,pre_ambiguity,False,3198,"Akademisyen dediğin yazdığı kadar da okur, okuma akademisyenin en önemli işlerinden biridir.",nominalizer,semantic,before,okuma,yazdığı,okur,oku-NMLZ,oku-ma,43,48,20,41,15,16,8,13,31
122,5,pre_ambiguity,False,3199,"Akademisyen dediğin yazdığı kadar da okur, okuma akademisyenin en önemli işlerinden biridir.",nominalizer,semantic,before,okuma,yazdığı,okur,oku-NMLZ,oku-ma,43,48,20,41,15,16,8,13,31
122,6,pre_ambiguity,False,3200,"Akademisyen dediğin yazdığı kadar da okur, okuma akademisyenin en önemli işlerinden biridir.",nominalizer,semantic,before,okuma,yazdığı,okur,oku-NMLZ,oku-ma,43,48,20,41,15,16,8,13,31
122,7,pre_ambiguity,False,3201,"Akademisyen dediğin yazdığı kadar da okur, okuma akademisyenin en önemli işlerinden biridir.",nominalizer,semantic,before,okuma,yazdığı,okur,oku-NMLZ,oku-ma,43,48,20,41,15,16,8,13,31
122,8,cue_onset,False,3202,"Akademisyen dediğin yazdığı kadar da okur, okuma akademisyenin en önemli işlerinden biridir.",nominalizer,semantic,before,okuma,yazdığı,okur,oku-NMLZ,oku-ma,43,48,20,41,15,16,8,13,31
122,9,cue_onset,False,3203,"Akademisyen dediğin yazdığı kadar da okur, okuma akademisyenin en önemli işlerinden biridir.",nominalizer,semantic,before,okuma,yazdığı,okur,oku-NMLZ,oku-ma,43,48,20,41,15,16,8,13,31
122,10,cue_onset,False,3204,"Akademisyen dediğin yazdığı kadar da okur, okuma akademisyenin en önemli işlerinden biridir.",nominalizer,semantic,before,okuma,yazdığı,okur,oku-NMLZ,oku-ma,43,48,20,41,15,16,8,13,31
122,11,cue_onset,False,3205,"Akademisyen dediğin yazdığı kadar da okur, okuma akademisyenin en önemli işlerinden biridir.",nominalizer,semantic,before,okuma,yazdığı,okur,oku-NMLZ,oku-ma,43,48,20,41,15,16,8,13,31
122,12,cue_onset,False,3206,"Akademisyen dediğin yazdığı kadar da okur, okuma akademisyenin en önemli işlerinden biridir.",nominalizer,semantic,before,okuma,yazdığı,okur,oku-NMLZ,oku-ma,43,48,20,41,15,16,8,13,31
122,13,cue_onset,False,3207,"Akademisyen dediğin yazdığı kadar da okur, okuma akademisyenin en önemli işlerinden biridir.",nominalizer,semantic,before,okuma,yazdığı,okur,oku-NMLZ,oku-ma,43,48,20,41,15,16,8,13,31
122,14,post_cue_pre_ambiguity,False,3208,"Akademisyen dediğin yazdığı kadar da okur, okuma akademisyenin en önemli işlerinden biridir.",nominalizer,semantic,before,okuma,yazdığı,okur,oku-NMLZ,oku-ma,43,48,20,41,15,16,8,13,31
122,15,ambiguity_onset,False,3209,"Akademisyen dediğin yazdığı kadar da okur, okuma akademisyenin en önemli işlerinden biridir.",nominalizer,semantic,before,okuma,yazdığı,okur,oku-NMLZ,oku-ma,43,48,20,41,15,16,8,13,31
122,16,ambiguity_onset,False,3210,"Akademisyen dediğin yazdığı kadar da okur, okuma akademisyenin en önemli işlerinden biridir.",nominalizer,semantic,before,okuma,yazdığı,okur,oku-NMLZ,oku-ma,43,48,20,41,15,16,8,13,31
122,17,post_cue,False,3211,"Akademisyen dediğin yazdığı kadar da okur, okuma akademisyenin en önemli işlerinden biridir.",nominalizer,semantic,before,okuma,yazdığı,okur,oku-NMLZ,oku-ma,43,48,20,41,15,16,8,13,31
122,18,post_cue,False,3212,"Akademisyen dediğin yazdığı kadar da okur, okuma akademisyenin en önemli işlerinden biridir.",nominalizer,semantic,before,okuma,yazdığı,okur,oku-NMLZ,oku-ma,43,48,20,41,15,16,8,13,31
122,19,post_cue,False,3213,"Akademisyen dediğin yazdığı kadar da okur, okuma akademisyenin en önemli işlerinden biridir.",nominalizer,semantic,before,okuma,yazdığı,okur,oku-NMLZ,oku-ma,43,48,20,41,15,16,8,13,31
122,20,post_cue,False,3214,"Akademisyen dediğin yazdığı kadar da okur, okuma akademisyenin en önemli işlerinden biridir.",nominalizer,semantic,before,okuma,yazdığı,okur,oku-NMLZ,oku-ma,43,48,20,41,15,16,8,13,31
122,21,post_cue,False,3215,"Akademisyen dediğin yazdığı kadar da okur, okuma akademisyenin en önemli işlerinden biridir.",nominalizer,semantic,before,okuma,yazdığı,okur,oku-NMLZ,oku-ma,43,48,20,41,15,16,8,13,31
122,22,post_cue,False,3216,"Akademisyen dediğin yazdığı kadar da okur, okuma akademisyenin en önemli işlerinden biridir.",nominalizer,semantic,before,okuma,yazdığı,okur,oku-NMLZ,oku-ma,43,48,20,41,15,16,8,13,31
122,23,post_cue,False,3217,"Akademisyen dediğin yazdığı kadar da okur, okuma akademisyenin en önemli işlerinden biridir.",nominalizer,semantic,before,okuma,yazdığı,okur,oku-NMLZ,oku-ma,43,48,20,41,15,16,8,13,31
122,24,post_cue,False,3218,"Akademisyen dediğin yazdığı kadar da okur, okuma akademisyenin en önemli işlerinden biridir.",nominalizer,semantic,before,okuma,yazdığı,okur,oku-NMLZ,oku-ma,43,48,20,41,15,16,8,13,31
122,25,post_cue,False,3219,"Akademisyen dediğin yazdığı kadar da okur, okuma akademisyenin en önemli işlerinden biridir.",nominalizer,semantic,before,okuma,yazdığı,okur,oku-NMLZ,oku-ma,43,48,20,41,15,16,8,13,31
122,26,post_cue,False,3220,"Akademisyen dediğin yazdığı kadar da okur, okuma akademisyenin en önemli işlerinden biridir.",nominalizer,semantic,before,okuma,yazdığı,okur,oku-NMLZ,oku-ma,43,48,20,41,15,16,8,13,31
122,27,post_cue,False,3221,"Akademisyen dediğin yazdığı kadar da okur, okuma akademisyenin en önemli işlerinden biridir.",nominalizer,semantic,before,okuma,yazdığı,okur,oku-NMLZ,oku-ma,43,48,20,41,15,16,8,13,31
122,28,post_cue,False,3222,"Akademisyen dediğin yazdığı kadar da okur, okuma akademisyenin en önemli işlerinden biridir.",nominalizer,semantic,before,okuma,yazdığı,okur,oku-NMLZ,oku-ma,43,48,20,41,15,16,8,13,31
122,29,post_cue,False,3223,"Akademisyen dediğin yazdığı kadar da okur, okuma akademisyenin en önemli işlerinden biridir.",nominalizer,semantic,before,okuma,yazdığı,okur,oku-NMLZ,oku-ma,43,48,20,41,15,16,8,13,31
122,30,full_sentence,True,3224,"Akademisyen dediğin yazdığı kadar da okur, okuma akademisyenin en önemli işlerinden biridir.",nominalizer,semantic,before,okuma,yazdığı,okur,oku-NMLZ,oku-ma,43,48,20,41,15,16,8,13,31
123,0,cue_onset,False,3225,"ARGE'nin anlamında ben araştırma var diye biliyorum, yanlış mıyım?",nominalizer,semantic,before,araştırma,ARGE'nin,anlamında,araştır-NMLZ,araştır-ma,23,32,0,18,6,6,0,4,20
123,1,cue_onset,False,3226,"ARGE'nin anlamında ben araştırma var diye biliyorum, yanlış mıyım?",nominalizer,semantic,before,araştırma,ARGE'nin,anlamında,araştır-NMLZ,araştır-ma,23,32,0,18,6,6,0,4,20
123,2,cue_onset,False,3227,"ARGE'nin anlamında ben araştırma var diye biliyorum, yanlış mıyım?",nominalizer,semantic,before,araştırma,ARGE'nin,anlamında,araştır-NMLZ,araştır-ma,23,32,0,18,6,6,0,4,20
123,3,cue_onset,False,3228,"ARGE'nin anlamında ben araştırma var diye biliyorum, yanlış mıyım?",nominalizer,semantic,before,araştırma,ARGE'nin,anlamında,araştır-NMLZ,araştır-ma,23,32,0,18,6,6,0,4,20
123,4,cue_onset,False,3229,"ARGE'nin anlamında ben araştırma var diye biliyorum, yanlış mıyım?",nominalizer,semantic,before,araştırma,ARGE'nin,anlamında,araştır-NMLZ,araştır-ma,23,32,0,18,6,6,0,4,20
123,5,post_cue_pre_ambiguity,False,3230,"ARGE'nin anlamında ben araştırma var diye biliyorum, yanlış mıyım?",nominalizer,semantic,before,araştırma,ARGE'nin,anlamında,araştır-NMLZ,araştır-ma,23,32,0,18,6,6,0,4,20
123,6,ambiguity_onset,False,3231,"ARGE'nin anlamında ben araştırma var diye biliyorum, yanlış mıyım?",nominalizer,semantic,before,araştırma,ARGE'nin,anlamında,araştır-NMLZ,araştır-ma,23,32,0,18,6,6,0,4,20
123,7,post_cue,False,3232,"ARGE'nin anlamında ben araştırma var diye biliyorum, yanlış mıyım?",nominalizer,semantic,before,araştırma,ARGE'nin,anlamında,araştır-NMLZ,araştır-ma,23,32,0,18,6,6,0,4,20
123,8,post_cue,False,3233,"ARGE'nin anlamında ben araştırma var diye biliyorum, yanlış mıyım?",nominalizer,semantic,before,araştırma,ARGE'nin,anlamında,araştır-NMLZ,araştır-ma,23,32,0,18,6,6,0,4,20
123,9,post_cue,False,3234,"ARGE'nin anlamında ben araştırma var diye biliyorum, yanlış mıyım?",nominalizer,semantic,before,araştırma,ARGE'nin,anlamında,araştır-NMLZ,araştır-ma,23,32,0,18,6,6,0,4,20
123,10,post_cue,False,3235,"ARGE'nin anlamında ben araştırma var diye biliyorum, yanlış mıyım?",nominalizer,semantic,before,araştırma,ARGE'nin,anlamında,araştır-NMLZ,araştır-ma,23,32,0,18,6,6,0,4,20
123,11,post_cue,False,3236,"ARGE'nin anlamında ben araştırma var diye biliyorum, yanlış mıyım?",nominalizer,semantic,before,araştırma,ARGE'nin,anlamında,araştır-NMLZ,araştır-ma,23,32,0,18,6,6,0,4,20
123,12,post_cue,False,3237,"ARGE'nin anlamında ben araştırma var diye biliyorum, yanlış mıyım?",nominalizer,semantic,before,araştırma,ARGE'nin,anlamında,araştır-NMLZ,araştır-ma,23,32,0,18,6,6,0,4,20
123,13,post_cue,False,3238,"ARGE'nin anlamında ben araştırma var diye biliyorum, yanlış mıyım?",nominalizer,semantic,before,araştırma,ARGE'nin,anlamında,araştır-NMLZ,araştır-ma,23,32,0,18,6,6,0,4,20
123,14,post_cue,False,3239,"ARGE'nin anlamında ben araştırma var diye biliyorum, yanlış mıyım?",nominalizer,semantic,before,araştırma,ARGE'nin,anlamında,araştır-NMLZ,araştır-ma,23,32,0,18,6,6,0,4,20
123,15,post_cue,False,3240,"ARGE'nin anlamında ben araştırma var diye biliyorum, yanlış mıyım?",nominalizer,semantic,before,araştırma,ARGE'nin,anlamında,araştır-NMLZ,araştır-ma,23,32,0,18,6,6,0,4,20
123,16,post_cue,False,3241,"ARGE'nin anlamında ben araştırma var diye biliyorum, yanlış mıyım?",nominalizer,semantic,before,araştırma,ARGE'nin,anlamında,araştır-NMLZ,araştır-ma,23,32,0,18,6,6,0,4,20
123,17,post_cue,False,3242,"ARGE'nin anlamında ben araştırma var diye biliyorum, yanlış mıyım?",nominalizer,semantic,before,araştırma,ARGE'nin,anlamında,araştır-NMLZ,araştır-ma,23,32,0,18,6,6,0,4,20
123,18,post_cue,False,3243,"ARGE'nin anlamında ben araştırma var diye biliyorum, yanlış mıyım?",nominalizer,semantic,before,araştırma,ARGE'nin,anlamında,araştır-NMLZ,araştır-ma,23,32,0,18,6,6,0,4,20
123,19,full_sentence,True,3244,"ARGE'nin anlamında ben araştırma var diye biliyorum, yanlış mıyım?",nominalizer,semantic,before,araştırma,ARGE'nin,anlamında,araştır-NMLZ,araştır-ma,23,32,0,18,6,6,0,4,20
124,0,pre_ambiguity,False,3245,Ertesi günün gazete manşetleri gözünün önüne gelmeye başlamıştı bile: Karabatak davasında dudakları uçuklatan gelişme,nominalizer,semantic,before,gelişme,Karabatak,uçuklatan,geliş-NMLZ,geliş-me,110,117,70,109,36,36,22,35,37
124,1,pre_ambiguity,False,3246,Ertesi günün gazete manşetleri gözünün önüne gelmeye başlamıştı bile: Karabatak davasında dudakları uçuklatan gelişme,nominalizer,semantic,before,gelişme,Karabatak,uçuklatan,geliş-NMLZ,geliş-me,110,117,70,109,36,36,22,35,37
124,2,pre_ambiguity,False,3247,Ertesi günün gazete manşetleri gözünün önüne gelmeye başlamıştı bile: Karabatak davasında dudakları uçuklatan gelişme,nominalizer,semantic,before,gelişme,Karabatak,uçuklatan,geliş-NMLZ,geliş-me,110,117,70,109,36,36,22,35,37
124,3,pre_ambiguity,False,3248,Ertesi günün gazete manşetleri gözünün önüne gelmeye başlamıştı bile: Karabatak davasında dudakları uçuklatan gelişme,nominalizer,semantic,before,gelişme,Karabatak,uçuklatan,geliş-NMLZ,geliş-me,110,117,70,109,36,36,22,35,37
124,4,pre_ambiguity,False,3249,Ertesi günün gazete manşetleri gözünün önüne gelmeye başlamıştı bile: Karabatak davasında dudakları uçuklatan gelişme,nominalizer,semantic,before,gelişme,Karabatak,uçuklatan,geliş-NMLZ,geliş-me,110,117,70,109,36,36,22,35,37
124,5,pre_ambiguity,False,3250,Ertesi günün gazete manşetleri gözünün önüne gelmeye başlamıştı bile: Karabatak davasında dudakları uçuklatan gelişme,nominalizer,semantic,before,gelişme,Karabatak,uçuklatan,geliş-NMLZ,geliş-me,110,117,70,109,36,36,22,35,37
124,6,pre_ambiguity,False,3251,Ertesi günün gazete manşetleri gözünün önüne gelmeye başlamıştı bile: Karabatak davasında dudakları uçuklatan gelişme,nominalizer,semantic,before,gelişme,Karabatak,uçuklatan,geliş-NMLZ,geliş-me,110,117,70,109,36,36,22,35,37
124,7,pre_ambiguity,False,3252,Ertesi günün gazete manşetleri gözünün önüne gelmeye başlamıştı bile: Karabatak davasında dudakları uçuklatan gelişme,nominalizer,semantic,before,gelişme,Karabatak,uçuklatan,geliş-NMLZ,geliş-me,110,117,70,109,36,36,22,35,37
124,8,pre_ambiguity,False,3253,Ertesi günün gazete manşetleri gözünün önüne gelmeye başlamıştı bile: Karabatak davasında dudakları uçuklatan gelişme,nominalizer,semantic,before,gelişme,Karabatak,uçuklatan,geliş-NMLZ,geliş-me,110,117,70,109,36,36,22,35,37
124,9,pre_ambiguity,False,3254,Ertesi günün gazete manşetleri gözünün önüne gelmeye başlamıştı bile: Karabatak davasında dudakları uçuklatan gelişme,nominalizer,semantic,before,gelişme,Karabatak,uçuklatan,geliş-NMLZ,geliş-me,110,117,70,109,36,36,22,35,37
124,10,pre_ambiguity,False,3255,Ertesi günün gazete manşetleri gözünün önüne gelmeye başlamıştı bile: Karabatak davasında dudakları uçuklatan gelişme,nominalizer,semantic,before,gelişme,Karabatak,uçuklatan,geliş-NMLZ,geliş-me,110,117,70,109,36,36,22,35,37
124,11,pre_ambiguity,False,3256,Ertesi günün gazete manşetleri gözünün önüne gelmeye başlamıştı bile: Karabatak davasında dudakları uçuklatan gelişme,nominalizer,semantic,before,gelişme,Karabatak,uçuklatan,geliş-NMLZ,geliş-me,110,117,70,109,36,36,22,35,37
124,12,pre_ambiguity,False,3257,Ertesi günün gazete manşetleri gözünün önüne gelmeye başlamıştı bile: Karabatak davasında dudakları uçuklatan gelişme,nominalizer,semantic,before,gelişme,Karabatak,uçuklatan,geliş-NMLZ,geliş-me,110,117,70,109,36,36,22,35,37
124,13,pre_ambiguity,False,3258,Ertesi günün gazete manşetleri gözünün önüne gelmeye başlamıştı bile: Karabatak davasında dudakları uçuklatan gelişme,nominalizer,semantic,before,gelişme,Karabatak,uçuklatan,geliş-NMLZ,geliş-me,110,117,70,109,36,36,22,35,37
124,14,pre_ambiguity,False,3259,Ertesi günün gazete manşetleri gözünün önüne gelmeye başlamıştı bile: Karabatak davasında dudakları uçuklatan gelişme,nominalizer,semantic,before,gelişme,Karabatak,uçuklatan,geliş-NMLZ,geliş-me,110,117,70,109,36,36,22,35,37
124,15,pre_ambiguity,False,3260,Ertesi günün gazete manşetleri gözünün önüne gelmeye başlamıştı bile: Karabatak davasında dudakları uçuklatan gelişme,nominalizer,semantic,before,gelişme,Karabatak,uçuklatan,geliş-NMLZ,geliş-me,110,117,70,109,36,36,22,35,37
124,16,pre_ambiguity,False,3261,Ertesi günün gazete manşetleri gözünün önüne gelmeye başlamıştı bile: Karabatak davasında dudakları uçuklatan gelişme,nominalizer,semantic,before,gelişme,Karabatak,uçuklatan,geliş-NMLZ,geliş-me,110,117,70,109,36,36,22,35,37
124,17,pre_ambiguity,False,3262,Ertesi günün gazete manşetleri gözünün önüne gelmeye başlamıştı bile: Karabatak davasında dudakları uçuklatan gelişme,nominalizer,semantic,before,gelişme,Karabatak,uçuklatan,geliş-NMLZ,geliş-me,110,117,70,109,36,36,22,35,37
124,18,pre_ambiguity,False,3263,Ertesi günün gazete manşetleri gözünün önüne gelmeye başlamıştı bile: Karabatak davasında dudakları uçuklatan gelişme,nominalizer,semantic,before,gelişme,Karabatak,uçuklatan,geliş-NMLZ,geliş-me,110,117,70,109,36,36,22,35,37
124,19,pre_ambiguity,False,3264,Ertesi günün gazete manşetleri gözünün önüne gelmeye başlamıştı bile: Karabatak davasında dudakları uçuklatan gelişme,nominalizer,semantic,before,gelişme,Karabatak,uçuklatan,geliş-NMLZ,geliş-me,110,117,70,109,36,36,22,35,37
124,20,pre_ambiguity,False,3265,Ertesi günün gazete manşetleri gözünün önüne gelmeye başlamıştı bile: Karabatak davasında dudakları uçuklatan gelişme,nominalizer,semantic,before,gelişme,Karabatak,uçuklatan,geliş-NMLZ,geliş-me,110,117,70,109,36,36,22,35,37
124,21,pre_ambiguity,False,3266,Ertesi günün gazete manşetleri gözünün önüne gelmeye başlamıştı bile: Karabatak davasında dudakları uçuklatan gelişme,nominalizer,semantic,before,gelişme,Karabatak,uçuklatan,geliş-NMLZ,geliş-me,110,117,70,109,36,36,22,35,37
124,22,cue_onset,False,3267,Ertesi günün gazete manşetleri gözünün önüne gelmeye başlamıştı bile: Karabatak davasında dudakları uçuklatan gelişme,nominalizer,semantic,before,gelişme,Karabatak,uçuklatan,geliş-NMLZ,geliş-me,110,117,70,109,36,36,22,35,37
124,23,cue_onset,False,3268,Ertesi günün gazete manşetleri gözünün önüne gelmeye başlamıştı bile: Karabatak davasında dudakları uçuklatan gelişme,nominalizer,semantic,before,gelişme,Karabatak,uçuklatan,geliş-NMLZ,geliş-me,110,117,70,109,36,36,22,35,37
124,24,cue_onset,False,3269,Ertesi günün gazete manşetleri gözünün önüne gelmeye başlamıştı bile: Karabatak davasında dudakları uçuklatan gelişme,nominalizer,semantic,before,gelişme,Karabatak,uçuklatan,geliş-NMLZ,geliş-me,110,117,70,109,36,36,22,35,37
124,25,cue_onset,False,3270,Ertesi günün gazete manşetleri gözünün önüne gelmeye başlamıştı bile: Karabatak davasında dudakları uçuklatan gelişme,nominalizer,semantic,before,gelişme,Karabatak,uçuklatan,geliş-NMLZ,geliş-me,110,117,70,109,36,36,22,35,37
124,26,cue_onset,False,3271,Ertesi günün gazete manşetleri gözünün önüne gelmeye başlamıştı bile: Karabatak davasında dudakları uçuklatan gelişme,nominalizer,semantic,before,gelişme,Karabatak,uçuklatan,geliş-NMLZ,geliş-me,110,117,70,109,36,36,22,35,37
124,27,cue_onset,False,3272,Ertesi günün gazete manşetleri gözünün önüne gelmeye başlamıştı bile: Karabatak davasında dudakları uçuklatan gelişme,nominalizer,semantic,before,gelişme,Karabatak,uçuklatan,geliş-NMLZ,geliş-me,110,117,70,109,36,36,22,35,37
124,28,cue_onset,False,3273,Ertesi günün gazete manşetleri gözünün önüne gelmeye başlamıştı bile: Karabatak davasında dudakları uçuklatan gelişme,nominalizer,semantic,before,gelişme,Karabatak,uçuklatan,geliş-NMLZ,geliş-me,110,117,70,109,36,36,22,35,37
124,29,cue_onset,False,3274,Ertesi günün gazete manşetleri gözünün önüne gelmeye başlamıştı bile: Karabatak davasında dudakları uçuklatan gelişme,nominalizer,semantic,before,gelişme,Karabatak,uçuklatan,geliş-NMLZ,geliş-me,110,117,70,109,36,36,22,35,37
124,30,cue_onset,False,3275,Ertesi günün gazete manşetleri gözünün önüne gelmeye başlamıştı bile: Karabatak davasında dudakları uçuklatan gelişme,nominalizer,semantic,before,gelişme,Karabatak,uçuklatan,geliş-NMLZ,geliş-me,110,117,70,109,36,36,22,35,37
124,31,cue_onset,False,3276,Ertesi günün gazete manşetleri gözünün önüne gelmeye başlamıştı bile: Karabatak davasında dudakları uçuklatan gelişme,nominalizer,semantic,before,gelişme,Karabatak,uçuklatan,geliş-NMLZ,geliş-me,110,117,70,109,36,36,22,35,37
124,32,cue_onset,False,3277,Ertesi günün gazete manşetleri gözünün önüne gelmeye başlamıştı bile: Karabatak davasında dudakları uçuklatan gelişme,nominalizer,semantic,before,gelişme,Karabatak,uçuklatan,geliş-NMLZ,geliş-me,110,117,70,109,36,36,22,35,37
124,33,cue_onset,False,3278,Ertesi günün gazete manşetleri gözünün önüne gelmeye başlamıştı bile: Karabatak davasında dudakları uçuklatan gelişme,nominalizer,semantic,before,gelişme,Karabatak,uçuklatan,geliş-NMLZ,geliş-me,110,117,70,109,36,36,22,35,37
124,34,cue_onset,False,3279,Ertesi günün gazete manşetleri gözünün önüne gelmeye başlamıştı bile: Karabatak davasında dudakları uçuklatan gelişme,nominalizer,semantic,before,gelişme,Karabatak,uçuklatan,geliş-NMLZ,geliş-me,110,117,70,109,36,36,22,35,37
124,35,cue_onset,False,3280,Ertesi günün gazete manşetleri gözünün önüne gelmeye başlamıştı bile: Karabatak davasında dudakları uçuklatan gelişme,nominalizer,semantic,before,gelişme,Karabatak,uçuklatan,geliş-NMLZ,geliş-me,110,117,70,109,36,36,22,35,37
124,36,full_sentence,True,3281,Ertesi günün gazete manşetleri gözünün önüne gelmeye başlamıştı bile: Karabatak davasında dudakları uçuklatan gelişme,nominalizer,semantic,before,gelişme,Karabatak,uçuklatan,geliş-NMLZ,geliş-me,110,117,70,109,36,36,22,35,37
125,0,pre_ambiguity,False,3282,Hürmüz'de satranç: Abluka mı anlaşma mı?,nominalizer,semantic,before,anlaşma,Abluka,mı,anlaş-NMLZ,anlaş-ma,29,36,19,28,14,14,10,13,17
125,1,pre_ambiguity,False,3283,Hürmüz'de satranç: Abluka mı anlaşma mı?,nominalizer,semantic,before,anlaşma,Abluka,mı,anlaş-NMLZ,anlaş-ma,29,36,19,28,14,14,10,13,17
125,2,pre_ambiguity,False,3284,Hürmüz'de satranç: Abluka mı anlaşma mı?,nominalizer,semantic,before,anlaşma,Abluka,mı,anlaş-NMLZ,anlaş-ma,29,36,19,28,14,14,10,13,17
125,3,pre_ambiguity,False,3285,Hürmüz'de satranç: Abluka mı anlaşma mı?,nominalizer,semantic,before,anlaşma,Abluka,mı,anlaş-NMLZ,anlaş-ma,29,36,19,28,14,14,10,13,17
125,4,pre_ambiguity,False,3286,Hürmüz'de satranç: Abluka mı anlaşma mı?,nominalizer,semantic,before,anlaşma,Abluka,mı,anlaş-NMLZ,anlaş-ma,29,36,19,28,14,14,10,13,17
125,5,pre_ambiguity,False,3287,Hürmüz'de satranç: Abluka mı anlaşma mı?,nominalizer,semantic,before,anlaşma,Abluka,mı,anlaş-NMLZ,anlaş-ma,29,36,19,28,14,14,10,13,17
125,6,pre_ambiguity,False,3288,Hürmüz'de satranç: Abluka mı anlaşma mı?,nominalizer,semantic,before,anlaşma,Abluka,mı,anlaş-NMLZ,anlaş-ma,29,36,19,28,14,14,10,13,17
125,7,pre_ambiguity,False,3289,Hürmüz'de satranç: Abluka mı anlaşma mı?,nominalizer,semantic,before,anlaşma,Abluka,mı,anlaş-NMLZ,anlaş-ma,29,36,19,28,14,14,10,13,17
125,8,pre_ambiguity,False,3290,Hürmüz'de satranç: Abluka mı anlaşma mı?,nominalizer,semantic,before,anlaşma,Abluka,mı,anlaş-NMLZ,anlaş-ma,29,36,19,28,14,14,10,13,17
125,9,pre_ambiguity,False,3291,Hürmüz'de satranç: Abluka mı anlaşma mı?,nominalizer,semantic,before,anlaşma,Abluka,mı,anlaş-NMLZ,anlaş-ma,29,36,19,28,14,14,10,13,17
125,10,cue_onset,False,3292,Hürmüz'de satranç: Abluka mı anlaşma mı?,nominalizer,semantic,before,anlaşma,Abluka,mı,anlaş-NMLZ,anlaş-ma,29,36,19,28,14,14,10,13,17
125,11,cue_onset,False,3293,Hürmüz'de satranç: Abluka mı anlaşma mı?,nominalizer,semantic,before,anlaşma,Abluka,mı,anlaş-NMLZ,anlaş-ma,29,36,19,28,14,14,10,13,17
125,12,cue_onset,False,3294,Hürmüz'de satranç: Abluka mı anlaşma mı?,nominalizer,semantic,before,anlaşma,Abluka,mı,anlaş-NMLZ,anlaş-ma,29,36,19,28,14,14,10,13,17
125,13,cue_onset,False,3295,Hürmüz'de satranç: Abluka mı anlaşma mı?,nominalizer,semantic,before,anlaşma,Abluka,mı,anlaş-NMLZ,anlaş-ma,29,36,19,28,14,14,10,13,17
125,14,ambiguity_onset,False,3296,Hürmüz'de satranç: Abluka mı anlaşma mı?,nominalizer,semantic,before,anlaşma,Abluka,mı,anlaş-NMLZ,anlaş-ma,29,36,19,28,14,14,10,13,17
125,15,post_cue,False,3297,Hürmüz'de satranç: Abluka mı anlaşma mı?,nominalizer,semantic,before,anlaşma,Abluka,mı,anlaş-NMLZ,anlaş-ma,29,36,19,28,14,14,10,13,17
125,16,full_sentence,True,3298,Hürmüz'de satranç: Abluka mı anlaşma mı?,nominalizer,semantic,before,anlaşma,Abluka,mı,anlaş-NMLZ,anlaş-ma,29,36,19,28,14,14,10,13,17
126,0,pre_ambiguity,False,3299,"Toplumda gördüğün tüm bu hastalıkların sebebi belli, genç adam: yozlaşma.",nominalizer,semantic,before,yozlaşma,bu,belli,yozlaş-NMLZ,yozlaş-ma,64,72,22,51,23,25,8,18,27
126,1,pre_ambiguity,False,3300,"Toplumda gördüğün tüm bu hastalıkların sebebi belli, genç adam: yozlaşma.",nominalizer,semantic,before,yozlaşma,bu,belli,yozlaş-NMLZ,yozlaş-ma,64,72,22,51,23,25,8,18,27
126,2,pre_ambiguity,False,3301,"Toplumda gördüğün tüm bu hastalıkların sebebi belli, genç adam: yozlaşma.",nominalizer,semantic,before,yozlaşma,bu,belli,yozlaş-NMLZ,yozlaş-ma,64,72,22,51,23,25,8,18,27
126,3,pre_ambiguity,False,3302,"Toplumda gördüğün tüm bu hastalıkların sebebi belli, genç adam: yozlaşma.",nominalizer,semantic,before,yozlaşma,bu,belli,yozlaş-NMLZ,yozlaş-ma,64,72,22,51,23,25,8,18,27
126,4,pre_ambiguity,False,3303,"Toplumda gördüğün tüm bu hastalıkların sebebi belli, genç adam: yozlaşma.",nominalizer,semantic,before,yozlaşma,bu,belli,yozlaş-NMLZ,yozlaş-ma,64,72,22,51,23,25,8,18,27
126,5,pre_ambiguity,False,3304,"Toplumda gördüğün tüm bu hastalıkların sebebi belli, genç adam: yozlaşma.",nominalizer,semantic,before,yozlaşma,bu,belli,yozlaş-NMLZ,yozlaş-ma,64,72,22,51,23,25,8,18,27
126,6,pre_ambiguity,False,3305,"Toplumda gördüğün tüm bu hastalıkların sebebi belli, genç adam: yozlaşma.",nominalizer,semantic,before,yozlaşma,bu,belli,yozlaş-NMLZ,yozlaş-ma,64,72,22,51,23,25,8,18,27
126,7,pre_ambiguity,False,3306,"Toplumda gördüğün tüm bu hastalıkların sebebi belli, genç adam: yozlaşma.",nominalizer,semantic,before,yozlaşma,bu,belli,yozlaş-NMLZ,yozlaş-ma,64,72,22,51,23,25,8,18,27
126,8,cue_onset,False,3307,"Toplumda gördüğün tüm bu hastalıkların sebebi belli, genç adam: yozlaşma.",nominalizer,semantic,before,yozlaşma,bu,belli,yozlaş-NMLZ,yozlaş-ma,64,72,22,51,23,25,8,18,27
126,9,cue_onset,False,3308,"Toplumda gördüğün tüm bu hastalıkların sebebi belli, genç adam: yozlaşma.",nominalizer,semantic,before,yozlaşma,bu,belli,yozlaş-NMLZ,yozlaş-ma,64,72,22,51,23,25,8,18,27
126,10,cue_onset,False,3309,"Toplumda gördüğün tüm bu hastalıkların sebebi belli, genç adam: yozlaşma.",nominalizer,semantic,before,yozlaşma,bu,belli,yozlaş-NMLZ,yozlaş-ma,64,72,22,51,23,25,8,18,27
126,11,cue_onset,False,3310,"Toplumda gördüğün tüm bu hastalıkların sebebi belli, genç adam: yozlaşma.",nominalizer,semantic,before,yozlaşma,bu,belli,yozlaş-NMLZ,yozlaş-ma,64,72,22,51,23,25,8,18,27
126,12,cue_onset,False,3311,"Toplumda gördüğün tüm bu hastalıkların sebebi belli, genç adam: yozlaşma.",nominalizer,semantic,before,yozlaşma,bu,belli,yozlaş-NMLZ,yozlaş-ma,64,72,22,51,23,25,8,18,27
126,13,cue_onset,False,3312,"Toplumda gördüğün tüm bu hastalıkların sebebi belli, genç adam: yozlaşma.",nominalizer,semantic,before,yozlaşma,bu,belli,yozlaş-NMLZ,yozlaş-ma,64,72,22,51,23,25,8,18,27
126,14,cue_onset,False,3313,"Toplumda gördüğün tüm bu hastalıkların sebebi belli, genç adam: yozlaşma.",nominalizer,semantic,before,yozlaşma,bu,belli,yozlaş-NMLZ,yozlaş-ma,64,72,22,51,23,25,8,18,27
126,15,cue_onset,False,3314,"Toplumda gördüğün tüm bu hastalıkların sebebi belli, genç adam: yozlaşma.",nominalizer,semantic,before,yozlaşma,bu,belli,yozlaş-NMLZ,yozlaş-ma,64,72,22,51,23,25,8,18,27
126,16,cue_onset,False,3315,"Toplumda gördüğün tüm bu hastalıkların sebebi belli, genç adam: yozlaşma.",nominalizer,semantic,before,yozlaşma,bu,belli,yozlaş-NMLZ,yozlaş-ma,64,72,22,51,23,25,8,18,27
126,17,cue_onset,False,3316,"Toplumda gördüğün tüm bu hastalıkların sebebi belli, genç adam: yozlaşma.",nominalizer,semantic,before,yozlaşma,bu,belli,yozlaş-NMLZ,yozlaş-ma,64,72,22,51,23,25,8,18,27
126,18,cue_onset,False,3317,"Toplumda gördüğün tüm bu hastalıkların sebebi belli, genç adam: yozlaşma.",nominalizer,semantic,before,yozlaşma,bu,belli,yozlaş-NMLZ,yozlaş-ma,64,72,22,51,23,25,8,18,27
126,19,post_cue_pre_ambiguity,False,3318,"Toplumda gördüğün tüm bu hastalıkların sebebi belli, genç adam: yozlaşma.",nominalizer,semantic,before,yozlaşma,bu,belli,yozlaş-NMLZ,yozlaş-ma,64,72,22,51,23,25,8,18,27
126,20,post_cue_pre_ambiguity,False,3319,"Toplumda gördüğün tüm bu hastalıkların sebebi belli, genç adam: yozlaşma.",nominalizer,semantic,before,yozlaşma,bu,belli,yozlaş-NMLZ,yozlaş-ma,64,72,22,51,23,25,8,18,27
126,21,post_cue_pre_ambiguity,False,3320,"Toplumda gördüğün tüm bu hastalıkların sebebi belli, genç adam: yozlaşma.",nominalizer,semantic,before,yozlaşma,bu,belli,yozlaş-NMLZ,yozlaş-ma,64,72,22,51,23,25,8,18,27
126,22,post_cue_pre_ambiguity,False,3321,"Toplumda gördüğün tüm bu hastalıkların sebebi belli, genç adam: yozlaşma.",nominalizer,semantic,before,yozlaşma,bu,belli,yozlaş-NMLZ,yozlaş-ma,64,72,22,51,23,25,8,18,27
126,23,ambiguity_onset,False,3322,"Toplumda gördüğün tüm bu hastalıkların sebebi belli, genç adam: yozlaşma.",nominalizer,semantic,before,yozlaşma,bu,belli,yozlaş-NMLZ,yozlaş-ma,64,72,22,51,23,25,8,18,27
126,24,ambiguity_onset,False,3323,"Toplumda gördüğün tüm bu hastalıkların sebebi belli, genç adam: yozlaşma.",nominalizer,semantic,before,yozlaşma,bu,belli,yozlaş-NMLZ,yozlaş-ma,64,72,22,51,23,25,8,18,27
126,25,ambiguity_onset,False,3324,"Toplumda gördüğün tüm bu hastalıkların sebebi belli, genç adam: yozlaşma.",nominalizer,semantic,before,yozlaşma,bu,belli,yozlaş-NMLZ,yozlaş-ma,64,72,22,51,23,25,8,18,27
126,26,full_sentence,True,3325,"Toplumda gördüğün tüm bu hastalıkların sebebi belli, genç adam: yozlaşma.",nominalizer,semantic,before,yozlaşma,bu,belli,yozlaş-NMLZ,yozlaş-ma,64,72,22,51,23,25,8,18,27
127,0,pre_ambiguity,False,3326,Bu hastalığın bu kadar yayılmasında etkili olan faktörlerden biri de insanların pis bir huyu: Umuma açık yerlerde her yüzeyi elleme.,nominalizer,semantic,before,elleme,insanların,huyu:,elle-NMLZ,elle-me,125,131,69,93,39,40,22,28,42
127,1,pre_ambiguity,False,3327,Bu hastalığın bu kadar yayılmasında etkili olan faktörlerden biri de insanların pis bir huyu: Umuma açık yerlerde her yüzeyi elleme.,nominalizer,semantic,before,elleme,insanların,huyu:,elle-NMLZ,elle-me,125,131,69,93,39,40,22,28,42
127,2,pre_ambiguity,False,3328,Bu hastalığın bu kadar yayılmasında etkili olan faktörlerden biri de insanların pis bir huyu: Umuma açık yerlerde her yüzeyi elleme.,nominalizer,semantic,before,elleme,insanların,huyu:,elle-NMLZ,elle-me,125,131,69,93,39,40,22,28,42
127,3,pre_ambiguity,False,3329,Bu hastalığın bu kadar yayılmasında etkili olan faktörlerden biri de insanların pis bir huyu: Umuma açık yerlerde her yüzeyi elleme.,nominalizer,semantic,before,elleme,insanların,huyu:,elle-NMLZ,elle-me,125,131,69,93,39,40,22,28,42
127,4,pre_ambiguity,False,3330,Bu hastalığın bu kadar yayılmasında etkili olan faktörlerden biri de insanların pis bir huyu: Umuma açık yerlerde her yüzeyi elleme.,nominalizer,semantic,before,elleme,insanların,huyu:,elle-NMLZ,elle-me,125,131,69,93,39,40,22,28,42
127,5,pre_ambiguity,False,3331,Bu hastalığın bu kadar yayılmasında etkili olan faktörlerden biri de insanların pis bir huyu: Umuma açık yerlerde her yüzeyi elleme.,nominalizer,semantic,before,elleme,insanların,huyu:,elle-NMLZ,elle-me,125,131,69,93,39,40,22,28,42
127,6,pre_ambiguity,False,3332,Bu hastalığın bu kadar yayılmasında etkili olan faktörlerden biri de insanların pis bir huyu: Umuma açık yerlerde her yüzeyi elleme.,nominalizer,semantic,before,elleme,insanların,huyu:,elle-NMLZ,elle-me,125,131,69,93,39,40,22,28,42
127,7,pre_ambiguity,False,3333,Bu hastalığın bu kadar yayılmasında etkili olan faktörlerden biri de insanların pis bir huyu: Umuma açık yerlerde her yüzeyi elleme.,nominalizer,semantic,before,elleme,insanların,huyu:,elle-NMLZ,elle-me,125,131,69,93,39,40,22,28,42
127,8,pre_ambiguity,False,3334,Bu hastalığın bu kadar yayılmasında etkili olan faktörlerden biri de insanların pis bir huyu: Umuma açık yerlerde her yüzeyi elleme.,nominalizer,semantic,before,elleme,insanların,huyu:,elle-NMLZ,elle-me,125,131,69,93,39,40,22,28,42
127,9,pre_ambiguity,False,3335,Bu hastalığın bu kadar yayılmasında etkili olan faktörlerden biri de insanların pis bir huyu: Umuma açık yerlerde her yüzeyi elleme.,nominalizer,semantic,before,elleme,insanların,huyu:,elle-NMLZ,elle-me,125,131,69,93,39,40,22,28,42
127,10,pre_ambiguity,False,3336,Bu hastalığın bu kadar yayılmasında etkili olan faktörlerden biri de insanların pis bir huyu: Umuma açık yerlerde her yüzeyi elleme.,nominalizer,semantic,before,elleme,insanların,huyu:,elle-NMLZ,elle-me,125,131,69,93,39,40,22,28,42
127,11,pre_ambiguity,False,3337,Bu hastalığın bu kadar yayılmasında etkili olan faktörlerden biri de insanların pis bir huyu: Umuma açık yerlerde her yüzeyi elleme.,nominalizer,semantic,before,elleme,insanların,huyu:,elle-NMLZ,elle-me,125,131,69,93,39,40,22,28,42
127,12,pre_ambiguity,False,3338,Bu hastalığın bu kadar yayılmasında etkili olan faktörlerden biri de insanların pis bir huyu: Umuma açık yerlerde her yüzeyi elleme.,nominalizer,semantic,before,elleme,insanların,huyu:,elle-NMLZ,elle-me,125,131,69,93,39,40,22,28,42
127,13,pre_ambiguity,False,3339,Bu hastalığın bu kadar yayılmasında etkili olan faktörlerden biri de insanların pis bir huyu: Umuma açık yerlerde her yüzeyi elleme.,nominalizer,semantic,before,elleme,insanların,huyu:,elle-NMLZ,elle-me,125,131,69,93,39,40,22,28,42
127,14,pre_ambiguity,False,3340,Bu hastalığın bu kadar yayılmasında etkili olan faktörlerden biri de insanların pis bir huyu: Umuma açık yerlerde her yüzeyi elleme.,nominalizer,semantic,before,elleme,insanların,huyu:,elle-NMLZ,elle-me,125,131,69,93,39,40,22,28,42
127,15,pre_ambiguity,False,3341,Bu hastalığın bu kadar yayılmasında etkili olan faktörlerden biri de insanların pis bir huyu: Umuma açık yerlerde her yüzeyi elleme.,nominalizer,semantic,before,elleme,insanların,huyu:,elle-NMLZ,elle-me,125,131,69,93,39,40,22,28,42
127,16,pre_ambiguity,False,3342,Bu hastalığın bu kadar yayılmasında etkili olan faktörlerden biri de insanların pis bir huyu: Umuma açık yerlerde her yüzeyi elleme.,nominalizer,semantic,before,elleme,insanların,huyu:,elle-NMLZ,elle-me,125,131,69,93,39,40,22,28,42
127,17,pre_ambiguity,False,3343,Bu hastalığın bu kadar yayılmasında etkili olan faktörlerden biri de insanların pis bir huyu: Umuma açık yerlerde her yüzeyi elleme.,nominalizer,semantic,before,elleme,insanların,huyu:,elle-NMLZ,elle-me,125,131,69,93,39,40,22,28,42
127,18,pre_ambiguity,False,3344,Bu hastalığın bu kadar yayılmasında etkili olan faktörlerden biri de insanların pis bir huyu: Umuma açık yerlerde her yüzeyi elleme.,nominalizer,semantic,before,elleme,insanların,huyu:,elle-NMLZ,elle-me,125,131,69,93,39,40,22,28,42
127,19,pre_ambiguity,False,3345,Bu hastalığın bu kadar yayılmasında etkili olan faktörlerden biri de insanların pis bir huyu: Umuma açık yerlerde her yüzeyi elleme.,nominalizer,semantic,before,elleme,insanların,huyu:,elle-NMLZ,elle-me,125,131,69,93,39,40,22,28,42
127,20,pre_ambiguity,False,3346,Bu hastalığın bu kadar yayılmasında etkili olan faktörlerden biri de insanların pis bir huyu: Umuma açık yerlerde her yüzeyi elleme.,nominalizer,semantic,before,elleme,insanların,huyu:,elle-NMLZ,elle-me,125,131,69,93,39,40,22,28,42
127,21,pre_ambiguity,False,3347,Bu hastalığın bu kadar yayılmasında etkili olan faktörlerden biri de insanların pis bir huyu: Umuma açık yerlerde her yüzeyi elleme.,nominalizer,semantic,before,elleme,insanların,huyu:,elle-NMLZ,elle-me,125,131,69,93,39,40,22,28,42
127,22,cue_onset,False,3348,Bu hastalığın bu kadar yayılmasında etkili olan faktörlerden biri de insanların pis bir huyu: Umuma açık yerlerde her yüzeyi elleme.,nominalizer,semantic,before,elleme,insanların,huyu:,elle-NMLZ,elle-me,125,131,69,93,39,40,22,28,42
127,23,cue_onset,False,3349,Bu hastalığın bu kadar yayılmasında etkili olan faktörlerden biri de insanların pis bir huyu: Umuma açık yerlerde her yüzeyi elleme.,nominalizer,semantic,before,elleme,insanların,huyu:,elle-NMLZ,elle-me,125,131,69,93,39,40,22,28,42
127,24,cue_onset,False,3350,Bu hastalığın bu kadar yayılmasında etkili olan faktörlerden biri de insanların pis bir huyu: Umuma açık yerlerde her yüzeyi elleme.,nominalizer,semantic,before,elleme,insanların,huyu:,elle-NMLZ,elle-me,125,131,69,93,39,40,22,28,42
127,25,cue_onset,False,3351,Bu hastalığın bu kadar yayılmasında etkili olan faktörlerden biri de insanların pis bir huyu: Umuma açık yerlerde her yüzeyi elleme.,nominalizer,semantic,before,elleme,insanların,huyu:,elle-NMLZ,elle-me,125,131,69,93,39,40,22,28,42
127,26,cue_onset,False,3352,Bu hastalığın bu kadar yayılmasında etkili olan faktörlerden biri de insanların pis bir huyu: Umuma açık yerlerde her yüzeyi elleme.,nominalizer,semantic,before,elleme,insanların,huyu:,elle-NMLZ,elle-me,125,131,69,93,39,40,22,28,42
127,27,cue_onset,False,3353,Bu hastalığın bu kadar yayılmasında etkili olan faktörlerden biri de insanların pis bir huyu: Umuma açık yerlerde her yüzeyi elleme.,nominalizer,semantic,before,elleme,insanların,huyu:,elle-NMLZ,elle-me,125,131,69,93,39,40,22,28,42
127,28,cue_onset,False,3354,Bu hastalığın bu kadar yayılmasında etkili olan faktörlerden biri de insanların pis bir huyu: Umuma açık yerlerde her yüzeyi elleme.,nominalizer,semantic,before,elleme,insanların,huyu:,elle-NMLZ,elle-me,125,131,69,93,39,40,22,28,42
127,29,post_cue_pre_ambiguity,False,3355,Bu hastalığın bu kadar yayılmasında etkili olan faktörlerden biri de insanların pis bir huyu: Umuma açık yerlerde her yüzeyi elleme.,nominalizer,semantic,before,elleme,insanların,huyu:,elle-NMLZ,elle-me,125,131,69,93,39,40,22,28,42
127,30,post_cue_pre_ambiguity,False,3356,Bu hastalığın bu kadar yayılmasında etkili olan faktörlerden biri de insanların pis bir huyu: Umuma açık yerlerde her yüzeyi elleme.,nominalizer,semantic,before,elleme,insanların,huyu:,elle-NMLZ,elle-me,125,131,69,93,39,40,22,28,42
127,31,post_cue_pre_ambiguity,False,3357,Bu hastalığın bu kadar yayılmasında etkili olan faktörlerden biri de insanların pis bir huyu: Umuma açık yerlerde her yüzeyi elleme.,nominalizer,semantic,before,elleme,insanların,huyu:,elle-NMLZ,elle-me,125,131,69,93,39,40,22,28,42
127,32,post_cue_pre_ambiguity,False,3358,Bu hastalığın bu kadar yayılmasında etkili olan faktörlerden biri de insanların pis bir huyu: Umuma açık yerlerde her yüzeyi elleme.,nominalizer,semantic,before,elleme,insanların,huyu:,elle-NMLZ,elle-me,125,131,69,93,39,40,22,28,42
127,33,post_cue_pre_ambiguity,False,3359,Bu hastalığın bu kadar yayılmasında etkili olan faktörlerden biri de insanların pis bir huyu: Umuma açık yerlerde her yüzeyi elleme.,nominalizer,semantic,before,elleme,insanların,huyu:,elle-NMLZ,elle-me,125,131,69,93,39,40,22,28,42
127,34,post_cue_pre_ambiguity,False,3360,Bu hastalığın bu kadar yayılmasında etkili olan faktörlerden biri de insanların pis bir huyu: Umuma açık yerlerde her yüzeyi elleme.,nominalizer,semantic,before,elleme,insanların,huyu:,elle-NMLZ,elle-me,125,131,69,93,39,40,22,28,42
127,35,post_cue_pre_ambiguity,False,3361,Bu hastalığın bu kadar yayılmasında etkili olan faktörlerden biri de insanların pis bir huyu: Umuma açık yerlerde her yüzeyi elleme.,nominalizer,semantic,before,elleme,insanların,huyu:,elle-NMLZ,elle-me,125,131,69,93,39,40,22,28,42
127,36,post_cue_pre_ambiguity,False,3362,Bu hastalığın bu kadar yayılmasında etkili olan faktörlerden biri de insanların pis bir huyu: Umuma açık yerlerde her yüzeyi elleme.,nominalizer,semantic,before,elleme,insanların,huyu:,elle-NMLZ,elle-me,125,131,69,93,39,40,22,28,42
127,37,post_cue_pre_ambiguity,False,3363,Bu hastalığın bu kadar yayılmasında etkili olan faktörlerden biri de insanların pis bir huyu: Umuma açık yerlerde her yüzeyi elleme.,nominalizer,semantic,before,elleme,insanların,huyu:,elle-NMLZ,elle-me,125,131,69,93,39,40,22,28,42
127,38,post_cue_pre_ambiguity,False,3364,Bu hastalığın bu kadar yayılmasında etkili olan faktörlerden biri de insanların pis bir huyu: Umuma açık yerlerde her yüzeyi elleme.,nominalizer,semantic,before,elleme,insanların,huyu:,elle-NMLZ,elle-me,125,131,69,93,39,40,22,28,42
127,39,ambiguity_onset,False,3365,Bu hastalığın bu kadar yayılmasında etkili olan faktörlerden biri de insanların pis bir huyu: Umuma açık yerlerde her yüzeyi elleme.,nominalizer,semantic,before,elleme,insanların,huyu:,elle-NMLZ,elle-me,125,131,69,93,39,40,22,28,42
127,40,ambiguity_onset,False,3366,Bu hastalığın bu kadar yayılmasında etkili olan faktörlerden biri de insanların pis bir huyu: Umuma açık yerlerde her yüzeyi elleme.,nominalizer,semantic,before,elleme,insanların,huyu:,elle-NMLZ,elle-me,125,131,69,93,39,40,22,28,42
127,41,full_sentence,True,3367,Bu hastalığın bu kadar yayılmasında etkili olan faktörlerden biri de insanların pis bir huyu: Umuma açık yerlerde her yüzeyi elleme.,nominalizer,semantic,before,elleme,insanların,huyu:,elle-NMLZ,elle-me,125,131,69,93,39,40,22,28,42
128,0,cue_onset,False,3368,Ev arkadaşımın katılmayı düşündüğü yarış yüksek atlama ama kontenjan durumuna göre maratona da yazılabilir.,nominalizer,semantic,before,atlama,Ev,yarış,atla-NMLZ,atla-ma,48,54,0,40,14,15,0,12,32
128,1,cue_onset,False,3369,Ev arkadaşımın katılmayı düşündüğü yarış yüksek atlama ama kontenjan durumuna göre maratona da yazılabilir.,nominalizer,semantic,before,atlama,Ev,yarış,atla-NMLZ,atla-ma,48,54,0,40,14,15,0,12,32
128,2,cue_onset,False,3370,Ev arkadaşımın katılmayı düşündüğü yarış yüksek atlama ama kontenjan durumuna göre maratona da yazılabilir.,nominalizer,semantic,before,atlama,Ev,yarış,atla-NMLZ,atla-ma,48,54,0,40,14,15,0,12,32
128,3,cue_onset,False,3371,Ev arkadaşımın katılmayı düşündüğü yarış yüksek atlama ama kontenjan durumuna göre maratona da yazılabilir.,nominalizer,semantic,before,atlama,Ev,yarış,atla-NMLZ,atla-ma,48,54,0,40,14,15,0,12,32
128,4,cue_onset,False,3372,Ev arkadaşımın katılmayı düşündüğü yarış yüksek atlama ama kontenjan durumuna göre maratona da yazılabilir.,nominalizer,semantic,before,atlama,Ev,yarış,atla-NMLZ,atla-ma,48,54,0,40,14,15,0,12,32
128,5,cue_onset,False,3373,Ev arkadaşımın katılmayı düşündüğü yarış yüksek atlama ama kontenjan durumuna göre maratona da yazılabilir.,nominalizer,semantic,before,atlama,Ev,yarış,atla-NMLZ,atla-ma,48,54,0,40,14,15,0,12,32
128,6,cue_onset,False,3374,Ev arkadaşımın katılmayı düşündüğü yarış yüksek atlama ama kontenjan durumuna göre maratona da yazılabilir.,nominalizer,semantic,before,atlama,Ev,yarış,atla-NMLZ,atla-ma,48,54,0,40,14,15,0,12,32
128,7,cue_onset,False,3375,Ev arkadaşımın katılmayı düşündüğü yarış yüksek atlama ama kontenjan durumuna göre maratona da yazılabilir.,nominalizer,semantic,before,atlama,Ev,yarış,atla-NMLZ,atla-ma,48,54,0,40,14,15,0,12,32
128,8,cue_onset,False,3376,Ev arkadaşımın katılmayı düşündüğü yarış yüksek atlama ama kontenjan durumuna göre maratona da yazılabilir.,nominalizer,semantic,before,atlama,Ev,yarış,atla-NMLZ,atla-ma,48,54,0,40,14,15,0,12,32
128,9,cue_onset,False,3377,Ev arkadaşımın katılmayı düşündüğü yarış yüksek atlama ama kontenjan durumuna göre maratona da yazılabilir.,nominalizer,semantic,before,atlama,Ev,yarış,atla-NMLZ,atla-ma,48,54,0,40,14,15,0,12,32
128,10,cue_onset,False,3378,Ev arkadaşımın katılmayı düşündüğü yarış yüksek atlama ama kontenjan durumuna göre maratona da yazılabilir.,nominalizer,semantic,before,atlama,Ev,yarış,atla-NMLZ,atla-ma,48,54,0,40,14,15,0,12,32
128,11,cue_onset,False,3379,Ev arkadaşımın katılmayı düşündüğü yarış yüksek atlama ama kontenjan durumuna göre maratona da yazılabilir.,nominalizer,semantic,before,atlama,Ev,yarış,atla-NMLZ,atla-ma,48,54,0,40,14,15,0,12,32
128,12,cue_onset,False,3380,Ev arkadaşımın katılmayı düşündüğü yarış yüksek atlama ama kontenjan durumuna göre maratona da yazılabilir.,nominalizer,semantic,before,atlama,Ev,yarış,atla-NMLZ,atla-ma,48,54,0,40,14,15,0,12,32
128,13,post_cue_pre_ambiguity,False,3381,Ev arkadaşımın katılmayı düşündüğü yarış yüksek atlama ama kontenjan durumuna göre maratona da yazılabilir.,nominalizer,semantic,before,atlama,Ev,yarış,atla-NMLZ,atla-ma,48,54,0,40,14,15,0,12,32
128,14,ambiguity_onset,False,3382,Ev arkadaşımın katılmayı düşündüğü yarış yüksek atlama ama kontenjan durumuna göre maratona da yazılabilir.,nominalizer,semantic,before,atlama,Ev,yarış,atla-NMLZ,atla-ma,48,54,0,40,14,15,0,12,32
128,15,ambiguity_onset,False,3383,Ev arkadaşımın katılmayı düşündüğü yarış yüksek atlama ama kontenjan durumuna göre maratona da yazılabilir.,nominalizer,semantic,before,atlama,Ev,yarış,atla-NMLZ,atla-ma,48,54,0,40,14,15,0,12,32
128,16,post_cue,False,3384,Ev arkadaşımın katılmayı düşündüğü yarış yüksek atlama ama kontenjan durumuna göre maratona da yazılabilir.,nominalizer,semantic,before,atlama,Ev,yarış,atla-NMLZ,atla-ma,48,54,0,40,14,15,0,12,32
128,17,post_cue,False,3385,Ev arkadaşımın katılmayı düşündüğü yarış yüksek atlama ama kontenjan durumuna göre maratona da yazılabilir.,nominalizer,semantic,before,atlama,Ev,yarış,atla-NMLZ,atla-ma,48,54,0,40,14,15,0,12,32
128,18,post_cue,False,3386,Ev arkadaşımın katılmayı düşündüğü yarış yüksek atlama ama kontenjan durumuna göre maratona da yazılabilir.,nominalizer,semantic,before,atlama,Ev,yarış,atla-NMLZ,atla-ma,48,54,0,40,14,15,0,12,32
128,19,post_cue,False,3387,Ev arkadaşımın katılmayı düşündüğü yarış yüksek atlama ama kontenjan durumuna göre maratona da yazılabilir.,nominalizer,semantic,before,atlama,Ev,yarış,atla-NMLZ,atla-ma,48,54,0,40,14,15,0,12,32
128,20,post_cue,False,3388,Ev arkadaşımın katılmayı düşündüğü yarış yüksek atlama ama kontenjan durumuna göre maratona da yazılabilir.,nominalizer,semantic,before,atlama,Ev,yarış,atla-NMLZ,atla-ma,48,54,0,40,14,15,0,12,32
128,21,post_cue,False,3389,Ev arkadaşımın katılmayı düşündüğü yarış yüksek atlama ama kontenjan durumuna göre maratona da yazılabilir.,nominalizer,semantic,before,atlama,Ev,yarış,atla-NMLZ,atla-ma,48,54,0,40,14,15,0,12,32
128,22,post_cue,False,3390,Ev arkadaşımın katılmayı düşündüğü yarış yüksek atlama ama kontenjan durumuna göre maratona da yazılabilir.,nominalizer,semantic,before,atlama,Ev,yarış,atla-NMLZ,atla-ma,48,54,0,40,14,15,0,12,32
128,23,post_cue,False,3391,Ev arkadaşımın katılmayı düşündüğü yarış yüksek atlama ama kontenjan durumuna göre maratona da yazılabilir.,nominalizer,semantic,before,atlama,Ev,yarış,atla-NMLZ,atla-ma,48,54,0,40,14,15,0,12,32
128,24,post_cue,False,3392,Ev arkadaşımın katılmayı düşündüğü yarış yüksek atlama ama kontenjan durumuna göre maratona da yazılabilir.,nominalizer,semantic,before,atlama,Ev,yarış,atla-NMLZ,atla-ma,48,54,0,40,14,15,0,12,32
128,25,post_cue,False,3393,Ev arkadaşımın katılmayı düşündüğü yarış yüksek atlama ama kontenjan durumuna göre maratona da yazılabilir.,nominalizer,semantic,before,atlama,Ev,yarış,atla-NMLZ,atla-ma,48,54,0,40,14,15,0,12,32
128,26,post_cue,False,3394,Ev arkadaşımın katılmayı düşündüğü yarış yüksek atlama ama kontenjan durumuna göre maratona da yazılabilir.,nominalizer,semantic,before,atlama,Ev,yarış,atla-NMLZ,atla-ma,48,54,0,40,14,15,0,12,32
128,27,post_cue,False,3395,Ev arkadaşımın katılmayı düşündüğü yarış yüksek atlama ama kontenjan durumuna göre maratona da yazılabilir.,nominalizer,semantic,before,atlama,Ev,yarış,atla-NMLZ,atla-ma,48,54,0,40,14,15,0,12,32
128,28,post_cue,False,3396,Ev arkadaşımın katılmayı düşündüğü yarış yüksek atlama ama kontenjan durumuna göre maratona da yazılabilir.,nominalizer,semantic,before,atlama,Ev,yarış,atla-NMLZ,atla-ma,48,54,0,40,14,15,0,12,32
128,29,post_cue,False,3397,Ev arkadaşımın katılmayı düşündüğü yarış yüksek atlama ama kontenjan durumuna göre maratona da yazılabilir.,nominalizer,semantic,before,atlama,Ev,yarış,atla-NMLZ,atla-ma,48,54,0,40,14,15,0,12,32
128,30,post_cue,False,3398,Ev arkadaşımın katılmayı düşündüğü yarış yüksek atlama ama kontenjan durumuna göre maratona da yazılabilir.,nominalizer,semantic,before,atlama,Ev,yarış,atla-NMLZ,atla-ma,48,54,0,40,14,15,0,12,32
128,31,full_sentence,True,3399,Ev arkadaşımın katılmayı düşündüğü yarış yüksek atlama ama kontenjan durumuna göre maratona da yazılabilir.,nominalizer,semantic,before,atlama,Ev,yarış,atla-NMLZ,atla-ma,48,54,0,40,14,15,0,12,32
129,0,pre_ambiguity,False,3400,"Sınav sırasında dikkat etmen gereken en önemli yasak telefon kullanma, bak atılırsın oturumun ortasında, ona göre!",nominalizer,semantic,before,kullanma,en,yasak,kullan-NMLZ,kullan-ma,61,69,26,52,17,18,8,15,37
129,1,pre_ambiguity,False,3401,"Sınav sırasında dikkat etmen gereken en önemli yasak telefon kullanma, bak atılırsın oturumun ortasında, ona göre!",nominalizer,semantic,before,kullanma,en,yasak,kullan-NMLZ,kullan-ma,61,69,26,52,17,18,8,15,37
129,2,pre_ambiguity,False,3402,"Sınav sırasında dikkat etmen gereken en önemli yasak telefon kullanma, bak atılırsın oturumun ortasında, ona göre!",nominalizer,semantic,before,kullanma,en,yasak,kullan-NMLZ,kullan-ma,61,69,26,52,17,18,8,15,37
129,3,pre_ambiguity,False,3403,"Sınav sırasında dikkat etmen gereken en önemli yasak telefon kullanma, bak atılırsın oturumun ortasında, ona göre!",nominalizer,semantic,before,kullanma,en,yasak,kullan-NMLZ,kullan-ma,61,69,26,52,17,18,8,15,37
129,4,pre_ambiguity,False,3404,"Sınav sırasında dikkat etmen gereken en önemli yasak telefon kullanma, bak atılırsın oturumun ortasında, ona göre!",nominalizer,semantic,before,kullanma,en,yasak,kullan-NMLZ,kullan-ma,61,69,26,52,17,18,8,15,37
129,5,pre_ambiguity,False,3405,"Sınav sırasında dikkat etmen gereken en önemli yasak telefon kullanma, bak atılırsın oturumun ortasında, ona göre!",nominalizer,semantic,before,kullanma,en,yasak,kullan-NMLZ,kullan-ma,61,69,26,52,17,18,8,15,37
129,6,pre_ambiguity,False,3406,"Sınav sırasında dikkat etmen gereken en önemli yasak telefon kullanma, bak atılırsın oturumun ortasında, ona göre!",nominalizer,semantic,before,kullanma,en,yasak,kullan-NMLZ,kullan-ma,61,69,26,52,17,18,8,15,37
129,7,pre_ambiguity,False,3407,"Sınav sırasında dikkat etmen gereken en önemli yasak telefon kullanma, bak atılırsın oturumun ortasında, ona göre!",nominalizer,semantic,before,kullanma,en,yasak,kullan-NMLZ,kullan-ma,61,69,26,52,17,18,8,15,37
129,8,cue_onset,False,3408,"Sınav sırasında dikkat etmen gereken en önemli yasak telefon kullanma, bak atılırsın oturumun ortasında, ona göre!",nominalizer,semantic,before,kullanma,en,yasak,kullan-NMLZ,kullan-ma,61,69,26,52,17,18,8,15,37
129,9,cue_onset,False,3409,"Sınav sırasında dikkat etmen gereken en önemli yasak telefon kullanma, bak atılırsın oturumun ortasında, ona göre!",nominalizer,semantic,before,kullanma,en,yasak,kullan-NMLZ,kullan-ma,61,69,26,52,17,18,8,15,37
129,10,cue_onset,False,3410,"Sınav sırasında dikkat etmen gereken en önemli yasak telefon kullanma, bak atılırsın oturumun ortasında, ona göre!",nominalizer,semantic,before,kullanma,en,yasak,kullan-NMLZ,kullan-ma,61,69,26,52,17,18,8,15,37
129,11,cue_onset,False,3411,"Sınav sırasında dikkat etmen gereken en önemli yasak telefon kullanma, bak atılırsın oturumun ortasında, ona göre!",nominalizer,semantic,before,kullanma,en,yasak,kullan-NMLZ,kullan-ma,61,69,26,52,17,18,8,15,37
129,12,cue_onset,False,3412,"Sınav sırasında dikkat etmen gereken en önemli yasak telefon kullanma, bak atılırsın oturumun ortasında, ona göre!",nominalizer,semantic,before,kullanma,en,yasak,kullan-NMLZ,kullan-ma,61,69,26,52,17,18,8,15,37
129,13,cue_onset,False,3413,"Sınav sırasında dikkat etmen gereken en önemli yasak telefon kullanma, bak atılırsın oturumun ortasında, ona göre!",nominalizer,semantic,before,kullanma,en,yasak,kullan-NMLZ,kullan-ma,61,69,26,52,17,18,8,15,37
129,14,cue_onset,False,3414,"Sınav sırasında dikkat etmen gereken en önemli yasak telefon kullanma, bak atılırsın oturumun ortasında, ona göre!",nominalizer,semantic,before,kullanma,en,yasak,kullan-NMLZ,kullan-ma,61,69,26,52,17,18,8,15,37
129,15,cue_onset,False,3415,"Sınav sırasında dikkat etmen gereken en önemli yasak telefon kullanma, bak atılırsın oturumun ortasında, ona göre!",nominalizer,semantic,before,kullanma,en,yasak,kullan-NMLZ,kullan-ma,61,69,26,52,17,18,8,15,37
129,16,post_cue_pre_ambiguity,False,3416,"Sınav sırasında dikkat etmen gereken en önemli yasak telefon kullanma, bak atılırsın oturumun ortasında, ona göre!",nominalizer,semantic,before,kullanma,en,yasak,kullan-NMLZ,kullan-ma,61,69,26,52,17,18,8,15,37
129,17,ambiguity_onset,False,3417,"Sınav sırasında dikkat etmen gereken en önemli yasak telefon kullanma, bak atılırsın oturumun ortasında, ona göre!",nominalizer,semantic,before,kullanma,en,yasak,kullan-NMLZ,kullan-ma,61,69,26,52,17,18,8,15,37
129,18,ambiguity_onset,False,3418,"Sınav sırasında dikkat etmen gereken en önemli yasak telefon kullanma, bak atılırsın oturumun ortasında, ona göre!",nominalizer,semantic,before,kullanma,en,yasak,kullan-NMLZ,kullan-ma,61,69,26,52,17,18,8,15,37
129,19,post_cue,False,3419,"Sınav sırasında dikkat etmen gereken en önemli yasak telefon kullanma, bak atılırsın oturumun ortasında, ona göre!",nominalizer,semantic,before,kullanma,en,yasak,kullan-NMLZ,kullan-ma,61,69,26,52,17,18,8,15,37
129,20,post_cue,False,3420,"Sınav sırasında dikkat etmen gereken en önemli yasak telefon kullanma, bak atılırsın oturumun ortasında, ona göre!",nominalizer,semantic,before,kullanma,en,yasak,kullan-NMLZ,kullan-ma,61,69,26,52,17,18,8,15,37
129,21,post_cue,False,3421,"Sınav sırasında dikkat etmen gereken en önemli yasak telefon kullanma, bak atılırsın oturumun ortasında, ona göre!",nominalizer,semantic,before,kullanma,en,yasak,kullan-NMLZ,kullan-ma,61,69,26,52,17,18,8,15,37
129,22,post_cue,False,3422,"Sınav sırasında dikkat etmen gereken en önemli yasak telefon kullanma, bak atılırsın oturumun ortasında, ona göre!",nominalizer,semantic,before,kullanma,en,yasak,kullan-NMLZ,kullan-ma,61,69,26,52,17,18,8,15,37
129,23,post_cue,False,3423,"Sınav sırasında dikkat etmen gereken en önemli yasak telefon kullanma, bak atılırsın oturumun ortasında, ona göre!",nominalizer,semantic,before,kullanma,en,yasak,kullan-NMLZ,kullan-ma,61,69,26,52,17,18,8,15,37
129,24,post_cue,False,3424,"Sınav sırasında dikkat etmen gereken en önemli yasak telefon kullanma, bak atılırsın oturumun ortasında, ona göre!",nominalizer,semantic,before,kullanma,en,yasak,kullan-NMLZ,kullan-ma,61,69,26,52,17,18,8,15,37
129,25,post_cue,False,3425,"Sınav sırasında dikkat etmen gereken en önemli yasak telefon kullanma, bak atılırsın oturumun ortasında, ona göre!",nominalizer,semantic,before,kullanma,en,yasak,kullan-NMLZ,kullan-ma,61,69,26,52,17,18,8,15,37
129,26,post_cue,False,3426,"Sınav sırasında dikkat etmen gereken en önemli yasak telefon kullanma, bak atılırsın oturumun ortasında, ona göre!",nominalizer,semantic,before,kullanma,en,yasak,kullan-NMLZ,kullan-ma,61,69,26,52,17,18,8,15,37
129,27,post_cue,False,3427,"Sınav sırasında dikkat etmen gereken en önemli yasak telefon kullanma, bak atılırsın oturumun ortasında, ona göre!",nominalizer,semantic,before,kullanma,en,yasak,kullan-NMLZ,kullan-ma,61,69,26,52,17,18,8,15,37
129,28,post_cue,False,3428,"Sınav sırasında dikkat etmen gereken en önemli yasak telefon kullanma, bak atılırsın oturumun ortasında, ona göre!",nominalizer,semantic,before,kullanma,en,yasak,kullan-NMLZ,kullan-ma,61,69,26,52,17,18,8,15,37
129,29,post_cue,False,3429,"Sınav sırasında dikkat etmen gereken en önemli yasak telefon kullanma, bak atılırsın oturumun ortasında, ona göre!",nominalizer,semantic,before,kullanma,en,yasak,kullan-NMLZ,kullan-ma,61,69,26,52,17,18,8,15,37
129,30,post_cue,False,3430,"Sınav sırasında dikkat etmen gereken en önemli yasak telefon kullanma, bak atılırsın oturumun ortasında, ona göre!",nominalizer,semantic,before,kullanma,en,yasak,kullan-NMLZ,kullan-ma,61,69,26,52,17,18,8,15,37
129,31,post_cue,False,3431,"Sınav sırasında dikkat etmen gereken en önemli yasak telefon kullanma, bak atılırsın oturumun ortasında, ona göre!",nominalizer,semantic,before,kullanma,en,yasak,kullan-NMLZ,kullan-ma,61,69,26,52,17,18,8,15,37
129,32,post_cue,False,3432,"Sınav sırasında dikkat etmen gereken en önemli yasak telefon kullanma, bak atılırsın oturumun ortasında, ona göre!",nominalizer,semantic,before,kullanma,en,yasak,kullan-NMLZ,kullan-ma,61,69,26,52,17,18,8,15,37
129,33,post_cue,False,3433,"Sınav sırasında dikkat etmen gereken en önemli yasak telefon kullanma, bak atılırsın oturumun ortasında, ona göre!",nominalizer,semantic,before,kullanma,en,yasak,kullan-NMLZ,kullan-ma,61,69,26,52,17,18,8,15,37
129,34,post_cue,False,3434,"Sınav sırasında dikkat etmen gereken en önemli yasak telefon kullanma, bak atılırsın oturumun ortasında, ona göre!",nominalizer,semantic,before,kullanma,en,yasak,kullan-NMLZ,kullan-ma,61,69,26,52,17,18,8,15,37
129,35,post_cue,False,3435,"Sınav sırasında dikkat etmen gereken en önemli yasak telefon kullanma, bak atılırsın oturumun ortasında, ona göre!",nominalizer,semantic,before,kullanma,en,yasak,kullan-NMLZ,kullan-ma,61,69,26,52,17,18,8,15,37
129,36,full_sentence,True,3436,"Sınav sırasında dikkat etmen gereken en önemli yasak telefon kullanma, bak atılırsın oturumun ortasında, ona göre!",nominalizer,semantic,before,kullanma,en,yasak,kullan-NMLZ,kullan-ma,61,69,26,52,17,18,8,15,37
130,0,pre_ambiguity,False,3437,California'ya o dönemde yapılan göçün ardındaki furya altın arama da olsa nüfustaki hareketliliğin kültürel sebeplerini de göz önünde bulundurmak zorundayız.,nominalizer,semantic,before,arama,göçün,furya,ara-NMLZ,ara-ma,60,65,32,53,14,15,6,12,49
130,1,pre_ambiguity,False,3438,California'ya o dönemde yapılan göçün ardındaki furya altın arama da olsa nüfustaki hareketliliğin kültürel sebeplerini de göz önünde bulundurmak zorundayız.,nominalizer,semantic,before,arama,göçün,furya,ara-NMLZ,ara-ma,60,65,32,53,14,15,6,12,49
130,2,pre_ambiguity,False,3439,California'ya o dönemde yapılan göçün ardındaki furya altın arama da olsa nüfustaki hareketliliğin kültürel sebeplerini de göz önünde bulundurmak zorundayız.,nominalizer,semantic,before,arama,göçün,furya,ara-NMLZ,ara-ma,60,65,32,53,14,15,6,12,49
130,3,pre_ambiguity,False,3440,California'ya o dönemde yapılan göçün ardındaki furya altın arama da olsa nüfustaki hareketliliğin kültürel sebeplerini de göz önünde bulundurmak zorundayız.,nominalizer,semantic,before,arama,göçün,furya,ara-NMLZ,ara-ma,60,65,32,53,14,15,6,12,49
130,4,pre_ambiguity,False,3441,California'ya o dönemde yapılan göçün ardındaki furya altın arama da olsa nüfustaki hareketliliğin kültürel sebeplerini de göz önünde bulundurmak zorundayız.,nominalizer,semantic,before,arama,göçün,furya,ara-NMLZ,ara-ma,60,65,32,53,14,15,6,12,49
130,5,pre_ambiguity,False,3442,California'ya o dönemde yapılan göçün ardındaki furya altın arama da olsa nüfustaki hareketliliğin kültürel sebeplerini de göz önünde bulundurmak zorundayız.,nominalizer,semantic,before,arama,göçün,furya,ara-NMLZ,ara-ma,60,65,32,53,14,15,6,12,49
130,6,cue_onset,False,3443,California'ya o dönemde yapılan göçün ardındaki furya altın arama da olsa nüfustaki hareketliliğin kültürel sebeplerini de göz önünde bulundurmak zorundayız.,nominalizer,semantic,before,arama,göçün,furya,ara-NMLZ,ara-ma,60,65,32,53,14,15,6,12,49
130,7,cue_onset,False,3444,California'ya o dönemde yapılan göçün ardındaki furya altın arama da olsa nüfustaki hareketliliğin kültürel sebeplerini de göz önünde bulundurmak zorundayız.,nominalizer,semantic,before,arama,göçün,furya,ara-NMLZ,ara-ma,60,65,32,53,14,15,6,12,49
130,8,cue_onset,False,3445,California'ya o dönemde yapılan göçün ardındaki furya altın arama da olsa nüfustaki hareketliliğin kültürel sebeplerini de göz önünde bulundurmak zorundayız.,nominalizer,semantic,before,arama,göçün,furya,ara-NMLZ,ara-ma,60,65,32,53,14,15,6,12,49
130,9,cue_onset,False,3446,California'ya o dönemde yapılan göçün ardındaki furya altın arama da olsa nüfustaki hareketliliğin kültürel sebeplerini de göz önünde bulundurmak zorundayız.,nominalizer,semantic,before,arama,göçün,furya,ara-NMLZ,ara-ma,60,65,32,53,14,15,6,12,49
130,10,cue_onset,False,3447,California'ya o dönemde yapılan göçün ardındaki furya altın arama da olsa nüfustaki hareketliliğin kültürel sebeplerini de göz önünde bulundurmak zorundayız.,nominalizer,semantic,before,arama,göçün,furya,ara-NMLZ,ara-ma,60,65,32,53,14,15,6,12,49
130,11,cue_onset,False,3448,California'ya o dönemde yapılan göçün ardındaki furya altın arama da olsa nüfustaki hareketliliğin kültürel sebeplerini de göz önünde bulundurmak zorundayız.,nominalizer,semantic,before,arama,göçün,furya,ara-NMLZ,ara-ma,60,65,32,53,14,15,6,12,49
130,12,cue_onset,False,3449,California'ya o dönemde yapılan göçün ardındaki furya altın arama da olsa nüfustaki hareketliliğin kültürel sebeplerini de göz önünde bulundurmak zorundayız.,nominalizer,semantic,before,arama,göçün,furya,ara-NMLZ,ara-ma,60,65,32,53,14,15,6,12,49
130,13,post_cue_pre_ambiguity,False,3450,California'ya o dönemde yapılan göçün ardındaki furya altın arama da olsa nüfustaki hareketliliğin kültürel sebeplerini de göz önünde bulundurmak zorundayız.,nominalizer,semantic,before,arama,göçün,furya,ara-NMLZ,ara-ma,60,65,32,53,14,15,6,12,49
130,14,ambiguity_onset,False,3451,California'ya o dönemde yapılan göçün ardındaki furya altın arama da olsa nüfustaki hareketliliğin kültürel sebeplerini de göz önünde bulundurmak zorundayız.,nominalizer,semantic,before,arama,göçün,furya,ara-NMLZ,ara-ma,60,65,32,53,14,15,6,12,49
130,15,ambiguity_onset,False,3452,California'ya o dönemde yapılan göçün ardındaki furya altın arama da olsa nüfustaki hareketliliğin kültürel sebeplerini de göz önünde bulundurmak zorundayız.,nominalizer,semantic,before,arama,göçün,furya,ara-NMLZ,ara-ma,60,65,32,53,14,15,6,12,49
130,16,post_cue,False,3453,California'ya o dönemde yapılan göçün ardındaki furya altın arama da olsa nüfustaki hareketliliğin kültürel sebeplerini de göz önünde bulundurmak zorundayız.,nominalizer,semantic,before,arama,göçün,furya,ara-NMLZ,ara-ma,60,65,32,53,14,15,6,12,49
130,17,post_cue,False,3454,California'ya o dönemde yapılan göçün ardındaki furya altın arama da olsa nüfustaki hareketliliğin kültürel sebeplerini de göz önünde bulundurmak zorundayız.,nominalizer,semantic,before,arama,göçün,furya,ara-NMLZ,ara-ma,60,65,32,53,14,15,6,12,49
130,18,post_cue,False,3455,California'ya o dönemde yapılan göçün ardındaki furya altın arama da olsa nüfustaki hareketliliğin kültürel sebeplerini de göz önünde bulundurmak zorundayız.,nominalizer,semantic,before,arama,göçün,furya,ara-NMLZ,ara-ma,60,65,32,53,14,15,6,12,49
130,19,post_cue,False,3456,California'ya o dönemde yapılan göçün ardındaki furya altın arama da olsa nüfustaki hareketliliğin kültürel sebeplerini de göz önünde bulundurmak zorundayız.,nominalizer,semantic,before,arama,göçün,furya,ara-NMLZ,ara-ma,60,65,32,53,14,15,6,12,49
130,20,post_cue,False,3457,California'ya o dönemde yapılan göçün ardındaki furya altın arama da olsa nüfustaki hareketliliğin kültürel sebeplerini de göz önünde bulundurmak zorundayız.,nominalizer,semantic,before,arama,göçün,furya,ara-NMLZ,ara-ma,60,65,32,53,14,15,6,12,49
130,21,post_cue,False,3458,California'ya o dönemde yapılan göçün ardındaki furya altın arama da olsa nüfustaki hareketliliğin kültürel sebeplerini de göz önünde bulundurmak zorundayız.,nominalizer,semantic,before,arama,göçün,furya,ara-NMLZ,ara-ma,60,65,32,53,14,15,6,12,49
130,22,post_cue,False,3459,California'ya o dönemde yapılan göçün ardındaki furya altın arama da olsa nüfustaki hareketliliğin kültürel sebeplerini de göz önünde bulundurmak zorundayız.,nominalizer,semantic,before,arama,göçün,furya,ara-NMLZ,ara-ma,60,65,32,53,14,15,6,12,49
130,23,post_cue,False,3460,California'ya o dönemde yapılan göçün ardındaki furya altın arama da olsa nüfustaki hareketliliğin kültürel sebeplerini de göz önünde bulundurmak zorundayız.,nominalizer,semantic,before,arama,göçün,furya,ara-NMLZ,ara-ma,60,65,32,53,14,15,6,12,49
130,24,post_cue,False,3461,California'ya o dönemde yapılan göçün ardındaki furya altın arama da olsa nüfustaki hareketliliğin kültürel sebeplerini de göz önünde bulundurmak zorundayız.,nominalizer,semantic,before,arama,göçün,furya,ara-NMLZ,ara-ma,60,65,32,53,14,15,6,12,49
130,25,post_cue,False,3462,California'ya o dönemde yapılan göçün ardındaki furya altın arama da olsa nüfustaki hareketliliğin kültürel sebeplerini de göz önünde bulundurmak zorundayız.,nominalizer,semantic,before,arama,göçün,furya,ara-NMLZ,ara-ma,60,65,32,53,14,15,6,12,49
130,26,post_cue,False,3463,California'ya o dönemde yapılan göçün ardındaki furya altın arama da olsa nüfustaki hareketliliğin kültürel sebeplerini de göz önünde bulundurmak zorundayız.,nominalizer,semantic,before,arama,göçün,furya,ara-NMLZ,ara-ma,60,65,32,53,14,15,6,12,49
130,27,post_cue,False,3464,California'ya o dönemde yapılan göçün ardındaki furya altın arama da olsa nüfustaki hareketliliğin kültürel sebeplerini de göz önünde bulundurmak zorundayız.,nominalizer,semantic,before,arama,göçün,furya,ara-NMLZ,ara-ma,60,65,32,53,14,15,6,12,49
130,28,post_cue,False,3465,California'ya o dönemde yapılan göçün ardındaki furya altın arama da olsa nüfustaki hareketliliğin kültürel sebeplerini de göz önünde bulundurmak zorundayız.,nominalizer,semantic,before,arama,göçün,furya,ara-NMLZ,ara-ma,60,65,32,53,14,15,6,12,49
130,29,post_cue,False,3466,California'ya o dönemde yapılan göçün ardındaki furya altın arama da olsa nüfustaki hareketliliğin kültürel sebeplerini de göz önünde bulundurmak zorundayız.,nominalizer,semantic,before,arama,göçün,furya,ara-NMLZ,ara-ma,60,65,32,53,14,15,6,12,49
130,30,post_cue,False,3467,California'ya o dönemde yapılan göçün ardındaki furya altın arama da olsa nüfustaki hareketliliğin kültürel sebeplerini de göz önünde bulundurmak zorundayız.,nominalizer,semantic,before,arama,göçün,furya,ara-NMLZ,ara-ma,60,65,32,53,14,15,6,12,49
130,31,post_cue,False,3468,California'ya o dönemde yapılan göçün ardındaki furya altın arama da olsa nüfustaki hareketliliğin kültürel sebeplerini de göz önünde bulundurmak zorundayız.,nominalizer,semantic,before,arama,göçün,furya,ara-NMLZ,ara-ma,60,65,32,53,14,15,6,12,49
130,32,post_cue,False,3469,California'ya o dönemde yapılan göçün ardındaki furya altın arama da olsa nüfustaki hareketliliğin kültürel sebeplerini de göz önünde bulundurmak zorundayız.,nominalizer,semantic,before,arama,göçün,furya,ara-NMLZ,ara-ma,60,65,32,53,14,15,6,12,49
130,33,post_cue,False,3470,California'ya o dönemde yapılan göçün ardındaki furya altın arama da olsa nüfustaki hareketliliğin kültürel sebeplerini de göz önünde bulundurmak zorundayız.,nominalizer,semantic,before,arama,göçün,furya,ara-NMLZ,ara-ma,60,65,32,53,14,15,6,12,49
130,34,post_cue,False,3471,California'ya o dönemde yapılan göçün ardındaki furya altın arama da olsa nüfustaki hareketliliğin kültürel sebeplerini de göz önünde bulundurmak zorundayız.,nominalizer,semantic,before,arama,göçün,furya,ara-NMLZ,ara-ma,60,65,32,53,14,15,6,12,49
130,35,post_cue,False,3472,California'ya o dönemde yapılan göçün ardındaki furya altın arama da olsa nüfustaki hareketliliğin kültürel sebeplerini de göz önünde bulundurmak zorundayız.,nominalizer,semantic,before,arama,göçün,furya,ara-NMLZ,ara-ma,60,65,32,53,14,15,6,12,49
130,36,post_cue,False,3473,California'ya o dönemde yapılan göçün ardındaki furya altın arama da olsa nüfustaki hareketliliğin kültürel sebeplerini de göz önünde bulundurmak zorundayız.,nominalizer,semantic,before,arama,göçün,furya,ara-NMLZ,ara-ma,60,65,32,53,14,15,6,12,49
130,37,post_cue,False,3474,California'ya o dönemde yapılan göçün ardındaki furya altın arama da olsa nüfustaki hareketliliğin kültürel sebeplerini de göz önünde bulundurmak zorundayız.,nominalizer,semantic,before,arama,göçün,furya,ara-NMLZ,ara-ma,60,65,32,53,14,15,6,12,49
130,38,post_cue,False,3475,California'ya o dönemde yapılan göçün ardındaki furya altın arama da olsa nüfustaki hareketliliğin kültürel sebeplerini de göz önünde bulundurmak zorundayız.,nominalizer,semantic,before,arama,göçün,furya,ara-NMLZ,ara-ma,60,65,32,53,14,15,6,12,49
130,39,post_cue,False,3476,California'ya o dönemde yapılan göçün ardındaki furya altın arama da olsa nüfustaki hareketliliğin kültürel sebeplerini de göz önünde bulundurmak zorundayız.,nominalizer,semantic,before,arama,göçün,furya,ara-NMLZ,ara-ma,60,65,32,53,14,15,6,12,49
130,40,post_cue,False,3477,California'ya o dönemde yapılan göçün ardındaki furya altın arama da olsa nüfustaki hareketliliğin kültürel sebeplerini de göz önünde bulundurmak zorundayız.,nominalizer,semantic,before,arama,göçün,furya,ara-NMLZ,ara-ma,60,65,32,53,14,15,6,12,49
130,41,post_cue,False,3478,California'ya o dönemde yapılan göçün ardındaki furya altın arama da olsa nüfustaki hareketliliğin kültürel sebeplerini de göz önünde bulundurmak zorundayız.,nominalizer,semantic,before,arama,göçün,furya,ara-NMLZ,ara-ma,60,65,32,53,14,15,6,12,49
130,42,post_cue,False,3479,California'ya o dönemde yapılan göçün ardındaki furya altın arama da olsa nüfustaki hareketliliğin kültürel sebeplerini de göz önünde bulundurmak zorundayız.,nominalizer,semantic,before,arama,göçün,furya,ara-NMLZ,ara-ma,60,65,32,53,14,15,6,12,49
130,43,post_cue,False,3480,California'ya o dönemde yapılan göçün ardındaki furya altın arama da olsa nüfustaki hareketliliğin kültürel sebeplerini de göz önünde bulundurmak zorundayız.,nominalizer,semantic,before,arama,göçün,furya,ara-NMLZ,ara-ma,60,65,32,53,14,15,6,12,49
130,44,post_cue,False,3481,California'ya o dönemde yapılan göçün ardındaki furya altın arama da olsa nüfustaki hareketliliğin kültürel sebeplerini de göz önünde bulundurmak zorundayız.,nominalizer,semantic,before,arama,göçün,furya,ara-NMLZ,ara-ma,60,65,32,53,14,15,6,12,49
130,45,post_cue,False,3482,California'ya o dönemde yapılan göçün ardındaki furya altın arama da olsa nüfustaki hareketliliğin kültürel sebeplerini de göz önünde bulundurmak zorundayız.,nominalizer,semantic,before,arama,göçün,furya,ara-NMLZ,ara-ma,60,65,32,53,14,15,6,12,49
130,46,post_cue,False,3483,California'ya o dönemde yapılan göçün ardındaki furya altın arama da olsa nüfustaki hareketliliğin kültürel sebeplerini de göz önünde bulundurmak zorundayız.,nominalizer,semantic,before,arama,göçün,furya,ara-NMLZ,ara-ma,60,65,32,53,14,15,6,12,49
130,47,post_cue,False,3484,California'ya o dönemde yapılan göçün ardındaki furya altın arama da olsa nüfustaki hareketliliğin kültürel sebeplerini de göz önünde bulundurmak zorundayız.,nominalizer,semantic,before,arama,göçün,furya,ara-NMLZ,ara-ma,60,65,32,53,14,15,6,12,49
130,48,full_sentence,True,3485,California'ya o dönemde yapılan göçün ardındaki furya altın arama da olsa nüfustaki hareketliliğin kültürel sebeplerini de göz önünde bulundurmak zorundayız.,nominalizer,semantic,before,arama,göçün,furya,ara-NMLZ,ara-ma,60,65,32,53,14,15,6,12,49
131,0,cue_onset,False,3486,"Okulun gündemi bu aralar ulusal sınavlar, grip aşısı olma ve yeni spor salonu inşaatı.",nominalizer,semantic,before,olma,Okulun,aşısı,ol-NMLZ,ol-ma,53,57,0,52,16,17,0,15,28
131,1,cue_onset,False,3487,"Okulun gündemi bu aralar ulusal sınavlar, grip aşısı olma ve yeni spor salonu inşaatı.",nominalizer,semantic,before,olma,Okulun,aşısı,ol-NMLZ,ol-ma,53,57,0,52,16,17,0,15,28
131,2,cue_onset,False,3488,"Okulun gündemi bu aralar ulusal sınavlar, grip aşısı olma ve yeni spor salonu inşaatı.",nominalizer,semantic,before,olma,Okulun,aşısı,ol-NMLZ,ol-ma,53,57,0,52,16,17,0,15,28
131,3,cue_onset,False,3489,"Okulun gündemi bu aralar ulusal sınavlar, grip aşısı olma ve yeni spor salonu inşaatı.",nominalizer,semantic,before,olma,Okulun,aşısı,ol-NMLZ,ol-ma,53,57,0,52,16,17,0,15,28
131,4,cue_onset,False,3490,"Okulun gündemi bu aralar ulusal sınavlar, grip aşısı olma ve yeni spor salonu inşaatı.",nominalizer,semantic,before,olma,Okulun,aşısı,ol-NMLZ,ol-ma,53,57,0,52,16,17,0,15,28
131,5,cue_onset,False,3491,"Okulun gündemi bu aralar ulusal sınavlar, grip aşısı olma ve yeni spor salonu inşaatı.",nominalizer,semantic,before,olma,Okulun,aşısı,ol-NMLZ,ol-ma,53,57,0,52,16,17,0,15,28
131,6,cue_onset,False,3492,"Okulun gündemi bu aralar ulusal sınavlar, grip aşısı olma ve yeni spor salonu inşaatı.",nominalizer,semantic,before,olma,Okulun,aşısı,ol-NMLZ,ol-ma,53,57,0,52,16,17,0,15,28
131,7,cue_onset,False,3493,"Okulun gündemi bu aralar ulusal sınavlar, grip aşısı olma ve yeni spor salonu inşaatı.",nominalizer,semantic,before,olma,Okulun,aşısı,ol-NMLZ,ol-ma,53,57,0,52,16,17,0,15,28
131,8,cue_onset,False,3494,"Okulun gündemi bu aralar ulusal sınavlar, grip aşısı olma ve yeni spor salonu inşaatı.",nominalizer,semantic,before,olma,Okulun,aşısı,ol-NMLZ,ol-ma,53,57,0,52,16,17,0,15,28
131,9,cue_onset,False,3495,"Okulun gündemi bu aralar ulusal sınavlar, grip aşısı olma ve yeni spor salonu inşaatı.",nominalizer,semantic,before,olma,Okulun,aşısı,ol-NMLZ,ol-ma,53,57,0,52,16,17,0,15,28
131,10,cue_onset,False,3496,"Okulun gündemi bu aralar ulusal sınavlar, grip aşısı olma ve yeni spor salonu inşaatı.",nominalizer,semantic,before,olma,Okulun,aşısı,ol-NMLZ,ol-ma,53,57,0,52,16,17,0,15,28
131,11,cue_onset,False,3497,"Okulun gündemi bu aralar ulusal sınavlar, grip aşısı olma ve yeni spor salonu inşaatı.",nominalizer,semantic,before,olma,Okulun,aşısı,ol-NMLZ,ol-ma,53,57,0,52,16,17,0,15,28
131,12,cue_onset,False,3498,"Okulun gündemi bu aralar ulusal sınavlar, grip aşısı olma ve yeni spor salonu inşaatı.",nominalizer,semantic,before,olma,Okulun,aşısı,ol-NMLZ,ol-ma,53,57,0,52,16,17,0,15,28
131,13,cue_onset,False,3499,"Okulun gündemi bu aralar ulusal sınavlar, grip aşısı olma ve yeni spor salonu inşaatı.",nominalizer,semantic,before,olma,Okulun,aşısı,ol-NMLZ,ol-ma,53,57,0,52,16,17,0,15,28
131,14,cue_onset,False,3500,"Okulun gündemi bu aralar ulusal sınavlar, grip aşısı olma ve yeni spor salonu inşaatı.",nominalizer,semantic,before,olma,Okulun,aşısı,ol-NMLZ,ol-ma,53,57,0,52,16,17,0,15,28
131,15,cue_onset,False,3501,"Okulun gündemi bu aralar ulusal sınavlar, grip aşısı olma ve yeni spor salonu inşaatı.",nominalizer,semantic,before,olma,Okulun,aşısı,ol-NMLZ,ol-ma,53,57,0,52,16,17,0,15,28
131,16,ambiguity_onset,False,3502,"Okulun gündemi bu aralar ulusal sınavlar, grip aşısı olma ve yeni spor salonu inşaatı.",nominalizer,semantic,before,olma,Okulun,aşısı,ol-NMLZ,ol-ma,53,57,0,52,16,17,0,15,28
131,17,ambiguity_onset,False,3503,"Okulun gündemi bu aralar ulusal sınavlar, grip aşısı olma ve yeni spor salonu inşaatı.",nominalizer,semantic,before,olma,Okulun,aşısı,ol-NMLZ,ol-ma,53,57,0,52,16,17,0,15,28
131,18,post_cue,False,3504,"Okulun gündemi bu aralar ulusal sınavlar, grip aşısı olma ve yeni spor salonu inşaatı.",nominalizer,semantic,before,olma,Okulun,aşısı,ol-NMLZ,ol-ma,53,57,0,52,16,17,0,15,28
131,19,post_cue,False,3505,"Okulun gündemi bu aralar ulusal sınavlar, grip aşısı olma ve yeni spor salonu inşaatı.",nominalizer,semantic,before,olma,Okulun,aşısı,ol-NMLZ,ol-ma,53,57,0,52,16,17,0,15,28
131,20,post_cue,False,3506,"Okulun gündemi bu aralar ulusal sınavlar, grip aşısı olma ve yeni spor salonu inşaatı.",nominalizer,semantic,before,olma,Okulun,aşısı,ol-NMLZ,ol-ma,53,57,0,52,16,17,0,15,28
131,21,post_cue,False,3507,"Okulun gündemi bu aralar ulusal sınavlar, grip aşısı olma ve yeni spor salonu inşaatı.",nominalizer,semantic,before,olma,Okulun,aşısı,ol-NMLZ,ol-ma,53,57,0,52,16,17,0,15,28
131,22,post_cue,False,3508,"Okulun gündemi bu aralar ulusal sınavlar, grip aşısı olma ve yeni spor salonu inşaatı.",nominalizer,semantic,before,olma,Okulun,aşısı,ol-NMLZ,ol-ma,53,57,0,52,16,17,0,15,28
131,23,post_cue,False,3509,"Okulun gündemi bu aralar ulusal sınavlar, grip aşısı olma ve yeni spor salonu inşaatı.",nominalizer,semantic,before,olma,Okulun,aşısı,ol-NMLZ,ol-ma,53,57,0,52,16,17,0,15,28
131,24,post_cue,False,3510,"Okulun gündemi bu aralar ulusal sınavlar, grip aşısı olma ve yeni spor salonu inşaatı.",nominalizer,semantic,before,olma,Okulun,aşısı,ol-NMLZ,ol-ma,53,57,0,52,16,17,0,15,28
131,25,post_cue,False,3511,"Okulun gündemi bu aralar ulusal sınavlar, grip aşısı olma ve yeni spor salonu inşaatı.",nominalizer,semantic,before,olma,Okulun,aşısı,ol-NMLZ,ol-ma,53,57,0,52,16,17,0,15,28
131,26,post_cue,False,3512,"Okulun gündemi bu aralar ulusal sınavlar, grip aşısı olma ve yeni spor salonu inşaatı.",nominalizer,semantic,before,olma,Okulun,aşısı,ol-NMLZ,ol-ma,53,57,0,52,16,17,0,15,28
131,27,full_sentence,True,3513,"Okulun gündemi bu aralar ulusal sınavlar, grip aşısı olma ve yeni spor salonu inşaatı.",nominalizer,semantic,before,olma,Okulun,aşısı,ol-NMLZ,ol-ma,53,57,0,52,16,17,0,15,28
132,0,pre_ambiguity,False,3514,"Nevzat Evrim Önal, Türkiye Siyasi Tarihinde Sahte Umut Üretme yazısıyla dergimizin Nisan sayısında.",nominalizer,semantic,before,üretme,Türkiye,Umut,üret-NMLZ,üret-me,55,61,19,54,20,22,9,19,36
132,1,pre_ambiguity,False,3515,"Nevzat Evrim Önal, Türkiye Siyasi Tarihinde Sahte Umut Üretme yazısıyla dergimizin Nisan sayısında.",nominalizer,semantic,before,üretme,Türkiye,Umut,üret-NMLZ,üret-me,55,61,19,54,20,22,9,19,36
132,2,pre_ambiguity,False,3516,"Nevzat Evrim Önal, Türkiye Siyasi Tarihinde Sahte Umut Üretme yazısıyla dergimizin Nisan sayısında.",nominalizer,semantic,before,üretme,Türkiye,Umut,üret-NMLZ,üret-me,55,61,19,54,20,22,9,19,36
132,3,pre_ambiguity,False,3517,"Nevzat Evrim Önal, Türkiye Siyasi Tarihinde Sahte Umut Üretme yazısıyla dergimizin Nisan sayısında.",nominalizer,semantic,before,üretme,Türkiye,Umut,üret-NMLZ,üret-me,55,61,19,54,20,22,9,19,36
132,4,pre_ambiguity,False,3518,"Nevzat Evrim Önal, Türkiye Siyasi Tarihinde Sahte Umut Üretme yazısıyla dergimizin Nisan sayısında.",nominalizer,semantic,before,üretme,Türkiye,Umut,üret-NMLZ,üret-me,55,61,19,54,20,22,9,19,36
132,5,pre_ambiguity,False,3519,"Nevzat Evrim Önal, Türkiye Siyasi Tarihinde Sahte Umut Üretme yazısıyla dergimizin Nisan sayısında.",nominalizer,semantic,before,üretme,Türkiye,Umut,üret-NMLZ,üret-me,55,61,19,54,20,22,9,19,36
132,6,pre_ambiguity,False,3520,"Nevzat Evrim Önal, Türkiye Siyasi Tarihinde Sahte Umut Üretme yazısıyla dergimizin Nisan sayısında.",nominalizer,semantic,before,üretme,Türkiye,Umut,üret-NMLZ,üret-me,55,61,19,54,20,22,9,19,36
132,7,pre_ambiguity,False,3521,"Nevzat Evrim Önal, Türkiye Siyasi Tarihinde Sahte Umut Üretme yazısıyla dergimizin Nisan sayısında.",nominalizer,semantic,before,üretme,Türkiye,Umut,üret-NMLZ,üret-me,55,61,19,54,20,22,9,19,36
132,8,pre_ambiguity,False,3522,"Nevzat Evrim Önal, Türkiye Siyasi Tarihinde Sahte Umut Üretme yazısıyla dergimizin Nisan sayısında.",nominalizer,semantic,before,üretme,Türkiye,Umut,üret-NMLZ,üret-me,55,61,19,54,20,22,9,19,36
132,9,cue_onset,False,3523,"Nevzat Evrim Önal, Türkiye Siyasi Tarihinde Sahte Umut Üretme yazısıyla dergimizin Nisan sayısında.",nominalizer,semantic,before,üretme,Türkiye,Umut,üret-NMLZ,üret-me,55,61,19,54,20,22,9,19,36
132,10,cue_onset,False,3524,"Nevzat Evrim Önal, Türkiye Siyasi Tarihinde Sahte Umut Üretme yazısıyla dergimizin Nisan sayısında.",nominalizer,semantic,before,üretme,Türkiye,Umut,üret-NMLZ,üret-me,55,61,19,54,20,22,9,19,36
132,11,cue_onset,False,3525,"Nevzat Evrim Önal, Türkiye Siyasi Tarihinde Sahte Umut Üretme yazısıyla dergimizin Nisan sayısında.",nominalizer,semantic,before,üretme,Türkiye,Umut,üret-NMLZ,üret-me,55,61,19,54,20,22,9,19,36
132,12,cue_onset,False,3526,"Nevzat Evrim Önal, Türkiye Siyasi Tarihinde Sahte Umut Üretme yazısıyla dergimizin Nisan sayısında.",nominalizer,semantic,before,üretme,Türkiye,Umut,üret-NMLZ,üret-me,55,61,19,54,20,22,9,19,36
132,13,cue_onset,False,3527,"Nevzat Evrim Önal, Türkiye Siyasi Tarihinde Sahte Umut Üretme yazısıyla dergimizin Nisan sayısında.",nominalizer,semantic,before,üretme,Türkiye,Umut,üret-NMLZ,üret-me,55,61,19,54,20,22,9,19,36
132,14,cue_onset,False,3528,"Nevzat Evrim Önal, Türkiye Siyasi Tarihinde Sahte Umut Üretme yazısıyla dergimizin Nisan sayısında.",nominalizer,semantic,before,üretme,Türkiye,Umut,üret-NMLZ,üret-me,55,61,19,54,20,22,9,19,36
132,15,cue_onset,False,3529,"Nevzat Evrim Önal, Türkiye Siyasi Tarihinde Sahte Umut Üretme yazısıyla dergimizin Nisan sayısında.",nominalizer,semantic,before,üretme,Türkiye,Umut,üret-NMLZ,üret-me,55,61,19,54,20,22,9,19,36
132,16,cue_onset,False,3530,"Nevzat Evrim Önal, Türkiye Siyasi Tarihinde Sahte Umut Üretme yazısıyla dergimizin Nisan sayısında.",nominalizer,semantic,before,üretme,Türkiye,Umut,üret-NMLZ,üret-me,55,61,19,54,20,22,9,19,36
132,17,cue_onset,False,3531,"Nevzat Evrim Önal, Türkiye Siyasi Tarihinde Sahte Umut Üretme yazısıyla dergimizin Nisan sayısında.",nominalizer,semantic,before,üretme,Türkiye,Umut,üret-NMLZ,üret-me,55,61,19,54,20,22,9,19,36
132,18,cue_onset,False,3532,"Nevzat Evrim Önal, Türkiye Siyasi Tarihinde Sahte Umut Üretme yazısıyla dergimizin Nisan sayısında.",nominalizer,semantic,before,üretme,Türkiye,Umut,üret-NMLZ,üret-me,55,61,19,54,20,22,9,19,36
132,19,cue_onset,False,3533,"Nevzat Evrim Önal, Türkiye Siyasi Tarihinde Sahte Umut Üretme yazısıyla dergimizin Nisan sayısında.",nominalizer,semantic,before,üretme,Türkiye,Umut,üret-NMLZ,üret-me,55,61,19,54,20,22,9,19,36
132,20,ambiguity_onset,False,3534,"Nevzat Evrim Önal, Türkiye Siyasi Tarihinde Sahte Umut Üretme yazısıyla dergimizin Nisan sayısında.",nominalizer,semantic,before,üretme,Türkiye,Umut,üret-NMLZ,üret-me,55,61,19,54,20,22,9,19,36
132,21,ambiguity_onset,False,3535,"Nevzat Evrim Önal, Türkiye Siyasi Tarihinde Sahte Umut Üretme yazısıyla dergimizin Nisan sayısında.",nominalizer,semantic,before,üretme,Türkiye,Umut,üret-NMLZ,üret-me,55,61,19,54,20,22,9,19,36
132,22,ambiguity_onset,False,3536,"Nevzat Evrim Önal, Türkiye Siyasi Tarihinde Sahte Umut Üretme yazısıyla dergimizin Nisan sayısında.",nominalizer,semantic,before,üretme,Türkiye,Umut,üret-NMLZ,üret-me,55,61,19,54,20,22,9,19,36
132,23,post_cue,False,3537,"Nevzat Evrim Önal, Türkiye Siyasi Tarihinde Sahte Umut Üretme yazısıyla dergimizin Nisan sayısında.",nominalizer,semantic,before,üretme,Türkiye,Umut,üret-NMLZ,üret-me,55,61,19,54,20,22,9,19,36
132,24,post_cue,False,3538,"Nevzat Evrim Önal, Türkiye Siyasi Tarihinde Sahte Umut Üretme yazısıyla dergimizin Nisan sayısında.",nominalizer,semantic,before,üretme,Türkiye,Umut,üret-NMLZ,üret-me,55,61,19,54,20,22,9,19,36
132,25,post_cue,False,3539,"Nevzat Evrim Önal, Türkiye Siyasi Tarihinde Sahte Umut Üretme yazısıyla dergimizin Nisan sayısında.",nominalizer,semantic,before,üretme,Türkiye,Umut,üret-NMLZ,üret-me,55,61,19,54,20,22,9,19,36
132,26,post_cue,False,3540,"Nevzat Evrim Önal, Türkiye Siyasi Tarihinde Sahte Umut Üretme yazısıyla dergimizin Nisan sayısında.",nominalizer,semantic,before,üretme,Türkiye,Umut,üret-NMLZ,üret-me,55,61,19,54,20,22,9,19,36
132,27,post_cue,False,3541,"Nevzat Evrim Önal, Türkiye Siyasi Tarihinde Sahte Umut Üretme yazısıyla dergimizin Nisan sayısında.",nominalizer,semantic,before,üretme,Türkiye,Umut,üret-NMLZ,üret-me,55,61,19,54,20,22,9,19,36
132,28,post_cue,False,3542,"Nevzat Evrim Önal, Türkiye Siyasi Tarihinde Sahte Umut Üretme yazısıyla dergimizin Nisan sayısında.",nominalizer,semantic,before,üretme,Türkiye,Umut,üret-NMLZ,üret-me,55,61,19,54,20,22,9,19,36
132,29,post_cue,False,3543,"Nevzat Evrim Önal, Türkiye Siyasi Tarihinde Sahte Umut Üretme yazısıyla dergimizin Nisan sayısında.",nominalizer,semantic,before,üretme,Türkiye,Umut,üret-NMLZ,üret-me,55,61,19,54,20,22,9,19,36
132,30,post_cue,False,3544,"Nevzat Evrim Önal, Türkiye Siyasi Tarihinde Sahte Umut Üretme yazısıyla dergimizin Nisan sayısında.",nominalizer,semantic,before,üretme,Türkiye,Umut,üret-NMLZ,üret-me,55,61,19,54,20,22,9,19,36
132,31,post_cue,False,3545,"Nevzat Evrim Önal, Türkiye Siyasi Tarihinde Sahte Umut Üretme yazısıyla dergimizin Nisan sayısında.",nominalizer,semantic,before,üretme,Türkiye,Umut,üret-NMLZ,üret-me,55,61,19,54,20,22,9,19,36
132,32,post_cue,False,3546,"Nevzat Evrim Önal, Türkiye Siyasi Tarihinde Sahte Umut Üretme yazısıyla dergimizin Nisan sayısında.",nominalizer,semantic,before,üretme,Türkiye,Umut,üret-NMLZ,üret-me,55,61,19,54,20,22,9,19,36
132,33,post_cue,False,3547,"Nevzat Evrim Önal, Türkiye Siyasi Tarihinde Sahte Umut Üretme yazısıyla dergimizin Nisan sayısında.",nominalizer,semantic,before,üretme,Türkiye,Umut,üret-NMLZ,üret-me,55,61,19,54,20,22,9,19,36
132,34,post_cue,False,3548,"Nevzat Evrim Önal, Türkiye Siyasi Tarihinde Sahte Umut Üretme yazısıyla dergimizin Nisan sayısında.",nominalizer,semantic,before,üretme,Türkiye,Umut,üret-NMLZ,üret-me,55,61,19,54,20,22,9,19,36
132,35,full_sentence,True,3549,"Nevzat Evrim Önal, Türkiye Siyasi Tarihinde Sahte Umut Üretme yazısıyla dergimizin Nisan sayısında.",nominalizer,semantic,before,üretme,Türkiye,Umut,üret-NMLZ,üret-me,55,61,19,54,20,22,9,19,36
133,0,cue_onset,False,3550,Ulusumuzun bu yüzyıldaki vebası güçler birliği sorunu ve otoriterleşme olmalı.,nominalizer,semantic,before,otoriterleşme,Ulusumuzun,vebası,otoriterleş-NMLZ,otoriterleş-me,57,70,0,31,19,22,0,11,26
133,1,cue_onset,False,3551,Ulusumuzun bu yüzyıldaki vebası güçler birliği sorunu ve otoriterleşme olmalı.,nominalizer,semantic,before,otoriterleşme,Ulusumuzun,vebası,otoriterleş-NMLZ,otoriterleş-me,57,70,0,31,19,22,0,11,26
133,2,cue_onset,False,3552,Ulusumuzun bu yüzyıldaki vebası güçler birliği sorunu ve otoriterleşme olmalı.,nominalizer,semantic,before,otoriterleşme,Ulusumuzun,vebası,otoriterleş-NMLZ,otoriterleş-me,57,70,0,31,19,22,0,11,26
133,3,cue_onset,False,3553,Ulusumuzun bu yüzyıldaki vebası güçler birliği sorunu ve otoriterleşme olmalı.,nominalizer,semantic,before,otoriterleşme,Ulusumuzun,vebası,otoriterleş-NMLZ,otoriterleş-me,57,70,0,31,19,22,0,11,26
133,4,cue_onset,False,3554,Ulusumuzun bu yüzyıldaki vebası güçler birliği sorunu ve otoriterleşme olmalı.,nominalizer,semantic,before,otoriterleşme,Ulusumuzun,vebası,otoriterleş-NMLZ,otoriterleş-me,57,70,0,31,19,22,0,11,26
133,5,cue_onset,False,3555,Ulusumuzun bu yüzyıldaki vebası güçler birliği sorunu ve otoriterleşme olmalı.,nominalizer,semantic,before,otoriterleşme,Ulusumuzun,vebası,otoriterleş-NMLZ,otoriterleş-me,57,70,0,31,19,22,0,11,26
133,6,cue_onset,False,3556,Ulusumuzun bu yüzyıldaki vebası güçler birliği sorunu ve otoriterleşme olmalı.,nominalizer,semantic,before,otoriterleşme,Ulusumuzun,vebası,otoriterleş-NMLZ,otoriterleş-me,57,70,0,31,19,22,0,11,26
133,7,cue_onset,False,3557,Ulusumuzun bu yüzyıldaki vebası güçler birliği sorunu ve otoriterleşme olmalı.,nominalizer,semantic,before,otoriterleşme,Ulusumuzun,vebası,otoriterleş-NMLZ,otoriterleş-me,57,70,0,31,19,22,0,11,26
133,8,cue_onset,False,3558,Ulusumuzun bu yüzyıldaki vebası güçler birliği sorunu ve otoriterleşme olmalı.,nominalizer,semantic,before,otoriterleşme,Ulusumuzun,vebası,otoriterleş-NMLZ,otoriterleş-me,57,70,0,31,19,22,0,11,26
133,9,cue_onset,False,3559,Ulusumuzun bu yüzyıldaki vebası güçler birliği sorunu ve otoriterleşme olmalı.,nominalizer,semantic,before,otoriterleşme,Ulusumuzun,vebası,otoriterleş-NMLZ,otoriterleş-me,57,70,0,31,19,22,0,11,26
133,10,cue_onset,False,3560,Ulusumuzun bu yüzyıldaki vebası güçler birliği sorunu ve otoriterleşme olmalı.,nominalizer,semantic,before,otoriterleşme,Ulusumuzun,vebası,otoriterleş-NMLZ,otoriterleş-me,57,70,0,31,19,22,0,11,26
133,11,cue_onset,False,3561,Ulusumuzun bu yüzyıldaki vebası güçler birliği sorunu ve otoriterleşme olmalı.,nominalizer,semantic,before,otoriterleşme,Ulusumuzun,vebası,otoriterleş-NMLZ,otoriterleş-me,57,70,0,31,19,22,0,11,26
133,12,post_cue_pre_ambiguity,False,3562,Ulusumuzun bu yüzyıldaki vebası güçler birliği sorunu ve otoriterleşme olmalı.,nominalizer,semantic,before,otoriterleşme,Ulusumuzun,vebası,otoriterleş-NMLZ,otoriterleş-me,57,70,0,31,19,22,0,11,26
133,13,post_cue_pre_ambiguity,False,3563,Ulusumuzun bu yüzyıldaki vebası güçler birliği sorunu ve otoriterleşme olmalı.,nominalizer,semantic,before,otoriterleşme,Ulusumuzun,vebası,otoriterleş-NMLZ,otoriterleş-me,57,70,0,31,19,22,0,11,26
133,14,post_cue_pre_ambiguity,False,3564,Ulusumuzun bu yüzyıldaki vebası güçler birliği sorunu ve otoriterleşme olmalı.,nominalizer,semantic,before,otoriterleşme,Ulusumuzun,vebası,otoriterleş-NMLZ,otoriterleş-me,57,70,0,31,19,22,0,11,26
133,15,post_cue_pre_ambiguity,False,3565,Ulusumuzun bu yüzyıldaki vebası güçler birliği sorunu ve otoriterleşme olmalı.,nominalizer,semantic,before,otoriterleşme,Ulusumuzun,vebası,otoriterleş-NMLZ,otoriterleş-me,57,70,0,31,19,22,0,11,26
133,16,post_cue_pre_ambiguity,False,3566,Ulusumuzun bu yüzyıldaki vebası güçler birliği sorunu ve otoriterleşme olmalı.,nominalizer,semantic,before,otoriterleşme,Ulusumuzun,vebası,otoriterleş-NMLZ,otoriterleş-me,57,70,0,31,19,22,0,11,26
133,17,post_cue_pre_ambiguity,False,3567,Ulusumuzun bu yüzyıldaki vebası güçler birliği sorunu ve otoriterleşme olmalı.,nominalizer,semantic,before,otoriterleşme,Ulusumuzun,vebası,otoriterleş-NMLZ,otoriterleş-me,57,70,0,31,19,22,0,11,26
133,18,post_cue_pre_ambiguity,False,3568,Ulusumuzun bu yüzyıldaki vebası güçler birliği sorunu ve otoriterleşme olmalı.,nominalizer,semantic,before,otoriterleşme,Ulusumuzun,vebası,otoriterleş-NMLZ,otoriterleş-me,57,70,0,31,19,22,0,11,26
133,19,ambiguity_onset,False,3569,Ulusumuzun bu yüzyıldaki vebası güçler birliği sorunu ve otoriterleşme olmalı.,nominalizer,semantic,before,otoriterleşme,Ulusumuzun,vebası,otoriterleş-NMLZ,otoriterleş-me,57,70,0,31,19,22,0,11,26
133,20,ambiguity_onset,False,3570,Ulusumuzun bu yüzyıldaki vebası güçler birliği sorunu ve otoriterleşme olmalı.,nominalizer,semantic,before,otoriterleşme,Ulusumuzun,vebası,otoriterleş-NMLZ,otoriterleş-me,57,70,0,31,19,22,0,11,26
133,21,ambiguity_onset,False,3571,Ulusumuzun bu yüzyıldaki vebası güçler birliği sorunu ve otoriterleşme olmalı.,nominalizer,semantic,before,otoriterleşme,Ulusumuzun,vebası,otoriterleş-NMLZ,otoriterleş-me,57,70,0,31,19,22,0,11,26
133,22,ambiguity_onset,False,3572,Ulusumuzun bu yüzyıldaki vebası güçler birliği sorunu ve otoriterleşme olmalı.,nominalizer,semantic,before,otoriterleşme,Ulusumuzun,vebası,otoriterleş-NMLZ,otoriterleş-me,57,70,0,31,19,22,0,11,26
133,23,post_cue,False,3573,Ulusumuzun bu yüzyıldaki vebası güçler birliği sorunu ve otoriterleşme olmalı.,nominalizer,semantic,before,otoriterleşme,Ulusumuzun,vebası,otoriterleş-NMLZ,otoriterleş-me,57,70,0,31,19,22,0,11,26
133,24,post_cue,False,3574,Ulusumuzun bu yüzyıldaki vebası güçler birliği sorunu ve otoriterleşme olmalı.,nominalizer,semantic,before,otoriterleşme,Ulusumuzun,vebası,otoriterleş-NMLZ,otoriterleş-me,57,70,0,31,19,22,0,11,26
133,25,full_sentence,True,3575,Ulusumuzun bu yüzyıldaki vebası güçler birliği sorunu ve otoriterleşme olmalı.,nominalizer,semantic,before,otoriterleşme,Ulusumuzun,vebası,otoriterleş-NMLZ,otoriterleş-me,57,70,0,31,19,22,0,11,26
134,0,cue_onset,False,3576,"Bir sonraki oturumun başlığı 'Yüz yıl önce, yüz yıl sonra: Geleceği tartışma'",nominalizer,semantic,before,tartışma,Bir,başlığı,tartış-NMLZ,tartış-ma,68,76,0,28,24,24,0,10,26
134,1,cue_onset,False,3577,"Bir sonraki oturumun başlığı 'Yüz yıl önce, yüz yıl sonra: Geleceği tartışma'",nominalizer,semantic,before,tartışma,Bir,başlığı,tartış-NMLZ,tartış-ma,68,76,0,28,24,24,0,10,26
134,2,cue_onset,False,3578,"Bir sonraki oturumun başlığı 'Yüz yıl önce, yüz yıl sonra: Geleceği tartışma'",nominalizer,semantic,before,tartışma,Bir,başlığı,tartış-NMLZ,tartış-ma,68,76,0,28,24,24,0,10,26
134,3,cue_onset,False,3579,"Bir sonraki oturumun başlığı 'Yüz yıl önce, yüz yıl sonra: Geleceği tartışma'",nominalizer,semantic,before,tartışma,Bir,başlığı,tartış-NMLZ,tartış-ma,68,76,0,28,24,24,0,10,26
134,4,cue_onset,False,3580,"Bir sonraki oturumun başlığı 'Yüz yıl önce, yüz yıl sonra: Geleceği tartışma'",nominalizer,semantic,before,tartışma,Bir,başlığı,tartış-NMLZ,tartış-ma,68,76,0,28,24,24,0,10,26
134,5,cue_onset,False,3581,"Bir sonraki oturumun başlığı 'Yüz yıl önce, yüz yıl sonra: Geleceği tartışma'",nominalizer,semantic,before,tartışma,Bir,başlığı,tartış-NMLZ,tartış-ma,68,76,0,28,24,24,0,10,26
134,6,cue_onset,False,3582,"Bir sonraki oturumun başlığı 'Yüz yıl önce, yüz yıl sonra: Geleceği tartışma'",nominalizer,semantic,before,tartışma,Bir,başlığı,tartış-NMLZ,tartış-ma,68,76,0,28,24,24,0,10,26
134,7,cue_onset,False,3583,"Bir sonraki oturumun başlığı 'Yüz yıl önce, yüz yıl sonra: Geleceği tartışma'",nominalizer,semantic,before,tartışma,Bir,başlığı,tartış-NMLZ,tartış-ma,68,76,0,28,24,24,0,10,26
134,8,cue_onset,False,3584,"Bir sonraki oturumun başlığı 'Yüz yıl önce, yüz yıl sonra: Geleceği tartışma'",nominalizer,semantic,before,tartışma,Bir,başlığı,tartış-NMLZ,tartış-ma,68,76,0,28,24,24,0,10,26
134,9,cue_onset,False,3585,"Bir sonraki oturumun başlığı 'Yüz yıl önce, yüz yıl sonra: Geleceği tartışma'",nominalizer,semantic,before,tartışma,Bir,başlığı,tartış-NMLZ,tartış-ma,68,76,0,28,24,24,0,10,26
134,10,cue_onset,False,3586,"Bir sonraki oturumun başlığı 'Yüz yıl önce, yüz yıl sonra: Geleceği tartışma'",nominalizer,semantic,before,tartışma,Bir,başlığı,tartış-NMLZ,tartış-ma,68,76,0,28,24,24,0,10,26
134,11,post_cue_pre_ambiguity,False,3587,"Bir sonraki oturumun başlığı 'Yüz yıl önce, yüz yıl sonra: Geleceği tartışma'",nominalizer,semantic,before,tartışma,Bir,başlığı,tartış-NMLZ,tartış-ma,68,76,0,28,24,24,0,10,26
134,12,post_cue_pre_ambiguity,False,3588,"Bir sonraki oturumun başlığı 'Yüz yıl önce, yüz yıl sonra: Geleceği tartışma'",nominalizer,semantic,before,tartışma,Bir,başlığı,tartış-NMLZ,tartış-ma,68,76,0,28,24,24,0,10,26
134,13,post_cue_pre_ambiguity,False,3589,"Bir sonraki oturumun başlığı 'Yüz yıl önce, yüz yıl sonra: Geleceği tartışma'",nominalizer,semantic,before,tartışma,Bir,başlığı,tartış-NMLZ,tartış-ma,68,76,0,28,24,24,0,10,26
134,14,post_cue_pre_ambiguity,False,3590,"Bir sonraki oturumun başlığı 'Yüz yıl önce, yüz yıl sonra: Geleceği tartışma'",nominalizer,semantic,before,tartışma,Bir,başlığı,tartış-NMLZ,tartış-ma,68,76,0,28,24,24,0,10,26
134,15,post_cue_pre_ambiguity,False,3591,"Bir sonraki oturumun başlığı 'Yüz yıl önce, yüz yıl sonra: Geleceği tartışma'",nominalizer,semantic,before,tartışma,Bir,başlığı,tartış-NMLZ,tartış-ma,68,76,0,28,24,24,0,10,26
134,16,post_cue_pre_ambiguity,False,3592,"Bir sonraki oturumun başlığı 'Yüz yıl önce, yüz yıl sonra: Geleceği tartışma'",nominalizer,semantic,before,tartışma,Bir,başlığı,tartış-NMLZ,tartış-ma,68,76,0,28,24,24,0,10,26
134,17,post_cue_pre_ambiguity,False,3593,"Bir sonraki oturumun başlığı 'Yüz yıl önce, yüz yıl sonra: Geleceği tartışma'",nominalizer,semantic,before,tartışma,Bir,başlığı,tartış-NMLZ,tartış-ma,68,76,0,28,24,24,0,10,26
134,18,post_cue_pre_ambiguity,False,3594,"Bir sonraki oturumun başlığı 'Yüz yıl önce, yüz yıl sonra: Geleceği tartışma'",nominalizer,semantic,before,tartışma,Bir,başlığı,tartış-NMLZ,tartış-ma,68,76,0,28,24,24,0,10,26
134,19,post_cue_pre_ambiguity,False,3595,"Bir sonraki oturumun başlığı 'Yüz yıl önce, yüz yıl sonra: Geleceği tartışma'",nominalizer,semantic,before,tartışma,Bir,başlığı,tartış-NMLZ,tartış-ma,68,76,0,28,24,24,0,10,26
134,20,post_cue_pre_ambiguity,False,3596,"Bir sonraki oturumun başlığı 'Yüz yıl önce, yüz yıl sonra: Geleceği tartışma'",nominalizer,semantic,before,tartışma,Bir,başlığı,tartış-NMLZ,tartış-ma,68,76,0,28,24,24,0,10,26
134,21,post_cue_pre_ambiguity,False,3597,"Bir sonraki oturumun başlığı 'Yüz yıl önce, yüz yıl sonra: Geleceği tartışma'",nominalizer,semantic,before,tartışma,Bir,başlığı,tartış-NMLZ,tartış-ma,68,76,0,28,24,24,0,10,26
134,22,post_cue_pre_ambiguity,False,3598,"Bir sonraki oturumun başlığı 'Yüz yıl önce, yüz yıl sonra: Geleceği tartışma'",nominalizer,semantic,before,tartışma,Bir,başlığı,tartış-NMLZ,tartış-ma,68,76,0,28,24,24,0,10,26
134,23,post_cue_pre_ambiguity,False,3599,"Bir sonraki oturumun başlığı 'Yüz yıl önce, yüz yıl sonra: Geleceği tartışma'",nominalizer,semantic,before,tartışma,Bir,başlığı,tartış-NMLZ,tartış-ma,68,76,0,28,24,24,0,10,26
134,24,ambiguity_onset,False,3600,"Bir sonraki oturumun başlığı 'Yüz yıl önce, yüz yıl sonra: Geleceği tartışma'",nominalizer,semantic,before,tartışma,Bir,başlığı,tartış-NMLZ,tartış-ma,68,76,0,28,24,24,0,10,26
134,25,full_sentence,True,3601,"Bir sonraki oturumun başlığı 'Yüz yıl önce, yüz yıl sonra: Geleceği tartışma'",nominalizer,semantic,before,tartışma,Bir,başlığı,tartış-NMLZ,tartış-ma,68,76,0,28,24,24,0,10,26
135,0,cue_onset,False,3602,"165. sayının giriş yazısı, Aydemir Güler imzasıyla Ulusal Sorunda Güncelleme, ulusal sorunun abc’sine, TKP’nin Gelenek hareketinden beri benimsediği ve bugün doğrulanan pozisyonunun temel unsurlarına ayrıldı.",nominalizer,semantic,before,güncelleme,165,Sorunda,güncelle-NMLZ,güncelle-me,66,76,0,65,22,22,0,21,70
135,1,cue_onset,False,3603,"165. sayının giriş yazısı, Aydemir Güler imzasıyla Ulusal Sorunda Güncelleme, ulusal sorunun abc’sine, TKP’nin Gelenek hareketinden beri benimsediği ve bugün doğrulanan pozisyonunun temel unsurlarına ayrıldı.",nominalizer,semantic,before,güncelleme,165,Sorunda,güncelle-NMLZ,güncelle-me,66,76,0,65,22,22,0,21,70
135,2,cue_onset,False,3604,"165. sayının giriş yazısı, Aydemir Güler imzasıyla Ulusal Sorunda Güncelleme, ulusal sorunun abc’sine, TKP’nin Gelenek hareketinden beri benimsediği ve bugün doğrulanan pozisyonunun temel unsurlarına ayrıldı.",nominalizer,semantic,before,güncelleme,165,Sorunda,güncelle-NMLZ,güncelle-me,66,76,0,65,22,22,0,21,70
135,3,cue_onset,False,3605,"165. sayının giriş yazısı, Aydemir Güler imzasıyla Ulusal Sorunda Güncelleme, ulusal sorunun abc’sine, TKP’nin Gelenek hareketinden beri benimsediği ve bugün doğrulanan pozisyonunun temel unsurlarına ayrıldı.",nominalizer,semantic,before,güncelleme,165,Sorunda,güncelle-NMLZ,güncelle-me,66,76,0,65,22,22,0,21,70
135,4,cue_onset,False,3606,"165. sayının giriş yazısı, Aydemir Güler imzasıyla Ulusal Sorunda Güncelleme, ulusal sorunun abc’sine, TKP’nin Gelenek hareketinden beri benimsediği ve bugün doğrulanan pozisyonunun temel unsurlarına ayrıldı.",nominalizer,semantic,before,güncelleme,165,Sorunda,güncelle-NMLZ,güncelle-me,66,76,0,65,22,22,0,21,70
135,5,cue_onset,False,3607,"165. sayının giriş yazısı, Aydemir Güler imzasıyla Ulusal Sorunda Güncelleme, ulusal sorunun abc’sine, TKP’nin Gelenek hareketinden beri benimsediği ve bugün doğrulanan pozisyonunun temel unsurlarına ayrıldı.",nominalizer,semantic,before,güncelleme,165,Sorunda,güncelle-NMLZ,güncelle-me,66,76,0,65,22,22,0,21,70
135,6,cue_onset,False,3608,"165. sayının giriş yazısı, Aydemir Güler imzasıyla Ulusal Sorunda Güncelleme, ulusal sorunun abc’sine, TKP’nin Gelenek hareketinden beri benimsediği ve bugün doğrulanan pozisyonunun temel unsurlarına ayrıldı.",nominalizer,semantic,before,güncelleme,165,Sorunda,güncelle-NMLZ,güncelle-me,66,76,0,65,22,22,0,21,70
135,7,cue_onset,False,3609,"165. sayının giriş yazısı, Aydemir Güler imzasıyla Ulusal Sorunda Güncelleme, ulusal sorunun abc’sine, TKP’nin Gelenek hareketinden beri benimsediği ve bugün doğrulanan pozisyonunun temel unsurlarına ayrıldı.",nominalizer,semantic,before,güncelleme,165,Sorunda,güncelle-NMLZ,güncelle-me,66,76,0,65,22,22,0,21,70
135,8,cue_onset,False,3610,"165. sayının giriş yazısı, Aydemir Güler imzasıyla Ulusal Sorunda Güncelleme, ulusal sorunun abc’sine, TKP’nin Gelenek hareketinden beri benimsediği ve bugün doğrulanan pozisyonunun temel unsurlarına ayrıldı.",nominalizer,semantic,before,güncelleme,165,Sorunda,güncelle-NMLZ,güncelle-me,66,76,0,65,22,22,0,21,70
135,9,cue_onset,False,3611,"165. sayının giriş yazısı, Aydemir Güler imzasıyla Ulusal Sorunda Güncelleme, ulusal sorunun abc’sine, TKP’nin Gelenek hareketinden beri benimsediği ve bugün doğrulanan pozisyonunun temel unsurlarına ayrıldı.",nominalizer,semantic,before,güncelleme,165,Sorunda,güncelle-NMLZ,güncelle-me,66,76,0,65,22,22,0,21,70
135,10,cue_onset,False,3612,"165. sayının giriş yazısı, Aydemir Güler imzasıyla Ulusal Sorunda Güncelleme, ulusal sorunun abc’sine, TKP’nin Gelenek hareketinden beri benimsediği ve bugün doğrulanan pozisyonunun temel unsurlarına ayrıldı.",nominalizer,semantic,before,güncelleme,165,Sorunda,güncelle-NMLZ,güncelle-me,66,76,0,65,22,22,0,21,70
135,11,cue_onset,False,3613,"165. sayının giriş yazısı, Aydemir Güler imzasıyla Ulusal Sorunda Güncelleme, ulusal sorunun abc’sine, TKP’nin Gelenek hareketinden beri benimsediği ve bugün doğrulanan pozisyonunun temel unsurlarına ayrıldı.",nominalizer,semantic,before,güncelleme,165,Sorunda,güncelle-NMLZ,güncelle-me,66,76,0,65,22,22,0,21,70
135,12,cue_onset,False,3614,"165. sayının giriş yazısı, Aydemir Güler imzasıyla Ulusal Sorunda Güncelleme, ulusal sorunun abc’sine, TKP’nin Gelenek hareketinden beri benimsediği ve bugün doğrulanan pozisyonunun temel unsurlarına ayrıldı.",nominalizer,semantic,before,güncelleme,165,Sorunda,güncelle-NMLZ,güncelle-me,66,76,0,65,22,22,0,21,70
135,13,cue_onset,False,3615,"165. sayının giriş yazısı, Aydemir Güler imzasıyla Ulusal Sorunda Güncelleme, ulusal sorunun abc’sine, TKP’nin Gelenek hareketinden beri benimsediği ve bugün doğrulanan pozisyonunun temel unsurlarına ayrıldı.",nominalizer,semantic,before,güncelleme,165,Sorunda,güncelle-NMLZ,güncelle-me,66,76,0,65,22,22,0,21,70
135,14,cue_onset,False,3616,"165. sayının giriş yazısı, Aydemir Güler imzasıyla Ulusal Sorunda Güncelleme, ulusal sorunun abc’sine, TKP’nin Gelenek hareketinden beri benimsediği ve bugün doğrulanan pozisyonunun temel unsurlarına ayrıldı.",nominalizer,semantic,before,güncelleme,165,Sorunda,güncelle-NMLZ,güncelle-me,66,76,0,65,22,22,0,21,70
135,15,cue_onset,False,3617,"165. sayının giriş yazısı, Aydemir Güler imzasıyla Ulusal Sorunda Güncelleme, ulusal sorunun abc’sine, TKP’nin Gelenek hareketinden beri benimsediği ve bugün doğrulanan pozisyonunun temel unsurlarına ayrıldı.",nominalizer,semantic,before,güncelleme,165,Sorunda,güncelle-NMLZ,güncelle-me,66,76,0,65,22,22,0,21,70
135,16,cue_onset,False,3618,"165. sayının giriş yazısı, Aydemir Güler imzasıyla Ulusal Sorunda Güncelleme, ulusal sorunun abc’sine, TKP’nin Gelenek hareketinden beri benimsediği ve bugün doğrulanan pozisyonunun temel unsurlarına ayrıldı.",nominalizer,semantic,before,güncelleme,165,Sorunda,güncelle-NMLZ,güncelle-me,66,76,0,65,22,22,0,21,70
135,17,cue_onset,False,3619,"165. sayının giriş yazısı, Aydemir Güler imzasıyla Ulusal Sorunda Güncelleme, ulusal sorunun abc’sine, TKP’nin Gelenek hareketinden beri benimsediği ve bugün doğrulanan pozisyonunun temel unsurlarına ayrıldı.",nominalizer,semantic,before,güncelleme,165,Sorunda,güncelle-NMLZ,güncelle-me,66,76,0,65,22,22,0,21,70
135,18,cue_onset,False,3620,"165. sayının giriş yazısı, Aydemir Güler imzasıyla Ulusal Sorunda Güncelleme, ulusal sorunun abc’sine, TKP’nin Gelenek hareketinden beri benimsediği ve bugün doğrulanan pozisyonunun temel unsurlarına ayrıldı.",nominalizer,semantic,before,güncelleme,165,Sorunda,güncelle-NMLZ,güncelle-me,66,76,0,65,22,22,0,21,70
135,19,cue_onset,False,3621,"165. sayının giriş yazısı, Aydemir Güler imzasıyla Ulusal Sorunda Güncelleme, ulusal sorunun abc’sine, TKP’nin Gelenek hareketinden beri benimsediği ve bugün doğrulanan pozisyonunun temel unsurlarına ayrıldı.",nominalizer,semantic,before,güncelleme,165,Sorunda,güncelle-NMLZ,güncelle-me,66,76,0,65,22,22,0,21,70
135,20,cue_onset,False,3622,"165. sayının giriş yazısı, Aydemir Güler imzasıyla Ulusal Sorunda Güncelleme, ulusal sorunun abc’sine, TKP’nin Gelenek hareketinden beri benimsediği ve bugün doğrulanan pozisyonunun temel unsurlarına ayrıldı.",nominalizer,semantic,before,güncelleme,165,Sorunda,güncelle-NMLZ,güncelle-me,66,76,0,65,22,22,0,21,70
135,21,cue_onset,False,3623,"165. sayının giriş yazısı, Aydemir Güler imzasıyla Ulusal Sorunda Güncelleme, ulusal sorunun abc’sine, TKP’nin Gelenek hareketinden beri benimsediği ve bugün doğrulanan pozisyonunun temel unsurlarına ayrıldı.",nominalizer,semantic,before,güncelleme,165,Sorunda,güncelle-NMLZ,güncelle-me,66,76,0,65,22,22,0,21,70
135,22,ambiguity_onset,False,3624,"165. sayının giriş yazısı, Aydemir Güler imzasıyla Ulusal Sorunda Güncelleme, ulusal sorunun abc’sine, TKP’nin Gelenek hareketinden beri benimsediği ve bugün doğrulanan pozisyonunun temel unsurlarına ayrıldı.",nominalizer,semantic,before,güncelleme,165,Sorunda,güncelle-NMLZ,güncelle-me,66,76,0,65,22,22,0,21,70
135,23,post_cue,False,3625,"165. sayının giriş yazısı, Aydemir Güler imzasıyla Ulusal Sorunda Güncelleme, ulusal sorunun abc’sine, TKP’nin Gelenek hareketinden beri benimsediği ve bugün doğrulanan pozisyonunun temel unsurlarına ayrıldı.",nominalizer,semantic,before,güncelleme,165,Sorunda,güncelle-NMLZ,güncelle-me,66,76,0,65,22,22,0,21,70
135,24,post_cue,False,3626,"165. sayının giriş yazısı, Aydemir Güler imzasıyla Ulusal Sorunda Güncelleme, ulusal sorunun abc’sine, TKP’nin Gelenek hareketinden beri benimsediği ve bugün doğrulanan pozisyonunun temel unsurlarına ayrıldı.",nominalizer,semantic,before,güncelleme,165,Sorunda,güncelle-NMLZ,güncelle-me,66,76,0,65,22,22,0,21,70
135,25,post_cue,False,3627,"165. sayının giriş yazısı, Aydemir Güler imzasıyla Ulusal Sorunda Güncelleme, ulusal sorunun abc’sine, TKP’nin Gelenek hareketinden beri benimsediği ve bugün doğrulanan pozisyonunun temel unsurlarına ayrıldı.",nominalizer,semantic,before,güncelleme,165,Sorunda,güncelle-NMLZ,güncelle-me,66,76,0,65,22,22,0,21,70
135,26,post_cue,False,3628,"165. sayının giriş yazısı, Aydemir Güler imzasıyla Ulusal Sorunda Güncelleme, ulusal sorunun abc’sine, TKP’nin Gelenek hareketinden beri benimsediği ve bugün doğrulanan pozisyonunun temel unsurlarına ayrıldı.",nominalizer,semantic,before,güncelleme,165,Sorunda,güncelle-NMLZ,güncelle-me,66,76,0,65,22,22,0,21,70
135,27,post_cue,False,3629,"165. sayının giriş yazısı, Aydemir Güler imzasıyla Ulusal Sorunda Güncelleme, ulusal sorunun abc’sine, TKP’nin Gelenek hareketinden beri benimsediği ve bugün doğrulanan pozisyonunun temel unsurlarına ayrıldı.",nominalizer,semantic,before,güncelleme,165,Sorunda,güncelle-NMLZ,güncelle-me,66,76,0,65,22,22,0,21,70
135,28,post_cue,False,3630,"165. sayının giriş yazısı, Aydemir Güler imzasıyla Ulusal Sorunda Güncelleme, ulusal sorunun abc’sine, TKP’nin Gelenek hareketinden beri benimsediği ve bugün doğrulanan pozisyonunun temel unsurlarına ayrıldı.",nominalizer,semantic,before,güncelleme,165,Sorunda,güncelle-NMLZ,güncelle-me,66,76,0,65,22,22,0,21,70
135,29,post_cue,False,3631,"165. sayının giriş yazısı, Aydemir Güler imzasıyla Ulusal Sorunda Güncelleme, ulusal sorunun abc’sine, TKP’nin Gelenek hareketinden beri benimsediği ve bugün doğrulanan pozisyonunun temel unsurlarına ayrıldı.",nominalizer,semantic,before,güncelleme,165,Sorunda,güncelle-NMLZ,güncelle-me,66,76,0,65,22,22,0,21,70
135,30,post_cue,False,3632,"165. sayının giriş yazısı, Aydemir Güler imzasıyla Ulusal Sorunda Güncelleme, ulusal sorunun abc’sine, TKP’nin Gelenek hareketinden beri benimsediği ve bugün doğrulanan pozisyonunun temel unsurlarına ayrıldı.",nominalizer,semantic,before,güncelleme,165,Sorunda,güncelle-NMLZ,güncelle-me,66,76,0,65,22,22,0,21,70
135,31,post_cue,False,3633,"165. sayının giriş yazısı, Aydemir Güler imzasıyla Ulusal Sorunda Güncelleme, ulusal sorunun abc’sine, TKP’nin Gelenek hareketinden beri benimsediği ve bugün doğrulanan pozisyonunun temel unsurlarına ayrıldı.",nominalizer,semantic,before,güncelleme,165,Sorunda,güncelle-NMLZ,güncelle-me,66,76,0,65,22,22,0,21,70
135,32,post_cue,False,3634,"165. sayının giriş yazısı, Aydemir Güler imzasıyla Ulusal Sorunda Güncelleme, ulusal sorunun abc’sine, TKP’nin Gelenek hareketinden beri benimsediği ve bugün doğrulanan pozisyonunun temel unsurlarına ayrıldı.",nominalizer,semantic,before,güncelleme,165,Sorunda,güncelle-NMLZ,güncelle-me,66,76,0,65,22,22,0,21,70
135,33,post_cue,False,3635,"165. sayının giriş yazısı, Aydemir Güler imzasıyla Ulusal Sorunda Güncelleme, ulusal sorunun abc’sine, TKP’nin Gelenek hareketinden beri benimsediği ve bugün doğrulanan pozisyonunun temel unsurlarına ayrıldı.",nominalizer,semantic,before,güncelleme,165,Sorunda,güncelle-NMLZ,güncelle-me,66,76,0,65,22,22,0,21,70
135,34,post_cue,False,3636,"165. sayının giriş yazısı, Aydemir Güler imzasıyla Ulusal Sorunda Güncelleme, ulusal sorunun abc’sine, TKP’nin Gelenek hareketinden beri benimsediği ve bugün doğrulanan pozisyonunun temel unsurlarına ayrıldı.",nominalizer,semantic,before,güncelleme,165,Sorunda,güncelle-NMLZ,güncelle-me,66,76,0,65,22,22,0,21,70
135,35,post_cue,False,3637,"165. sayının giriş yazısı, Aydemir Güler imzasıyla Ulusal Sorunda Güncelleme, ulusal sorunun abc’sine, TKP’nin Gelenek hareketinden beri benimsediği ve bugün doğrulanan pozisyonunun temel unsurlarına ayrıldı.",nominalizer,semantic,before,güncelleme,165,Sorunda,güncelle-NMLZ,güncelle-me,66,76,0,65,22,22,0,21,70
135,36,post_cue,False,3638,"165. sayının giriş yazısı, Aydemir Güler imzasıyla Ulusal Sorunda Güncelleme, ulusal sorunun abc’sine, TKP’nin Gelenek hareketinden beri benimsediği ve bugün doğrulanan pozisyonunun temel unsurlarına ayrıldı.",nominalizer,semantic,before,güncelleme,165,Sorunda,güncelle-NMLZ,güncelle-me,66,76,0,65,22,22,0,21,70
135,37,post_cue,False,3639,"165. sayının giriş yazısı, Aydemir Güler imzasıyla Ulusal Sorunda Güncelleme, ulusal sorunun abc’sine, TKP’nin Gelenek hareketinden beri benimsediği ve bugün doğrulanan pozisyonunun temel unsurlarına ayrıldı.",nominalizer,semantic,before,güncelleme,165,Sorunda,güncelle-NMLZ,güncelle-me,66,76,0,65,22,22,0,21,70
135,38,post_cue,False,3640,"165. sayının giriş yazısı, Aydemir Güler imzasıyla Ulusal Sorunda Güncelleme, ulusal sorunun abc’sine, TKP’nin Gelenek hareketinden beri benimsediği ve bugün doğrulanan pozisyonunun temel unsurlarına ayrıldı.",nominalizer,semantic,before,güncelleme,165,Sorunda,güncelle-NMLZ,güncelle-me,66,76,0,65,22,22,0,21,70
135,39,post_cue,False,3641,"165. sayının giriş yazısı, Aydemir Güler imzasıyla Ulusal Sorunda Güncelleme, ulusal sorunun abc’sine, TKP’nin Gelenek hareketinden beri benimsediği ve bugün doğrulanan pozisyonunun temel unsurlarına ayrıldı.",nominalizer,semantic,before,güncelleme,165,Sorunda,güncelle-NMLZ,güncelle-me,66,76,0,65,22,22,0,21,70
135,40,post_cue,False,3642,"165. sayının giriş yazısı, Aydemir Güler imzasıyla Ulusal Sorunda Güncelleme, ulusal sorunun abc’sine, TKP’nin Gelenek hareketinden beri benimsediği ve bugün doğrulanan pozisyonunun temel unsurlarına ayrıldı.",nominalizer,semantic,before,güncelleme,165,Sorunda,güncelle-NMLZ,güncelle-me,66,76,0,65,22,22,0,21,70
135,41,post_cue,False,3643,"165. sayının giriş yazısı, Aydemir Güler imzasıyla Ulusal Sorunda Güncelleme, ulusal sorunun abc’sine, TKP’nin Gelenek hareketinden beri benimsediği ve bugün doğrulanan pozisyonunun temel unsurlarına ayrıldı.",nominalizer,semantic,before,güncelleme,165,Sorunda,güncelle-NMLZ,güncelle-me,66,76,0,65,22,22,0,21,70
135,42,post_cue,False,3644,"165. sayının giriş yazısı, Aydemir Güler imzasıyla Ulusal Sorunda Güncelleme, ulusal sorunun abc’sine, TKP’nin Gelenek hareketinden beri benimsediği ve bugün doğrulanan pozisyonunun temel unsurlarına ayrıldı.",nominalizer,semantic,before,güncelleme,165,Sorunda,güncelle-NMLZ,güncelle-me,66,76,0,65,22,22,0,21,70
135,43,post_cue,False,3645,"165. sayının giriş yazısı, Aydemir Güler imzasıyla Ulusal Sorunda Güncelleme, ulusal sorunun abc’sine, TKP’nin Gelenek hareketinden beri benimsediği ve bugün doğrulanan pozisyonunun temel unsurlarına ayrıldı.",nominalizer,semantic,before,güncelleme,165,Sorunda,güncelle-NMLZ,güncelle-me,66,76,0,65,22,22,0,21,70
135,44,post_cue,False,3646,"165. sayının giriş yazısı, Aydemir Güler imzasıyla Ulusal Sorunda Güncelleme, ulusal sorunun abc’sine, TKP’nin Gelenek hareketinden beri benimsediği ve bugün doğrulanan pozisyonunun temel unsurlarına ayrıldı.",nominalizer,semantic,before,güncelleme,165,Sorunda,güncelle-NMLZ,güncelle-me,66,76,0,65,22,22,0,21,70
135,45,post_cue,False,3647,"165. sayının giriş yazısı, Aydemir Güler imzasıyla Ulusal Sorunda Güncelleme, ulusal sorunun abc’sine, TKP’nin Gelenek hareketinden beri benimsediği ve bugün doğrulanan pozisyonunun temel unsurlarına ayrıldı.",nominalizer,semantic,before,güncelleme,165,Sorunda,güncelle-NMLZ,güncelle-me,66,76,0,65,22,22,0,21,70
135,46,post_cue,False,3648,"165. sayının giriş yazısı, Aydemir Güler imzasıyla Ulusal Sorunda Güncelleme, ulusal sorunun abc’sine, TKP’nin Gelenek hareketinden beri benimsediği ve bugün doğrulanan pozisyonunun temel unsurlarına ayrıldı.",nominalizer,semantic,before,güncelleme,165,Sorunda,güncelle-NMLZ,güncelle-me,66,76,0,65,22,22,0,21,70
135,47,post_cue,False,3649,"165. sayının giriş yazısı, Aydemir Güler imzasıyla Ulusal Sorunda Güncelleme, ulusal sorunun abc’sine, TKP’nin Gelenek hareketinden beri benimsediği ve bugün doğrulanan pozisyonunun temel unsurlarına ayrıldı.",nominalizer,semantic,before,güncelleme,165,Sorunda,güncelle-NMLZ,güncelle-me,66,76,0,65,22,22,0,21,70
135,48,post_cue,False,3650,"165. sayının giriş yazısı, Aydemir Güler imzasıyla Ulusal Sorunda Güncelleme, ulusal sorunun abc’sine, TKP’nin Gelenek hareketinden beri benimsediği ve bugün doğrulanan pozisyonunun temel unsurlarına ayrıldı.",nominalizer,semantic,before,güncelleme,165,Sorunda,güncelle-NMLZ,güncelle-me,66,76,0,65,22,22,0,21,70
135,49,post_cue,False,3651,"165. sayının giriş yazısı, Aydemir Güler imzasıyla Ulusal Sorunda Güncelleme, ulusal sorunun abc’sine, TKP’nin Gelenek hareketinden beri benimsediği ve bugün doğrulanan pozisyonunun temel unsurlarına ayrıldı.",nominalizer,semantic,before,güncelleme,165,Sorunda,güncelle-NMLZ,güncelle-me,66,76,0,65,22,22,0,21,70
135,50,post_cue,False,3652,"165. sayının giriş yazısı, Aydemir Güler imzasıyla Ulusal Sorunda Güncelleme, ulusal sorunun abc’sine, TKP’nin Gelenek hareketinden beri benimsediği ve bugün doğrulanan pozisyonunun temel unsurlarına ayrıldı.",nominalizer,semantic,before,güncelleme,165,Sorunda,güncelle-NMLZ,güncelle-me,66,76,0,65,22,22,0,21,70
135,51,post_cue,False,3653,"165. sayının giriş yazısı, Aydemir Güler imzasıyla Ulusal Sorunda Güncelleme, ulusal sorunun abc’sine, TKP’nin Gelenek hareketinden beri benimsediği ve bugün doğrulanan pozisyonunun temel unsurlarına ayrıldı.",nominalizer,semantic,before,güncelleme,165,Sorunda,güncelle-NMLZ,güncelle-me,66,76,0,65,22,22,0,21,70
135,52,post_cue,False,3654,"165. sayının giriş yazısı, Aydemir Güler imzasıyla Ulusal Sorunda Güncelleme, ulusal sorunun abc’sine, TKP’nin Gelenek hareketinden beri benimsediği ve bugün doğrulanan pozisyonunun temel unsurlarına ayrıldı.",nominalizer,semantic,before,güncelleme,165,Sorunda,güncelle-NMLZ,güncelle-me,66,76,0,65,22,22,0,21,70
135,53,post_cue,False,3655,"165. sayının giriş yazısı, Aydemir Güler imzasıyla Ulusal Sorunda Güncelleme, ulusal sorunun abc’sine, TKP’nin Gelenek hareketinden beri benimsediği ve bugün doğrulanan pozisyonunun temel unsurlarına ayrıldı.",nominalizer,semantic,before,güncelleme,165,Sorunda,güncelle-NMLZ,güncelle-me,66,76,0,65,22,22,0,21,70
135,54,post_cue,False,3656,"165. sayının giriş yazısı, Aydemir Güler imzasıyla Ulusal Sorunda Güncelleme, ulusal sorunun abc’sine, TKP’nin Gelenek hareketinden beri benimsediği ve bugün doğrulanan pozisyonunun temel unsurlarına ayrıldı.",nominalizer,semantic,before,güncelleme,165,Sorunda,güncelle-NMLZ,güncelle-me,66,76,0,65,22,22,0,21,70
135,55,post_cue,False,3657,"165. sayının giriş yazısı, Aydemir Güler imzasıyla Ulusal Sorunda Güncelleme, ulusal sorunun abc’sine, TKP’nin Gelenek hareketinden beri benimsediği ve bugün doğrulanan pozisyonunun temel unsurlarına ayrıldı.",nominalizer,semantic,before,güncelleme,165,Sorunda,güncelle-NMLZ,güncelle-me,66,76,0,65,22,22,0,21,70
135,56,post_cue,False,3658,"165. sayının giriş yazısı, Aydemir Güler imzasıyla Ulusal Sorunda Güncelleme, ulusal sorunun abc’sine, TKP’nin Gelenek hareketinden beri benimsediği ve bugün doğrulanan pozisyonunun temel unsurlarına ayrıldı.",nominalizer,semantic,before,güncelleme,165,Sorunda,güncelle-NMLZ,güncelle-me,66,76,0,65,22,22,0,21,70
135,57,post_cue,False,3659,"165. sayının giriş yazısı, Aydemir Güler imzasıyla Ulusal Sorunda Güncelleme, ulusal sorunun abc’sine, TKP’nin Gelenek hareketinden beri benimsediği ve bugün doğrulanan pozisyonunun temel unsurlarına ayrıldı.",nominalizer,semantic,before,güncelleme,165,Sorunda,güncelle-NMLZ,güncelle-me,66,76,0,65,22,22,0,21,70
135,58,post_cue,False,3660,"165. sayının giriş yazısı, Aydemir Güler imzasıyla Ulusal Sorunda Güncelleme, ulusal sorunun abc’sine, TKP’nin Gelenek hareketinden beri benimsediği ve bugün doğrulanan pozisyonunun temel unsurlarına ayrıldı.",nominalizer,semantic,before,güncelleme,165,Sorunda,güncelle-NMLZ,güncelle-me,66,76,0,65,22,22,0,21,70
135,59,post_cue,False,3661,"165. sayının giriş yazısı, Aydemir Güler imzasıyla Ulusal Sorunda Güncelleme, ulusal sorunun abc’sine, TKP’nin Gelenek hareketinden beri benimsediği ve bugün doğrulanan pozisyonunun temel unsurlarına ayrıldı.",nominalizer,semantic,before,güncelleme,165,Sorunda,güncelle-NMLZ,güncelle-me,66,76,0,65,22,22,0,21,70
135,60,post_cue,False,3662,"165. sayının giriş yazısı, Aydemir Güler imzasıyla Ulusal Sorunda Güncelleme, ulusal sorunun abc’sine, TKP’nin Gelenek hareketinden beri benimsediği ve bugün doğrulanan pozisyonunun temel unsurlarına ayrıldı.",nominalizer,semantic,before,güncelleme,165,Sorunda,güncelle-NMLZ,güncelle-me,66,76,0,65,22,22,0,21,70
135,61,post_cue,False,3663,"165. sayının giriş yazısı, Aydemir Güler imzasıyla Ulusal Sorunda Güncelleme, ulusal sorunun abc’sine, TKP’nin Gelenek hareketinden beri benimsediği ve bugün doğrulanan pozisyonunun temel unsurlarına ayrıldı.",nominalizer,semantic,before,güncelleme,165,Sorunda,güncelle-NMLZ,güncelle-me,66,76,0,65,22,22,0,21,70
135,62,post_cue,False,3664,"165. sayının giriş yazısı, Aydemir Güler imzasıyla Ulusal Sorunda Güncelleme, ulusal sorunun abc’sine, TKP’nin Gelenek hareketinden beri benimsediği ve bugün doğrulanan pozisyonunun temel unsurlarına ayrıldı.",nominalizer,semantic,before,güncelleme,165,Sorunda,güncelle-NMLZ,güncelle-me,66,76,0,65,22,22,0,21,70
135,63,post_cue,False,3665,"165. sayının giriş yazısı, Aydemir Güler imzasıyla Ulusal Sorunda Güncelleme, ulusal sorunun abc’sine, TKP’nin Gelenek hareketinden beri benimsediği ve bugün doğrulanan pozisyonunun temel unsurlarına ayrıldı.",nominalizer,semantic,before,güncelleme,165,Sorunda,güncelle-NMLZ,güncelle-me,66,76,0,65,22,22,0,21,70
135,64,post_cue,False,3666,"165. sayının giriş yazısı, Aydemir Güler imzasıyla Ulusal Sorunda Güncelleme, ulusal sorunun abc’sine, TKP’nin Gelenek hareketinden beri benimsediği ve bugün doğrulanan pozisyonunun temel unsurlarına ayrıldı.",nominalizer,semantic,before,güncelleme,165,Sorunda,güncelle-NMLZ,güncelle-me,66,76,0,65,22,22,0,21,70
135,65,post_cue,False,3667,"165. sayının giriş yazısı, Aydemir Güler imzasıyla Ulusal Sorunda Güncelleme, ulusal sorunun abc’sine, TKP’nin Gelenek hareketinden beri benimsediği ve bugün doğrulanan pozisyonunun temel unsurlarına ayrıldı.",nominalizer,semantic,before,güncelleme,165,Sorunda,güncelle-NMLZ,güncelle-me,66,76,0,65,22,22,0,21,70
135,66,post_cue,False,3668,"165. sayının giriş yazısı, Aydemir Güler imzasıyla Ulusal Sorunda Güncelleme, ulusal sorunun abc’sine, TKP’nin Gelenek hareketinden beri benimsediği ve bugün doğrulanan pozisyonunun temel unsurlarına ayrıldı.",nominalizer,semantic,before,güncelleme,165,Sorunda,güncelle-NMLZ,güncelle-me,66,76,0,65,22,22,0,21,70
135,67,post_cue,False,3669,"165. sayının giriş yazısı, Aydemir Güler imzasıyla Ulusal Sorunda Güncelleme, ulusal sorunun abc’sine, TKP’nin Gelenek hareketinden beri benimsediği ve bugün doğrulanan pozisyonunun temel unsurlarına ayrıldı.",nominalizer,semantic,before,güncelleme,165,Sorunda,güncelle-NMLZ,güncelle-me,66,76,0,65,22,22,0,21,70
135,68,post_cue,False,3670,"165. sayının giriş yazısı, Aydemir Güler imzasıyla Ulusal Sorunda Güncelleme, ulusal sorunun abc’sine, TKP’nin Gelenek hareketinden beri benimsediği ve bugün doğrulanan pozisyonunun temel unsurlarına ayrıldı.",nominalizer,semantic,before,güncelleme,165,Sorunda,güncelle-NMLZ,güncelle-me,66,76,0,65,22,22,0,21,70
135,69,full_sentence,True,3671,"165. sayının giriş yazısı, Aydemir Güler imzasıyla Ulusal Sorunda Güncelleme, ulusal sorunun abc’sine, TKP’nin Gelenek hareketinden beri benimsediği ve bugün doğrulanan pozisyonunun temel unsurlarına ayrıldı.",nominalizer,semantic,before,güncelleme,165,Sorunda,güncelle-NMLZ,güncelle-me,66,76,0,65,22,22,0,21,70
