row_id,prefix_end,prefix_text,current_token,stage,is_full_sentence,label,type,location,computed_location,cue_relative_position
0,0,G,G,pre_ambiguity,False,nominalizer,syntactic,after,after,2
0,1,Gidi,idi,pre_ambiguity,False,nominalizer,syntactic,after,after,2
0,2,Gidiyordu,yordu,pre_ambiguity,False,nominalizer,syntactic,after,after,2
0,3,Gidiyordu ama,▁ama,pre_ambiguity,False,nominalizer,syntactic,after,after,2
0,4,Gidiyordu ama bizim,▁bizim,pre_ambiguity,False,nominalizer,syntactic,after,after,2
0,5,Gidiyordu ama bizim kira,▁kira,pre_ambiguity,False,nominalizer,syntactic,after,after,2
0,6,Gidiyordu ama bizim kiracı,cı,pre_ambiguity,False,nominalizer,syntactic,after,after,2
0,7,Gidiyordu ama bizim kiracı da,▁da,pre_ambiguity,False,nominalizer,syntactic,after,after,2
0,8,Gidiyordu ama bizim kiracı da daire,▁daire,pre_ambiguity,False,nominalizer,syntactic,after,after,2
0,9,Gidiyordu ama bizim kiracı da daire dönüş,▁dönüş,pre_ambiguity,False,nominalizer,syntactic,after,after,2
0,10,Gidiyordu ama bizim kiracı da daire dönüşlerinde,lerinde,pre_ambiguity,False,nominalizer,syntactic,after,after,2
0,11,Gidiyordu ama bizim kiracı da daire dönüşlerinde ev,▁ev,pre_ambiguity,False,nominalizer,syntactic,after,after,2
0,12,Gidiyordu ama bizim kiracı da daire dönüşlerinde ev ara,▁ara,ambiguity_onset,False,nominalizer,syntactic,after,after,2
0,13,Gidiyordu ama bizim kiracı da daire dönüşlerinde ev arama,ma,ambiguity_onset,False,nominalizer,syntactic,after,after,2
0,14,Gidiyordu ama bizim kiracı da daire dönüşlerinde ev arama ni,▁ni,cue_onset,False,nominalizer,syntactic,after,after,2
0,15,Gidiyordu ama bizim kiracı da daire dönüşlerinde ev arama niyeti,yeti,cue_onset,False,nominalizer,syntactic,after,after,2
0,16,Gidiyordu ama bizim kiracı da daire dönüşlerinde ev arama niyetiyle,yle,cue_onset,False,nominalizer,syntactic,after,after,2
0,17,Gidiyordu ama bizim kiracı da daire dönüşlerinde ev arama niyetiyle hareket,▁hareket,post_cue,False,nominalizer,syntactic,after,after,2
0,18,Gidiyordu ama bizim kiracı da daire dönüşlerinde ev arama niyetiyle hareket ed,▁ed,post_cue,False,nominalizer,syntactic,after,after,2
0,19,Gidiyordu ama bizim kiracı da daire dönüşlerinde ev arama niyetiyle hareket ediy,iy,post_cue,False,nominalizer,syntactic,after,after,2
0,20,Gidiyordu ama bizim kiracı da daire dönüşlerinde ev arama niyetiyle hareket ediyordu,ordu,post_cue,False,nominalizer,syntactic,after,after,2
0,21,Gidiyordu ama bizim kiracı da daire dönüşlerinde ev arama niyetiyle hareket ediyordu.,.,full_sentence,True,nominalizer,syntactic,after,after,2
1,0,G,G,pre_ambiguity,False,nominalizer,syntactic,before,before,-3
1,1,Gidi,idi,pre_ambiguity,False,nominalizer,syntactic,before,before,-3
1,2,Gidiyordu,yordu,pre_ambiguity,False,nominalizer,syntactic,before,before,-3
1,3,Gidiyordu ama,▁ama,pre_ambiguity,False,nominalizer,syntactic,before,before,-3
1,4,Gidiyordu ama bizim,▁bizim,pre_ambiguity,False,nominalizer,syntactic,before,before,-3
1,5,Gidiyordu ama bizim k,▁k,pre_ambiguity,False,nominalizer,syntactic,before,before,-3
1,6,Gidiyordu ama bizim kirac,irac,pre_ambiguity,False,nominalizer,syntactic,before,before,-3
1,7,Gidiyordu ama bizim kiracının,ının,pre_ambiguity,False,nominalizer,syntactic,before,before,-3
1,8,Gidiyordu ama bizim kiracının da,▁da,pre_ambiguity,False,nominalizer,syntactic,before,before,-3
1,9,Gidiyordu ama bizim kiracının da daire,▁daire,pre_ambiguity,False,nominalizer,syntactic,before,before,-3
1,10,Gidiyordu ama bizim kiracının da daire dönüş,▁dönüş,pre_ambiguity,False,nominalizer,syntactic,before,before,-3
1,11,Gidiyordu ama bizim kiracının da daire dönüşlerinde,lerinde,pre_ambiguity,False,nominalizer,syntactic,before,before,-3
1,12,Gidiyordu ama bizim kiracının da daire dönüşlerinde ni,▁ni,cue_onset,False,nominalizer,syntactic,before,before,-3
1,13,Gidiyordu ama bizim kiracının da daire dönüşlerinde niyeti,yeti,cue_onset,False,nominalizer,syntactic,before,before,-3
1,14,Gidiyordu ama bizim kiracının da daire dönüşlerinde niyeti ev,▁ev,post_cue_pre_ambiguity,False,nominalizer,syntactic,before,before,-3
1,15,Gidiyordu ama bizim kiracının da daire dönüşlerinde niyeti ev ara,▁ara,ambiguity_onset,False,nominalizer,syntactic,before,before,-3
1,16,Gidiyordu ama bizim kiracının da daire dönüşlerinde niyeti ev arama,ma,ambiguity_onset,False,nominalizer,syntactic,before,before,-3
1,17,Gidiyordu ama bizim kiracının da daire dönüşlerinde niyeti ev arama idi,▁idi,post_cue,False,nominalizer,syntactic,before,before,-3
1,18,Gidiyordu ama bizim kiracının da daire dönüşlerinde niyeti ev arama idi.,.,full_sentence,True,nominalizer,syntactic,before,before,-3
3,0,Ben,Ben,pre_ambiguity,False,nominalizer,syntactic,after,after,2
3,1,Benzer,zer,pre_ambiguity,False,nominalizer,syntactic,after,after,2
3,2,Benzer bir,▁bir,pre_ambiguity,False,nominalizer,syntactic,after,after,2
3,3,Benzer bir ev,▁ev,pre_ambiguity,False,nominalizer,syntactic,after,after,2
3,4,Benzer bir ev top,▁top,ambiguity_onset,False,nominalizer,syntactic,after,after,2
3,5,Benzer bir ev toplama,lama,ambiguity_onset,False,nominalizer,syntactic,after,after,2
3,6,Benzer bir ev toplama e,▁e,cue_onset,False,nominalizer,syntactic,after,after,2
3,7,Benzer bir ev toplama efs,fs,cue_onset,False,nominalizer,syntactic,after,after,2
3,8,Benzer bir ev toplama efsanes,anes,cue_onset,False,nominalizer,syntactic,after,after,2
3,9,Benzer bir ev toplama efsanesine,ine,cue_onset,False,nominalizer,syntactic,after,after,2
3,10,Benzer bir ev toplama efsanesine de,▁de,post_cue,False,nominalizer,syntactic,after,after,2
3,11,Benzer bir ev toplama efsanesine de Es,▁Es,post_cue,False,nominalizer,syntactic,after,after,2
3,12,Benzer bir ev toplama efsanesine de Eski,ki,post_cue,False,nominalizer,syntactic,after,after,2
3,13,Benzer bir ev toplama efsanesine de Eskişehir,şehir,post_cue,False,nominalizer,syntactic,after,after,2
3,14,Benzer bir ev toplama efsanesine de Eskişehir',',post_cue,False,nominalizer,syntactic,after,after,2
3,15,Benzer bir ev toplama efsanesine de Eskişehir'de,de,post_cue,False,nominalizer,syntactic,after,after,2
3,16,Benzer bir ev toplama efsanesine de Eskişehir'de öğren,▁öğren,post_cue,False,nominalizer,syntactic,after,after,2
3,17,Benzer bir ev toplama efsanesine de Eskişehir'de öğrenci,ci,post_cue,False,nominalizer,syntactic,after,after,2
3,18,Benzer bir ev toplama efsanesine de Eskişehir'de öğrenciy,y,post_cue,False,nominalizer,syntactic,after,after,2
3,19,Benzer bir ev toplama efsanesine de Eskişehir'de öğrenciyken,ken,post_cue,False,nominalizer,syntactic,after,after,2
3,20,Benzer bir ev toplama efsanesine de Eskişehir'de öğrenciyken ş,▁ş,post_cue,False,nominalizer,syntactic,after,after,2
3,21,Benzer bir ev toplama efsanesine de Eskişehir'de öğrenciyken şah,ah,post_cue,False,nominalizer,syntactic,after,after,2
3,22,Benzer bir ev toplama efsanesine de Eskişehir'de öğrenciyken şahit,it,post_cue,False,nominalizer,syntactic,after,after,2
3,23,Benzer bir ev toplama efsanesine de Eskişehir'de öğrenciyken şahit olmuş,▁olmuş,post_cue,False,nominalizer,syntactic,after,after,2
3,24,Benzer bir ev toplama efsanesine de Eskişehir'de öğrenciyken şahit olmuştum,tum,post_cue,False,nominalizer,syntactic,after,after,2
3,25,Benzer bir ev toplama efsanesine de Eskişehir'de öğrenciyken şahit olmuştum.,.,full_sentence,True,nominalizer,syntactic,after,after,2
4,0,Ben,Ben,pre_ambiguity,False,negation,syntactic,after,after,3
4,1,Benzer,zer,pre_ambiguity,False,negation,syntactic,after,after,3
4,2,Benzer bir,▁bir,pre_ambiguity,False,negation,syntactic,after,after,3
4,3,Benzer bir ev,▁ev,pre_ambiguity,False,negation,syntactic,after,after,3
4,4,Benzer bir ev top,▁top,ambiguity_onset,False,negation,syntactic,after,after,3
4,5,Benzer bir ev toplama,lama,ambiguity_onset,False,negation,syntactic,after,after,3
4,6,"Benzer bir ev toplama,",",",post_ambiguity_pre_cue,False,negation,syntactic,after,after,3
4,7,"Benzer bir ev toplama, ben",▁ben,cue_onset,False,negation,syntactic,after,after,3
4,8,"Benzer bir ev toplama, ben bu",▁bu,cue_onset,False,negation,syntactic,after,after,3
4,9,"Benzer bir ev toplama, ben bu e",▁e,cue_onset,False,negation,syntactic,after,after,3
4,10,"Benzer bir ev toplama, ben bu efs",fs,cue_onset,False,negation,syntactic,after,after,3
4,11,"Benzer bir ev toplama, ben bu efsan",an,cue_onset,False,negation,syntactic,after,after,3
4,12,"Benzer bir ev toplama, ben bu efsaneye",eye,cue_onset,False,negation,syntactic,after,after,3
4,13,"Benzer bir ev toplama, ben bu efsaneye Es",▁Es,post_cue,False,negation,syntactic,after,after,3
4,14,"Benzer bir ev toplama, ben bu efsaneye Eski",ki,post_cue,False,negation,syntactic,after,after,3
4,15,"Benzer bir ev toplama, ben bu efsaneye Eskişehir",şehir,post_cue,False,negation,syntactic,after,after,3
4,16,"Benzer bir ev toplama, ben bu efsaneye Eskişehir'",',post_cue,False,negation,syntactic,after,after,3
4,17,"Benzer bir ev toplama, ben bu efsaneye Eskişehir'de",de,post_cue,False,negation,syntactic,after,after,3
4,18,"Benzer bir ev toplama, ben bu efsaneye Eskişehir'de öğren",▁öğren,post_cue,False,negation,syntactic,after,after,3
4,19,"Benzer bir ev toplama, ben bu efsaneye Eskişehir'de öğrenci",ci,post_cue,False,negation,syntactic,after,after,3
4,20,"Benzer bir ev toplama, ben bu efsaneye Eskişehir'de öğrenciy",y,post_cue,False,negation,syntactic,after,after,3
4,21,"Benzer bir ev toplama, ben bu efsaneye Eskişehir'de öğrenciyken",ken,post_cue,False,negation,syntactic,after,after,3
4,22,"Benzer bir ev toplama, ben bu efsaneye Eskişehir'de öğrenciyken ş",▁ş,post_cue,False,negation,syntactic,after,after,3
4,23,"Benzer bir ev toplama, ben bu efsaneye Eskişehir'de öğrenciyken şah",ah,post_cue,False,negation,syntactic,after,after,3
4,24,"Benzer bir ev toplama, ben bu efsaneye Eskişehir'de öğrenciyken şahit",it,post_cue,False,negation,syntactic,after,after,3
4,25,"Benzer bir ev toplama, ben bu efsaneye Eskişehir'de öğrenciyken şahit olmuş",▁olmuş,post_cue,False,negation,syntactic,after,after,3
4,26,"Benzer bir ev toplama, ben bu efsaneye Eskişehir'de öğrenciyken şahit olmuştum",tum,post_cue,False,negation,syntactic,after,after,3
4,27,"Benzer bir ev toplama, ben bu efsaneye Eskişehir'de öğrenciyken şahit olmuştum.",.,full_sentence,True,negation,syntactic,after,after,3
7,0,İ,İ,pre_ambiguity,False,nominalizer,syntactic,after,after,2
7,1,İşte,şte,pre_ambiguity,False,nominalizer,syntactic,after,after,2
7,2,İşte ev,▁ev,pre_ambiguity,False,nominalizer,syntactic,after,after,2
7,3,İşte evlilik,lilik,pre_ambiguity,False,nominalizer,syntactic,after,after,2
7,4,İşte evlilik ön,▁ön,pre_ambiguity,False,nominalizer,syntactic,after,after,2
7,5,İşte evlilik öncesi,cesi,pre_ambiguity,False,nominalizer,syntactic,after,after,2
7,6,İşte evlilik öncesi ni,▁ni,pre_ambiguity,False,nominalizer,syntactic,after,after,2
7,7,İşte evlilik öncesi nişan,şan,pre_ambiguity,False,nominalizer,syntactic,after,after,2
7,8,İşte evlilik öncesi nişan bo,▁bo,ambiguity_onset,False,nominalizer,syntactic,after,after,2
7,9,İşte evlilik öncesi nişan bozma,zma,ambiguity_onset,False,nominalizer,syntactic,after,after,2
7,10,İşte evlilik öncesi nişan bozma gibi,▁gibi,cue_onset,False,nominalizer,syntactic,after,after,2
7,11,İşte evlilik öncesi nişan bozma gibi ilişk,▁ilişk,cue_onset,False,nominalizer,syntactic,after,after,2
7,12,İşte evlilik öncesi nişan bozma gibi ilişkiler,iler,cue_onset,False,nominalizer,syntactic,after,after,2
7,13,İşte evlilik öncesi nişan bozma gibi ilişkilerle,le,cue_onset,False,nominalizer,syntactic,after,after,2
7,14,İşte evlilik öncesi nişan bozma gibi ilişkilerle ilgili,▁ilgili,cue_onset,False,nominalizer,syntactic,after,after,2
7,15,İşte evlilik öncesi nişan bozma gibi ilişkilerle ilgili gör,▁gör,cue_onset,False,nominalizer,syntactic,after,after,2
7,16,İşte evlilik öncesi nişan bozma gibi ilişkilerle ilgili görgü,gü,cue_onset,False,nominalizer,syntactic,after,after,2
7,17,İşte evlilik öncesi nişan bozma gibi ilişkilerle ilgili görgü kur,▁kur,cue_onset,False,nominalizer,syntactic,after,after,2
7,18,İşte evlilik öncesi nişan bozma gibi ilişkilerle ilgili görgü kurallar,allar,cue_onset,False,nominalizer,syntactic,after,after,2
7,19,İşte evlilik öncesi nişan bozma gibi ilişkilerle ilgili görgü kurallarının,ının,cue_onset,False,nominalizer,syntactic,after,after,2
7,20,İşte evlilik öncesi nişan bozma gibi ilişkilerle ilgili görgü kurallarının Fren,▁Fren,post_cue,False,nominalizer,syntactic,after,after,2
7,21,İşte evlilik öncesi nişan bozma gibi ilişkilerle ilgili görgü kurallarının Frenk,k,post_cue,False,nominalizer,syntactic,after,after,2
7,22,İşte evlilik öncesi nişan bozma gibi ilişkilerle ilgili görgü kurallarının Frenkçe,çe,post_cue,False,nominalizer,syntactic,after,after,2
7,23,İşte evlilik öncesi nişan bozma gibi ilişkilerle ilgili görgü kurallarının Frenkçe kitap,▁kitap,post_cue,False,nominalizer,syntactic,after,after,2
7,24,İşte evlilik öncesi nişan bozma gibi ilişkilerle ilgili görgü kurallarının Frenkçe kitaplarda,larda,post_cue,False,nominalizer,syntactic,after,after,2
7,25,İşte evlilik öncesi nişan bozma gibi ilişkilerle ilgili görgü kurallarının Frenkçe kitaplarda yaz,▁yaz,post_cue,False,nominalizer,syntactic,after,after,2
7,26,İşte evlilik öncesi nişan bozma gibi ilişkilerle ilgili görgü kurallarının Frenkçe kitaplarda yazanı,anı,post_cue,False,nominalizer,syntactic,after,after,2
7,27,İşte evlilik öncesi nişan bozma gibi ilişkilerle ilgili görgü kurallarının Frenkçe kitaplarda yazanı.,.,full_sentence,True,nominalizer,syntactic,after,after,2
8,0,İ,İ,pre_ambiguity,False,nominalizer,semantic,after,after,2
8,1,İşte,şte,pre_ambiguity,False,nominalizer,semantic,after,after,2
8,2,İşte ev,▁ev,pre_ambiguity,False,nominalizer,semantic,after,after,2
8,3,İşte evlilik,lilik,pre_ambiguity,False,nominalizer,semantic,after,after,2
8,4,İşte evlilik ön,▁ön,pre_ambiguity,False,nominalizer,semantic,after,after,2
8,5,İşte evlilik öncesi,cesi,pre_ambiguity,False,nominalizer,semantic,after,after,2
8,6,İşte evlilik öncesi ni,▁ni,pre_ambiguity,False,nominalizer,semantic,after,after,2
8,7,İşte evlilik öncesi nişan,şan,pre_ambiguity,False,nominalizer,semantic,after,after,2
8,8,İşte evlilik öncesi nişan bo,▁bo,ambiguity_onset,False,nominalizer,semantic,after,after,2
8,9,İşte evlilik öncesi nişan bozma,zma,ambiguity_onset,False,nominalizer,semantic,after,after,2
8,10,İşte evlilik öncesi nişan bozma gibi,▁gibi,cue_onset,False,nominalizer,semantic,after,after,2
8,11,İşte evlilik öncesi nişan bozma gibi ilişk,▁ilişk,cue_onset,False,nominalizer,semantic,after,after,2
8,12,İşte evlilik öncesi nişan bozma gibi ilişkiler,iler,cue_onset,False,nominalizer,semantic,after,after,2
8,13,İşte evlilik öncesi nişan bozma gibi ilişkilerle,le,cue_onset,False,nominalizer,semantic,after,after,2
8,14,İşte evlilik öncesi nişan bozma gibi ilişkilerle ilgili,▁ilgili,cue_onset,False,nominalizer,semantic,after,after,2
8,15,İşte evlilik öncesi nişan bozma gibi ilişkilerle ilgili me,▁me,cue_onset,False,nominalizer,semantic,after,after,2
8,16,İşte evlilik öncesi nişan bozma gibi ilişkilerle ilgili mevz,vz,cue_onset,False,nominalizer,semantic,after,after,2
8,17,İşte evlilik öncesi nişan bozma gibi ilişkilerle ilgili mevzuları,uları,cue_onset,False,nominalizer,semantic,after,after,2
8,18,İşte evlilik öncesi nişan bozma gibi ilişkilerle ilgili mevzuları açık,▁açık,post_cue,False,nominalizer,semantic,after,after,2
8,19,İşte evlilik öncesi nişan bozma gibi ilişkilerle ilgili mevzuları açıklı,lı,post_cue,False,nominalizer,semantic,after,after,2
8,20,İşte evlilik öncesi nişan bozma gibi ilişkilerle ilgili mevzuları açıklığa,ğa,post_cue,False,nominalizer,semantic,after,after,2
8,21,İşte evlilik öncesi nişan bozma gibi ilişkilerle ilgili mevzuları açıklığa kav,▁kav,post_cue,False,nominalizer,semantic,after,after,2
8,22,İşte evlilik öncesi nişan bozma gibi ilişkilerle ilgili mevzuları açıklığa kavuş,uş,post_cue,False,nominalizer,semantic,after,after,2
8,23,İşte evlilik öncesi nişan bozma gibi ilişkilerle ilgili mevzuları açıklığa kavuştur,tur,post_cue,False,nominalizer,semantic,after,after,2
8,24,İşte evlilik öncesi nişan bozma gibi ilişkilerle ilgili mevzuları açıklığa kavuşturan,an,post_cue,False,nominalizer,semantic,after,after,2
8,25,İşte evlilik öncesi nişan bozma gibi ilişkilerle ilgili mevzuları açıklığa kavuşturan yazar,▁yazar,post_cue,False,nominalizer,semantic,after,after,2
8,26,İşte evlilik öncesi nişan bozma gibi ilişkilerle ilgili mevzuları açıklığa kavuşturan yazarın,ın,post_cue,False,nominalizer,semantic,after,after,2
8,27,İşte evlilik öncesi nişan bozma gibi ilişkilerle ilgili mevzuları açıklığa kavuşturan yazarın Fren,▁Fren,post_cue,False,nominalizer,semantic,after,after,2
8,28,İşte evlilik öncesi nişan bozma gibi ilişkilerle ilgili mevzuları açıklığa kavuşturan yazarın Frenk,k,post_cue,False,nominalizer,semantic,after,after,2
8,29,İşte evlilik öncesi nişan bozma gibi ilişkilerle ilgili mevzuları açıklığa kavuşturan yazarın Frenkçe,çe,post_cue,False,nominalizer,semantic,after,after,2
8,30,İşte evlilik öncesi nişan bozma gibi ilişkilerle ilgili mevzuları açıklığa kavuşturan yazarın Frenkçe kitap,▁kitap,post_cue,False,nominalizer,semantic,after,after,2
8,31,İşte evlilik öncesi nişan bozma gibi ilişkilerle ilgili mevzuları açıklığa kavuşturan yazarın Frenkçe kitapları,ları,post_cue,False,nominalizer,semantic,after,after,2
8,32,İşte evlilik öncesi nişan bozma gibi ilişkilerle ilgili mevzuları açıklığa kavuşturan yazarın Frenkçe kitapları.,.,full_sentence,True,nominalizer,semantic,after,after,2
11,0,İ,İ,pre_ambiguity,False,negation,semantic,after,after,2
11,1,İşte,şte,pre_ambiguity,False,negation,semantic,after,after,2
11,2,İşte ev,▁ev,pre_ambiguity,False,negation,semantic,after,after,2
11,3,İşte evlilik,lilik,pre_ambiguity,False,negation,semantic,after,after,2
11,4,İşte evlilik ön,▁ön,pre_ambiguity,False,negation,semantic,after,after,2
11,5,İşte evlilik öncesi,cesi,pre_ambiguity,False,negation,semantic,after,after,2
11,6,İşte evlilik öncesi biri,▁biri,pre_ambiguity,False,negation,semantic,after,after,2
11,7,İşte evlilik öncesi biriyle,yle,pre_ambiguity,False,negation,semantic,after,after,2
11,8,İşte evlilik öncesi biriyle çık,▁çık,ambiguity_onset,False,negation,semantic,after,after,2
11,9,İşte evlilik öncesi biriyle çıkma,ma,ambiguity_onset,False,negation,semantic,after,after,2
11,10,İşte evlilik öncesi biriyle çıkma gibi,▁gibi,cue_onset,False,negation,semantic,after,after,2
11,11,İşte evlilik öncesi biriyle çıkma gibi emir,▁emir,cue_onset,False,negation,semantic,after,after,2
11,12,İşte evlilik öncesi biriyle çıkma gibi emirleri,leri,cue_onset,False,negation,semantic,after,after,2
11,13,İşte evlilik öncesi biriyle çıkma gibi emirleri yağ,▁yağ,post_cue,False,negation,semantic,after,after,2
11,14,İşte evlilik öncesi biriyle çıkma gibi emirleri yağdı,dı,post_cue,False,negation,semantic,after,after,2
11,15,İşte evlilik öncesi biriyle çıkma gibi emirleri yağdıran,ran,post_cue,False,negation,semantic,after,after,2
11,16,İşte evlilik öncesi biriyle çıkma gibi emirleri yağdıran kadın,▁kadın,post_cue,False,negation,semantic,after,after,2
11,17,"İşte evlilik öncesi biriyle çıkma gibi emirleri yağdıran kadın,",",",post_cue,False,negation,semantic,after,after,2
11,18,"İşte evlilik öncesi biriyle çıkma gibi emirleri yağdıran kadın, Fren",▁Fren,post_cue,False,negation,semantic,after,after,2
11,19,"İşte evlilik öncesi biriyle çıkma gibi emirleri yağdıran kadın, Frenk",k,post_cue,False,negation,semantic,after,after,2
11,20,"İşte evlilik öncesi biriyle çıkma gibi emirleri yağdıran kadın, Frenkçe",çe,post_cue,False,negation,semantic,after,after,2
11,21,"İşte evlilik öncesi biriyle çıkma gibi emirleri yağdıran kadın, Frenkçe kitap",▁kitap,post_cue,False,negation,semantic,after,after,2
11,22,"İşte evlilik öncesi biriyle çıkma gibi emirleri yağdıran kadın, Frenkçe kitaplar",lar,post_cue,False,negation,semantic,after,after,2
11,23,"İşte evlilik öncesi biriyle çıkma gibi emirleri yağdıran kadın, Frenkçe kitaplar yaz",▁yaz,post_cue,False,negation,semantic,after,after,2
11,24,"İşte evlilik öncesi biriyle çıkma gibi emirleri yağdıran kadın, Frenkçe kitaplar yazıyor",ıyor,post_cue,False,negation,semantic,after,after,2
11,25,"İşte evlilik öncesi biriyle çıkma gibi emirleri yağdıran kadın, Frenkçe kitaplar yazıyor.",.,full_sentence,True,negation,semantic,after,after,2
13,0,Ab,Ab,pre_ambiguity,False,nominalizer,syntactic,after,after,2
13,1,Abone,one,pre_ambiguity,False,nominalizer,syntactic,after,after,2
13,2,"Abone,",",",pre_ambiguity,False,nominalizer,syntactic,after,after,2
13,3,"Abone, kend",▁kend,pre_ambiguity,False,nominalizer,syntactic,after,after,2
13,4,"Abone, kendisine",isine,pre_ambiguity,False,nominalizer,syntactic,after,after,2
13,5,"Abone, kendisine ver",▁ver,pre_ambiguity,False,nominalizer,syntactic,after,after,2
13,6,"Abone, kendisine verilen",ilen,pre_ambiguity,False,nominalizer,syntactic,after,after,2
13,7,"Abone, kendisine verilen yeni",▁yeni,pre_ambiguity,False,nominalizer,syntactic,after,after,2
13,8,"Abone, kendisine verilen yeni SIM",▁SIM,pre_ambiguity,False,nominalizer,syntactic,after,after,2
13,9,"Abone, kendisine verilen yeni SIM kart",▁kart,pre_ambiguity,False,nominalizer,syntactic,after,after,2
13,10,"Abone, kendisine verilen yeni SIM kartını",ını,pre_ambiguity,False,nominalizer,syntactic,after,after,2
13,11,"Abone, kendisine verilen yeni SIM kartını,",",",pre_ambiguity,False,nominalizer,syntactic,after,after,2
13,12,"Abone, kendisine verilen yeni SIM kartını, taşı",▁taşı,ambiguity_onset,False,nominalizer,syntactic,after,after,2
13,13,"Abone, kendisine verilen yeni SIM kartını, taşıma",ma,ambiguity_onset,False,nominalizer,syntactic,after,after,2
13,14,"Abone, kendisine verilen yeni SIM kartını, taşıma zaman",▁zaman,cue_onset,False,nominalizer,syntactic,after,after,2
13,15,"Abone, kendisine verilen yeni SIM kartını, taşıma zamanı",ı,cue_onset,False,nominalizer,syntactic,after,after,2
13,16,"Abone, kendisine verilen yeni SIM kartını, taşıma zamanı bil",▁bil,cue_onset,False,nominalizer,syntactic,after,after,2
13,17,"Abone, kendisine verilen yeni SIM kartını, taşıma zamanı bildi",di,cue_onset,False,nominalizer,syntactic,after,after,2
13,18,"Abone, kendisine verilen yeni SIM kartını, taşıma zamanı bildiril",ril,cue_onset,False,nominalizer,syntactic,after,after,2
13,19,"Abone, kendisine verilen yeni SIM kartını, taşıma zamanı bildirildiğinde",diğinde,cue_onset,False,nominalizer,syntactic,after,after,2
13,20,"Abone, kendisine verilen yeni SIM kartını, taşıma zamanı bildirildiğinde mak",▁mak,post_cue,False,nominalizer,syntactic,after,after,2
13,21,"Abone, kendisine verilen yeni SIM kartını, taşıma zamanı bildirildiğinde makines",ines,post_cue,False,nominalizer,syntactic,after,after,2
13,22,"Abone, kendisine verilen yeni SIM kartını, taşıma zamanı bildirildiğinde makinesine",ine,post_cue,False,nominalizer,syntactic,after,after,2
13,23,"Abone, kendisine verilen yeni SIM kartını, taşıma zamanı bildirildiğinde makinesine tak",▁tak,post_cue,False,nominalizer,syntactic,after,after,2
13,24,"Abone, kendisine verilen yeni SIM kartını, taşıma zamanı bildirildiğinde makinesine takarak",arak,post_cue,False,nominalizer,syntactic,after,after,2
13,25,"Abone, kendisine verilen yeni SIM kartını, taşıma zamanı bildirildiğinde makinesine takarak kullan",▁kullan,post_cue,False,nominalizer,syntactic,after,after,2
13,26,"Abone, kendisine verilen yeni SIM kartını, taşıma zamanı bildirildiğinde makinesine takarak kullanmaya",maya,post_cue,False,nominalizer,syntactic,after,after,2
13,27,"Abone, kendisine verilen yeni SIM kartını, taşıma zamanı bildirildiğinde makinesine takarak kullanmaya baş",▁baş,post_cue,False,nominalizer,syntactic,after,after,2
13,28,"Abone, kendisine verilen yeni SIM kartını, taşıma zamanı bildirildiğinde makinesine takarak kullanmaya başlıyor",lıyor,post_cue,False,nominalizer,syntactic,after,after,2
13,29,"Abone, kendisine verilen yeni SIM kartını, taşıma zamanı bildirildiğinde makinesine takarak kullanmaya başlıyor.",.,full_sentence,True,nominalizer,syntactic,after,after,2
14,0,Ab,Ab,pre_ambiguity,False,nominalizer,semantic,after,after,2
14,1,Abone,one,pre_ambiguity,False,nominalizer,semantic,after,after,2
14,2,"Abone,",",",pre_ambiguity,False,nominalizer,semantic,after,after,2
14,3,"Abone, kend",▁kend,pre_ambiguity,False,nominalizer,semantic,after,after,2
14,4,"Abone, kendisine",isine,pre_ambiguity,False,nominalizer,semantic,after,after,2
14,5,"Abone, kendisine ver",▁ver,pre_ambiguity,False,nominalizer,semantic,after,after,2
14,6,"Abone, kendisine verilen",ilen,pre_ambiguity,False,nominalizer,semantic,after,after,2
14,7,"Abone, kendisine verilen yeni",▁yeni,pre_ambiguity,False,nominalizer,semantic,after,after,2
14,8,"Abone, kendisine verilen yeni SIM",▁SIM,pre_ambiguity,False,nominalizer,semantic,after,after,2
14,9,"Abone, kendisine verilen yeni SIM kart",▁kart,pre_ambiguity,False,nominalizer,semantic,after,after,2
14,10,"Abone, kendisine verilen yeni SIM kartını",ını,pre_ambiguity,False,nominalizer,semantic,after,after,2
14,11,"Abone, kendisine verilen yeni SIM kartını,",",",pre_ambiguity,False,nominalizer,semantic,after,after,2
14,12,"Abone, kendisine verilen yeni SIM kartını, bu",▁bu,pre_ambiguity,False,nominalizer,semantic,after,after,2
14,13,"Abone, kendisine verilen yeni SIM kartını, bu keli",▁keli,pre_ambiguity,False,nominalizer,semantic,after,after,2
14,14,"Abone, kendisine verilen yeni SIM kartını, bu kelimenin",menin,pre_ambiguity,False,nominalizer,semantic,after,after,2
14,15,"Abone, kendisine verilen yeni SIM kartını, bu kelimenin sık",▁sık,pre_ambiguity,False,nominalizer,semantic,after,after,2
14,16,"Abone, kendisine verilen yeni SIM kartını, bu kelimenin sık sık",▁sık,pre_ambiguity,False,nominalizer,semantic,after,after,2
14,17,"Abone, kendisine verilen yeni SIM kartını, bu kelimenin sık sık tekrar",▁tekrar,pre_ambiguity,False,nominalizer,semantic,after,after,2
14,18,"Abone, kendisine verilen yeni SIM kartını, bu kelimenin sık sık tekrar edil",▁edil,pre_ambiguity,False,nominalizer,semantic,after,after,2
14,19,"Abone, kendisine verilen yeni SIM kartını, bu kelimenin sık sık tekrar edildiği",diği,pre_ambiguity,False,nominalizer,semantic,after,after,2
14,20,"Abone, kendisine verilen yeni SIM kartını, bu kelimenin sık sık tekrar edildiği mesaj",▁mesaj,pre_ambiguity,False,nominalizer,semantic,after,after,2
14,21,"Abone, kendisine verilen yeni SIM kartını, bu kelimenin sık sık tekrar edildiği mesajlarla",larla,pre_ambiguity,False,nominalizer,semantic,after,after,2
14,22,"Abone, kendisine verilen yeni SIM kartını, bu kelimenin sık sık tekrar edildiği mesajlarla taşı",▁taşı,ambiguity_onset,False,nominalizer,semantic,after,after,2
14,23,"Abone, kendisine verilen yeni SIM kartını, bu kelimenin sık sık tekrar edildiği mesajlarla taşıma",ma,ambiguity_onset,False,nominalizer,semantic,after,after,2
14,24,"Abone, kendisine verilen yeni SIM kartını, bu kelimenin sık sık tekrar edildiği mesajlarla taşıma zaman",▁zaman,cue_onset,False,nominalizer,semantic,after,after,2
14,25,"Abone, kendisine verilen yeni SIM kartını, bu kelimenin sık sık tekrar edildiği mesajlarla taşıma zamanı",ı,cue_onset,False,nominalizer,semantic,after,after,2
14,26,"Abone, kendisine verilen yeni SIM kartını, bu kelimenin sık sık tekrar edildiği mesajlarla taşıma zamanı bil",▁bil,cue_onset,False,nominalizer,semantic,after,after,2
14,27,"Abone, kendisine verilen yeni SIM kartını, bu kelimenin sık sık tekrar edildiği mesajlarla taşıma zamanı bildi",di,cue_onset,False,nominalizer,semantic,after,after,2
14,28,"Abone, kendisine verilen yeni SIM kartını, bu kelimenin sık sık tekrar edildiği mesajlarla taşıma zamanı bildiril",ril,cue_onset,False,nominalizer,semantic,after,after,2
14,29,"Abone, kendisine verilen yeni SIM kartını, bu kelimenin sık sık tekrar edildiği mesajlarla taşıma zamanı bildirildiğinde",diğinde,cue_onset,False,nominalizer,semantic,after,after,2
14,30,"Abone, kendisine verilen yeni SIM kartını, bu kelimenin sık sık tekrar edildiği mesajlarla taşıma zamanı bildirildiğinde mak",▁mak,post_cue,False,nominalizer,semantic,after,after,2
14,31,"Abone, kendisine verilen yeni SIM kartını, bu kelimenin sık sık tekrar edildiği mesajlarla taşıma zamanı bildirildiğinde makines",ines,post_cue,False,nominalizer,semantic,after,after,2
14,32,"Abone, kendisine verilen yeni SIM kartını, bu kelimenin sık sık tekrar edildiği mesajlarla taşıma zamanı bildirildiğinde makinesine",ine,post_cue,False,nominalizer,semantic,after,after,2
14,33,"Abone, kendisine verilen yeni SIM kartını, bu kelimenin sık sık tekrar edildiği mesajlarla taşıma zamanı bildirildiğinde makinesine tak",▁tak,post_cue,False,nominalizer,semantic,after,after,2
14,34,"Abone, kendisine verilen yeni SIM kartını, bu kelimenin sık sık tekrar edildiği mesajlarla taşıma zamanı bildirildiğinde makinesine takarak",arak,post_cue,False,nominalizer,semantic,after,after,2
14,35,"Abone, kendisine verilen yeni SIM kartını, bu kelimenin sık sık tekrar edildiği mesajlarla taşıma zamanı bildirildiğinde makinesine takarak kullan",▁kullan,post_cue,False,nominalizer,semantic,after,after,2
14,36,"Abone, kendisine verilen yeni SIM kartını, bu kelimenin sık sık tekrar edildiği mesajlarla taşıma zamanı bildirildiğinde makinesine takarak kullanmaya",maya,post_cue,False,nominalizer,semantic,after,after,2
14,37,"Abone, kendisine verilen yeni SIM kartını, bu kelimenin sık sık tekrar edildiği mesajlarla taşıma zamanı bildirildiğinde makinesine takarak kullanmaya baş",▁baş,post_cue,False,nominalizer,semantic,after,after,2
14,38,"Abone, kendisine verilen yeni SIM kartını, bu kelimenin sık sık tekrar edildiği mesajlarla taşıma zamanı bildirildiğinde makinesine takarak kullanmaya başlıyor",lıyor,post_cue,False,nominalizer,semantic,after,after,2
14,39,"Abone, kendisine verilen yeni SIM kartını, bu kelimenin sık sık tekrar edildiği mesajlarla taşıma zamanı bildirildiğinde makinesine takarak kullanmaya başlıyor.",.,full_sentence,True,nominalizer,semantic,after,after,2
17,0,Ab,Ab,pre_ambiguity,False,negation,syntactic,before,before,-3
17,1,Abone,one,pre_ambiguity,False,negation,syntactic,before,before,-3
17,2,"Abone,",",",pre_ambiguity,False,negation,syntactic,before,before,-3
17,3,"Abone, kend",▁kend,pre_ambiguity,False,negation,syntactic,before,before,-3
17,4,"Abone, kendisine",isine,pre_ambiguity,False,negation,syntactic,before,before,-3
17,5,"Abone, kendisine ver",▁ver,pre_ambiguity,False,negation,syntactic,before,before,-3
17,6,"Abone, kendisine verilen",ilen,pre_ambiguity,False,negation,syntactic,before,before,-3
17,7,"Abone, kendisine verilen yeni",▁yeni,pre_ambiguity,False,negation,syntactic,before,before,-3
17,8,"Abone, kendisine verilen yeni SIM",▁SIM,pre_ambiguity,False,negation,syntactic,before,before,-3
17,9,"Abone, kendisine verilen yeni SIM kart",▁kart,pre_ambiguity,False,negation,syntactic,before,before,-3
17,10,"Abone, kendisine verilen yeni SIM kartını",ını,pre_ambiguity,False,negation,syntactic,before,before,-3
17,11,"Abone, kendisine verilen yeni SIM kartını,",",",pre_ambiguity,False,negation,syntactic,before,before,-3
17,12,"Abone, kendisine verilen yeni SIM kartını, sak",▁sak,pre_ambiguity,False,negation,syntactic,before,before,-3
17,13,"Abone, kendisine verilen yeni SIM kartını, sakın",ın,pre_ambiguity,False,negation,syntactic,before,before,-3
17,14,"Abone, kendisine verilen yeni SIM kartını, sakın bu",▁bu,cue_onset,False,negation,syntactic,before,before,-3
17,15,"Abone, kendisine verilen yeni SIM kartını, sakın bu kart",▁kart,cue_onset,False,negation,syntactic,before,before,-3
17,16,"Abone, kendisine verilen yeni SIM kartını, sakın bu kartı",ı,cue_onset,False,negation,syntactic,before,before,-3
17,17,"Abone, kendisine verilen yeni SIM kartını, sakın bu kartı taşı",▁taşı,cue_onset,False,negation,syntactic,before,before,-3
17,18,"Abone, kendisine verilen yeni SIM kartını, sakın bu kartı taşıma",ma,cue_onset,False,negation,syntactic,before,before,-3
17,19,"Abone, kendisine verilen yeni SIM kartını, sakın bu kartı taşıma diye",▁diye,cue_onset,False,negation,syntactic,before,before,-3
17,20,"Abone, kendisine verilen yeni SIM kartını, sakın bu kartı taşıma diye uyar",▁uyar,cue_onset,False,negation,syntactic,before,before,-3
17,21,"Abone, kendisine verilen yeni SIM kartını, sakın bu kartı taşıma diye uyarıl",ıl,cue_onset,False,negation,syntactic,before,before,-3
17,22,"Abone, kendisine verilen yeni SIM kartını, sakın bu kartı taşıma diye uyarılmad",mad,cue_onset,False,negation,syntactic,before,before,-3
17,23,"Abone, kendisine verilen yeni SIM kartını, sakın bu kartı taşıma diye uyarılmadığı",ığı,cue_onset,False,negation,syntactic,before,before,-3
17,24,"Abone, kendisine verilen yeni SIM kartını, sakın bu kartı taşıma diye uyarılmadığı için",▁için,cue_onset,False,negation,syntactic,before,before,-3
17,25,"Abone, kendisine verilen yeni SIM kartını, sakın bu kartı taşıma diye uyarılmadığı için mak",▁mak,post_cue,False,negation,syntactic,before,before,-3
17,26,"Abone, kendisine verilen yeni SIM kartını, sakın bu kartı taşıma diye uyarılmadığı için makines",ines,post_cue,False,negation,syntactic,before,before,-3
17,27,"Abone, kendisine verilen yeni SIM kartını, sakın bu kartı taşıma diye uyarılmadığı için makinesine",ine,post_cue,False,negation,syntactic,before,before,-3
17,28,"Abone, kendisine verilen yeni SIM kartını, sakın bu kartı taşıma diye uyarılmadığı için makinesine tak",▁tak,post_cue,False,negation,syntactic,before,before,-3
17,29,"Abone, kendisine verilen yeni SIM kartını, sakın bu kartı taşıma diye uyarılmadığı için makinesine takarak",arak,post_cue,False,negation,syntactic,before,before,-3
17,30,"Abone, kendisine verilen yeni SIM kartını, sakın bu kartı taşıma diye uyarılmadığı için makinesine takarak kullan",▁kullan,post_cue,False,negation,syntactic,before,before,-3
17,31,"Abone, kendisine verilen yeni SIM kartını, sakın bu kartı taşıma diye uyarılmadığı için makinesine takarak kullanmaya",maya,post_cue,False,negation,syntactic,before,before,-3
17,32,"Abone, kendisine verilen yeni SIM kartını, sakın bu kartı taşıma diye uyarılmadığı için makinesine takarak kullanmaya baş",▁baş,post_cue,False,negation,syntactic,before,before,-3
17,33,"Abone, kendisine verilen yeni SIM kartını, sakın bu kartı taşıma diye uyarılmadığı için makinesine takarak kullanmaya başlıyor",lıyor,post_cue,False,negation,syntactic,before,before,-3
17,34,"Abone, kendisine verilen yeni SIM kartını, sakın bu kartı taşıma diye uyarılmadığı için makinesine takarak kullanmaya başlıyor.",.,full_sentence,True,negation,syntactic,before,before,-3
18,0,St,St,pre_ambiguity,False,negation,semantic,after,after,2
18,1,Stü,ü,pre_ambiguity,False,negation,semantic,after,after,2
18,2,Stüdy,dy,pre_ambiguity,False,negation,semantic,after,after,2
18,3,Stüdyoda,oda,pre_ambiguity,False,negation,semantic,after,after,2
18,4,Stüdyoda bomba,▁bomba,pre_ambiguity,False,negation,semantic,after,after,2
18,5,Stüdyoda bomba ara,▁ara,ambiguity_onset,False,negation,semantic,after,after,2
18,6,Stüdyoda bomba arama,ma,ambiguity_onset,False,negation,semantic,after,after,2
18,7,Stüdyoda bomba arama fil,▁fil,cue_onset,False,negation,semantic,after,after,2
18,8,Stüdyoda bomba arama filan,an,cue_onset,False,negation,semantic,after,after,2
18,9,Stüdyoda bomba arama filan gibi,▁gibi,cue_onset,False,negation,semantic,after,after,2
18,10,Stüdyoda bomba arama filan gibi uyar,▁uyar,cue_onset,False,negation,semantic,after,after,2
18,11,Stüdyoda bomba arama filan gibi uyarıl,ıl,cue_onset,False,negation,semantic,after,after,2
18,12,Stüdyoda bomba arama filan gibi uyarılarda,arda,cue_onset,False,negation,semantic,after,after,2
18,13,Stüdyoda bomba arama filan gibi uyarılarda bulundu,▁bulundu,post_cue,False,negation,semantic,after,after,2
18,14,Stüdyoda bomba arama filan gibi uyarılarda bulundu.,.,full_sentence,True,negation,semantic,after,after,2
19,0,St,St,pre_ambiguity,False,nominalizer,semantic,after,after,2
19,1,Stü,ü,pre_ambiguity,False,nominalizer,semantic,after,after,2
19,2,Stüdy,dy,pre_ambiguity,False,nominalizer,semantic,after,after,2
19,3,Stüdyoda,oda,pre_ambiguity,False,nominalizer,semantic,after,after,2
19,4,Stüdyoda bomba,▁bomba,pre_ambiguity,False,nominalizer,semantic,after,after,2
19,5,Stüdyoda bomba ara,▁ara,ambiguity_onset,False,nominalizer,semantic,after,after,2
19,6,Stüdyoda bomba arama,ma,ambiguity_onset,False,nominalizer,semantic,after,after,2
19,7,Stüdyoda bomba arama fil,▁fil,cue_onset,False,nominalizer,semantic,after,after,2
19,8,Stüdyoda bomba arama filan,an,cue_onset,False,nominalizer,semantic,after,after,2
19,9,Stüdyoda bomba arama filan gibi,▁gibi,cue_onset,False,nominalizer,semantic,after,after,2
19,10,Stüdyoda bomba arama filan gibi kon,▁kon,cue_onset,False,nominalizer,semantic,after,after,2
19,11,Stüdyoda bomba arama filan gibi konular,ular,cue_onset,False,nominalizer,semantic,after,after,2
19,12,Stüdyoda bomba arama filan gibi konular konuş,▁konuş,post_cue,False,nominalizer,semantic,after,after,2
19,13,Stüdyoda bomba arama filan gibi konular konuşuldu,uldu,post_cue,False,nominalizer,semantic,after,after,2
19,14,Stüdyoda bomba arama filan gibi konular konuşuldu.,.,full_sentence,True,nominalizer,semantic,after,after,2
21,0,İ,İ,pre_ambiguity,False,nominalizer,syntactic,after,after,1
21,1,İngilizce,ngilizce,pre_ambiguity,False,nominalizer,syntactic,after,after,1
21,2,İngilizce ve,▁ve,pre_ambiguity,False,nominalizer,syntactic,after,after,1
21,3,İngilizce ve Frans,▁Frans,pre_ambiguity,False,nominalizer,syntactic,after,after,1
21,4,İngilizce ve Fransız,ız,pre_ambiguity,False,nominalizer,syntactic,after,after,1
21,5,İngilizce ve Fransızca,ca,pre_ambiguity,False,nominalizer,syntactic,after,after,1
21,6,İngilizce ve Fransızca konuş,▁konuş,pre_ambiguity,False,nominalizer,syntactic,after,after,1
21,7,İngilizce ve Fransızca konuşuyor,uyor,pre_ambiguity,False,nominalizer,syntactic,after,after,1
21,8,"İngilizce ve Fransızca konuşuyor,",",",pre_ambiguity,False,nominalizer,syntactic,after,after,1
21,9,"İngilizce ve Fransızca konuşuyor, düny",▁düny,pre_ambiguity,False,nominalizer,syntactic,after,after,1
21,10,"İngilizce ve Fransızca konuşuyor, dünyayı",ayı,pre_ambiguity,False,nominalizer,syntactic,after,after,1
21,11,"İngilizce ve Fransızca konuşuyor, dünyayı gez",▁gez,pre_ambiguity,False,nominalizer,syntactic,after,after,1
21,12,"İngilizce ve Fransızca konuşuyor, dünyayı gezmiş",miş,pre_ambiguity,False,nominalizer,syntactic,after,after,1
21,13,"İngilizce ve Fransızca konuşuyor, dünyayı gezmiş,",",",pre_ambiguity,False,nominalizer,syntactic,after,after,1
21,14,"İngilizce ve Fransızca konuşuyor, dünyayı gezmiş, gö",▁gö,pre_ambiguity,False,nominalizer,syntactic,after,after,1
21,15,"İngilizce ve Fransızca konuşuyor, dünyayı gezmiş, görm",rm,pre_ambiguity,False,nominalizer,syntactic,after,after,1
21,16,"İngilizce ve Fransızca konuşuyor, dünyayı gezmiş, görmüş",üş,pre_ambiguity,False,nominalizer,syntactic,after,after,1
21,17,"İngilizce ve Fransızca konuşuyor, dünyayı gezmiş, görmüş geçir",▁geçir,pre_ambiguity,False,nominalizer,syntactic,after,after,1
21,18,"İngilizce ve Fransızca konuşuyor, dünyayı gezmiş, görmüş geçirmiş",miş,pre_ambiguity,False,nominalizer,syntactic,after,after,1
21,19,"İngilizce ve Fransızca konuşuyor, dünyayı gezmiş, görmüş geçirmiş,",",",pre_ambiguity,False,nominalizer,syntactic,after,after,1
21,20,"İngilizce ve Fransızca konuşuyor, dünyayı gezmiş, görmüş geçirmiş, insan",▁insan,pre_ambiguity,False,nominalizer,syntactic,after,after,1
21,21,"İngilizce ve Fransızca konuşuyor, dünyayı gezmiş, görmüş geçirmiş, insan olma",▁olma,ambiguity_onset,False,nominalizer,syntactic,after,after,1
21,22,"İngilizce ve Fransızca konuşuyor, dünyayı gezmiş, görmüş geçirmiş, insan olma okul",▁okul,cue_onset,False,nominalizer,syntactic,after,after,1
21,23,"İngilizce ve Fransızca konuşuyor, dünyayı gezmiş, görmüş geçirmiş, insan olma okulunu",unu,cue_onset,False,nominalizer,syntactic,after,after,1
21,24,"İngilizce ve Fransızca konuşuyor, dünyayı gezmiş, görmüş geçirmiş, insan olma okulunu genç",▁genç,post_cue,False,nominalizer,syntactic,after,after,1
21,25,"İngilizce ve Fransızca konuşuyor, dünyayı gezmiş, görmüş geçirmiş, insan olma okulunu genç yaşında",▁yaşında,post_cue,False,nominalizer,syntactic,after,after,1
21,26,"İngilizce ve Fransızca konuşuyor, dünyayı gezmiş, görmüş geçirmiş, insan olma okulunu genç yaşında başarı",▁başarı,post_cue,False,nominalizer,syntactic,after,after,1
21,27,"İngilizce ve Fransızca konuşuyor, dünyayı gezmiş, görmüş geçirmiş, insan olma okulunu genç yaşında başarıyla",yla,post_cue,False,nominalizer,syntactic,after,after,1
21,28,"İngilizce ve Fransızca konuşuyor, dünyayı gezmiş, görmüş geçirmiş, insan olma okulunu genç yaşında başarıyla biti",▁biti,post_cue,False,nominalizer,syntactic,after,after,1
21,29,"İngilizce ve Fransızca konuşuyor, dünyayı gezmiş, görmüş geçirmiş, insan olma okulunu genç yaşında başarıyla bitirm",rm,post_cue,False,nominalizer,syntactic,after,after,1
21,30,"İngilizce ve Fransızca konuşuyor, dünyayı gezmiş, görmüş geçirmiş, insan olma okulunu genç yaşında başarıyla bitirmiş",iş,post_cue,False,nominalizer,syntactic,after,after,1
21,31,"İngilizce ve Fransızca konuşuyor, dünyayı gezmiş, görmüş geçirmiş, insan olma okulunu genç yaşında başarıyla bitirmiş bir",▁bir,post_cue,False,nominalizer,syntactic,after,after,1
21,32,"İngilizce ve Fransızca konuşuyor, dünyayı gezmiş, görmüş geçirmiş, insan olma okulunu genç yaşında başarıyla bitirmiş bir güzel",▁güzel,post_cue,False,nominalizer,syntactic,after,after,1
21,33,"İngilizce ve Fransızca konuşuyor, dünyayı gezmiş, görmüş geçirmiş, insan olma okulunu genç yaşında başarıyla bitirmiş bir güzel adam",▁adam,post_cue,False,nominalizer,syntactic,after,after,1
21,34,"İngilizce ve Fransızca konuşuyor, dünyayı gezmiş, görmüş geçirmiş, insan olma okulunu genç yaşında başarıyla bitirmiş bir güzel adam.",.,full_sentence,True,nominalizer,syntactic,after,after,1
22,0,İ,İ,pre_ambiguity,False,negation,syntactic,after,after,1
22,1,İngilizce,ngilizce,pre_ambiguity,False,negation,syntactic,after,after,1
22,2,İngilizce ve,▁ve,pre_ambiguity,False,negation,syntactic,after,after,1
22,3,İngilizce ve Frans,▁Frans,pre_ambiguity,False,negation,syntactic,after,after,1
22,4,İngilizce ve Fransız,ız,pre_ambiguity,False,negation,syntactic,after,after,1
22,5,İngilizce ve Fransızca,ca,pre_ambiguity,False,negation,syntactic,after,after,1
22,6,İngilizce ve Fransızca konuş,▁konuş,pre_ambiguity,False,negation,syntactic,after,after,1
22,7,İngilizce ve Fransızca konuşuyor,uyor,pre_ambiguity,False,negation,syntactic,after,after,1
22,8,"İngilizce ve Fransızca konuşuyor,",",",pre_ambiguity,False,negation,syntactic,after,after,1
22,9,"İngilizce ve Fransızca konuşuyor, düny",▁düny,pre_ambiguity,False,negation,syntactic,after,after,1
22,10,"İngilizce ve Fransızca konuşuyor, dünyayı",ayı,pre_ambiguity,False,negation,syntactic,after,after,1
22,11,"İngilizce ve Fransızca konuşuyor, dünyayı gez",▁gez,pre_ambiguity,False,negation,syntactic,after,after,1
22,12,"İngilizce ve Fransızca konuşuyor, dünyayı gezmiş",miş,pre_ambiguity,False,negation,syntactic,after,after,1
22,13,"İngilizce ve Fransızca konuşuyor, dünyayı gezmiş,",",",pre_ambiguity,False,negation,syntactic,after,after,1
22,14,"İngilizce ve Fransızca konuşuyor, dünyayı gezmiş, gö",▁gö,pre_ambiguity,False,negation,syntactic,after,after,1
22,15,"İngilizce ve Fransızca konuşuyor, dünyayı gezmiş, görm",rm,pre_ambiguity,False,negation,syntactic,after,after,1
22,16,"İngilizce ve Fransızca konuşuyor, dünyayı gezmiş, görmüş",üş,pre_ambiguity,False,negation,syntactic,after,after,1
22,17,"İngilizce ve Fransızca konuşuyor, dünyayı gezmiş, görmüş geçir",▁geçir,pre_ambiguity,False,negation,syntactic,after,after,1
22,18,"İngilizce ve Fransızca konuşuyor, dünyayı gezmiş, görmüş geçirmiş",miş,pre_ambiguity,False,negation,syntactic,after,after,1
22,19,"İngilizce ve Fransızca konuşuyor, dünyayı gezmiş, görmüş geçirmiş,",",",pre_ambiguity,False,negation,syntactic,after,after,1
22,20,"İngilizce ve Fransızca konuşuyor, dünyayı gezmiş, görmüş geçirmiş, ö",▁ö,pre_ambiguity,False,negation,syntactic,after,after,1
22,21,"İngilizce ve Fransızca konuşuyor, dünyayı gezmiş, görmüş geçirmiş, ök",k,pre_ambiguity,False,negation,syntactic,after,after,1
22,22,"İngilizce ve Fransızca konuşuyor, dünyayı gezmiş, görmüş geçirmiş, öküz",üz,pre_ambiguity,False,negation,syntactic,after,after,1
22,23,"İngilizce ve Fransızca konuşuyor, dünyayı gezmiş, görmüş geçirmiş, öküz olma",▁olma,ambiguity_onset,False,negation,syntactic,after,after,1
22,24,"İngilizce ve Fransızca konuşuyor, dünyayı gezmiş, görmüş geçirmiş, öküz olma sen",▁sen,cue_onset,False,negation,syntactic,after,after,1
22,25,"İngilizce ve Fransızca konuşuyor, dünyayı gezmiş, görmüş geçirmiş, öküz olma sen diye",▁diye,cue_onset,False,negation,syntactic,after,after,1
22,26,"İngilizce ve Fransızca konuşuyor, dünyayı gezmiş, görmüş geçirmiş, öküz olma sen diye ç",▁ç,post_cue,False,negation,syntactic,after,after,1
22,27,"İngilizce ve Fransızca konuşuyor, dünyayı gezmiş, görmüş geçirmiş, öküz olma sen diye çabal",abal,post_cue,False,negation,syntactic,after,after,1
22,28,"İngilizce ve Fransızca konuşuyor, dünyayı gezmiş, görmüş geçirmiş, öküz olma sen diye çabalıyor",ıyor,post_cue,False,negation,syntactic,after,after,1
22,29,"İngilizce ve Fransızca konuşuyor, dünyayı gezmiş, görmüş geçirmiş, öküz olma sen diye çabalıyor adam",▁adam,post_cue,False,negation,syntactic,after,after,1
22,30,"İngilizce ve Fransızca konuşuyor, dünyayı gezmiş, görmüş geçirmiş, öküz olma sen diye çabalıyor adamca",ca,post_cue,False,negation,syntactic,after,after,1
22,31,"İngilizce ve Fransızca konuşuyor, dünyayı gezmiş, görmüş geçirmiş, öküz olma sen diye çabalıyor adamcağ",ğ,post_cue,False,negation,syntactic,after,after,1
22,32,"İngilizce ve Fransızca konuşuyor, dünyayı gezmiş, görmüş geçirmiş, öküz olma sen diye çabalıyor adamcağız",ız,post_cue,False,negation,syntactic,after,after,1
22,33,"İngilizce ve Fransızca konuşuyor, dünyayı gezmiş, görmüş geçirmiş, öküz olma sen diye çabalıyor adamcağız.",.,full_sentence,True,negation,syntactic,after,after,1
23,0,An,An,pre_ambiguity,False,negation,semantic,before,before,-4
23,1,Annen,nen,pre_ambiguity,False,negation,semantic,before,before,-4
23,2,Annen emir,▁emir,cue_onset,False,negation,semantic,before,before,-4
23,3,Annen emir veri,▁veri,cue_onset,False,negation,semantic,before,before,-4
23,4,Annen emir veriyor,yor,cue_onset,False,negation,semantic,before,before,-4
23,5,Annen emir veriyor pilot,▁pilot,post_cue_pre_ambiguity,False,negation,semantic,before,before,-4
23,6,Annen emir veriyor pilot olma,▁olma,ambiguity_onset,False,negation,semantic,before,before,-4
23,7,"Annen emir veriyor pilot olma,",",",post_cue,False,negation,semantic,before,before,-4
23,8,"Annen emir veriyor pilot olma, okul",▁okul,post_cue,False,negation,semantic,before,before,-4
23,9,"Annen emir veriyor pilot olma, okuluna",una,post_cue,False,negation,semantic,before,before,-4
23,10,"Annen emir veriyor pilot olma, okuluna yaz",▁yaz,post_cue,False,negation,semantic,before,before,-4
23,11,"Annen emir veriyor pilot olma, okuluna yazıl",ıl,post_cue,False,negation,semantic,before,before,-4
23,12,"Annen emir veriyor pilot olma, okuluna yazıl diye",▁diye,post_cue,False,negation,semantic,before,before,-4
23,13,"Annen emir veriyor pilot olma, okuluna yazıl diye!",!,full_sentence,True,negation,semantic,before,before,-4
24,0,Man,Man,pre_ambiguity,False,nominalizer,syntactic,after,after,2
24,1,Manast,ast,pre_ambiguity,False,nominalizer,syntactic,after,after,2
24,2,Manastır,ır,pre_ambiguity,False,nominalizer,syntactic,after,after,2
24,3,Manastır As,▁As,pre_ambiguity,False,nominalizer,syntactic,after,after,2
24,4,Manastır Askeri,keri,pre_ambiguity,False,nominalizer,syntactic,after,after,2
24,5,Manastır Askeri L,▁L,pre_ambiguity,False,nominalizer,syntactic,after,after,2
24,6,Manastır Askeri Lises,ises,pre_ambiguity,False,nominalizer,syntactic,after,after,2
24,7,Manastır Askeri Lisesinde,inde,pre_ambiguity,False,nominalizer,syntactic,after,after,2
24,8,Manastır Askeri Lisesinde Mustafa,▁Mustafa,pre_ambiguity,False,nominalizer,syntactic,after,after,2
24,9,Manastır Askeri Lisesinde Mustafa',',pre_ambiguity,False,nominalizer,syntactic,after,after,2
24,10,Manastır Askeri Lisesinde Mustafa'nın,nın,pre_ambiguity,False,nominalizer,syntactic,after,after,2
24,11,Manastır Askeri Lisesinde Mustafa'nın oku,▁oku,ambiguity_onset,False,nominalizer,syntactic,after,after,2
24,12,Manastır Askeri Lisesinde Mustafa'nın okuma,ma,ambiguity_onset,False,nominalizer,syntactic,after,after,2
24,13,Manastır Askeri Lisesinde Mustafa'nın okuma ilg,▁ilg,cue_onset,False,nominalizer,syntactic,after,after,2
24,14,Manastır Askeri Lisesinde Mustafa'nın okuma ilgisi,isi,cue_onset,False,nominalizer,syntactic,after,after,2
24,15,Manastır Askeri Lisesinde Mustafa'nın okuma ilgisi artt,▁artt,post_cue,False,nominalizer,syntactic,after,after,2
24,16,Manastır Askeri Lisesinde Mustafa'nın okuma ilgisi arttı,ı,post_cue,False,nominalizer,syntactic,after,after,2
24,17,Manastır Askeri Lisesinde Mustafa'nın okuma ilgisi arttı.,.,full_sentence,True,nominalizer,syntactic,after,after,2
25,0,Man,Man,pre_ambiguity,False,negation,syntactic,after,after,2
25,1,Manast,ast,pre_ambiguity,False,negation,syntactic,after,after,2
25,2,Manastır,ır,pre_ambiguity,False,negation,syntactic,after,after,2
25,3,Manastır As,▁As,pre_ambiguity,False,negation,syntactic,after,after,2
25,4,Manastır Askeri,keri,pre_ambiguity,False,negation,syntactic,after,after,2
25,5,Manastır Askeri L,▁L,pre_ambiguity,False,negation,syntactic,after,after,2
25,6,Manastır Askeri Lises,ises,pre_ambiguity,False,negation,syntactic,after,after,2
25,7,Manastır Askeri Lisesinde,inde,pre_ambiguity,False,negation,syntactic,after,after,2
25,8,Manastır Askeri Lisesinde Mustafa,▁Mustafa,pre_ambiguity,False,negation,syntactic,after,after,2
25,9,Manastır Askeri Lisesinde Mustafa',',pre_ambiguity,False,negation,syntactic,after,after,2
25,10,Manastır Askeri Lisesinde Mustafa'nın,nın,pre_ambiguity,False,negation,syntactic,after,after,2
25,11,Manastır Askeri Lisesinde Mustafa'nın oku,▁oku,ambiguity_onset,False,negation,syntactic,after,after,2
25,12,Manastır Askeri Lisesinde Mustafa'nın okuma,ma,ambiguity_onset,False,negation,syntactic,after,after,2
25,13,Manastır Askeri Lisesinde Mustafa'nın okuma diye,▁diye,cue_onset,False,negation,syntactic,after,after,2
25,14,Manastır Askeri Lisesinde Mustafa'nın okuma diye att,▁att,cue_onset,False,negation,syntactic,after,after,2
25,15,Manastır Askeri Lisesinde Mustafa'nın okuma diye attığı,ığı,cue_onset,False,negation,syntactic,after,after,2
25,16,Manastır Askeri Lisesinde Mustafa'nın okuma diye attığı ç,▁ç,cue_onset,False,negation,syntactic,after,after,2
25,17,Manastır Askeri Lisesinde Mustafa'nın okuma diye attığı çığ,ığ,cue_onset,False,negation,syntactic,after,after,2
25,18,Manastır Askeri Lisesinde Mustafa'nın okuma diye attığı çığlık,lık,cue_onset,False,negation,syntactic,after,after,2
25,19,Manastır Askeri Lisesinde Mustafa'nın okuma diye attığı çığlık herkes,▁herkes,post_cue,False,negation,syntactic,after,after,2
25,20,Manastır Askeri Lisesinde Mustafa'nın okuma diye attığı çığlık herkesi,i,post_cue,False,negation,syntactic,after,after,2
25,21,Manastır Askeri Lisesinde Mustafa'nın okuma diye attığı çığlık herkesi ş,▁ş,post_cue,False,negation,syntactic,after,after,2
25,22,Manastır Askeri Lisesinde Mustafa'nın okuma diye attığı çığlık herkesi şaş,aş,post_cue,False,negation,syntactic,after,after,2
25,23,Manastır Askeri Lisesinde Mustafa'nın okuma diye attığı çığlık herkesi şaşır,ır,post_cue,False,negation,syntactic,after,after,2
25,24,Manastır Askeri Lisesinde Mustafa'nın okuma diye attığı çığlık herkesi şaşırtt,tt,post_cue,False,negation,syntactic,after,after,2
25,25,Manastır Askeri Lisesinde Mustafa'nın okuma diye attığı çığlık herkesi şaşırttı,ı,post_cue,False,negation,syntactic,after,after,2
25,26,Manastır Askeri Lisesinde Mustafa'nın okuma diye attığı çığlık herkesi şaşırttı.,.,full_sentence,True,negation,syntactic,after,after,2
26,0,Ayrıca,Ayrıca,pre_ambiguity,False,nominalizer,syntactic,after,after,2
26,1,Ayrıca ar,▁ar,pre_ambiguity,False,nominalizer,syntactic,after,after,2
26,2,Ayrıca aralar,alar,pre_ambiguity,False,nominalizer,syntactic,after,after,2
26,3,Ayrıca aralarında,ında,pre_ambiguity,False,nominalizer,syntactic,after,after,2
26,4,Ayrıca aralarında Türk,▁Türk,pre_ambiguity,False,nominalizer,syntactic,after,after,2
26,5,Ayrıca aralarında Türklerin,lerin,pre_ambiguity,False,nominalizer,syntactic,after,after,2
26,6,Ayrıca aralarında Türklerin de,▁de,pre_ambiguity,False,nominalizer,syntactic,after,after,2
26,7,Ayrıca aralarında Türklerin de bulundu,▁bulundu,pre_ambiguity,False,nominalizer,syntactic,after,after,2
26,8,Ayrıca aralarında Türklerin de bulunduğu,ğu,pre_ambiguity,False,nominalizer,syntactic,after,after,2
26,9,Ayrıca aralarında Türklerin de bulunduğu bir,▁bir,pre_ambiguity,False,nominalizer,syntactic,after,after,2
26,10,Ayrıca aralarında Türklerin de bulunduğu bir bri,▁bri,pre_ambiguity,False,nominalizer,syntactic,after,after,2
26,11,Ayrıca aralarında Türklerin de bulunduğu bir briç,ç,pre_ambiguity,False,nominalizer,syntactic,after,after,2
26,12,Ayrıca aralarında Türklerin de bulunduğu bir briç takı,▁takı,pre_ambiguity,False,nominalizer,syntactic,after,after,2
26,13,Ayrıca aralarında Türklerin de bulunduğu bir briç takımları,mları,pre_ambiguity,False,nominalizer,syntactic,after,after,2
26,14,Ayrıca aralarında Türklerin de bulunduğu bir briç takımları var,▁var,pre_ambiguity,False,nominalizer,syntactic,after,after,2
26,15,Ayrıca aralarında Türklerin de bulunduğu bir briç takımları varmış,mış,pre_ambiguity,False,nominalizer,syntactic,after,after,2
26,16,Ayrıca aralarında Türklerin de bulunduğu bir briç takımları varmış ve,▁ve,pre_ambiguity,False,nominalizer,syntactic,after,after,2
26,17,Ayrıca aralarında Türklerin de bulunduğu bir briç takımları varmış ve bri,▁bri,pre_ambiguity,False,nominalizer,syntactic,after,after,2
26,18,Ayrıca aralarında Türklerin de bulunduğu bir briç takımları varmış ve briç,ç,pre_ambiguity,False,nominalizer,syntactic,after,after,2
26,19,Ayrıca aralarında Türklerin de bulunduğu bir briç takımları varmış ve briç oyn,▁oyn,pre_ambiguity,False,nominalizer,syntactic,after,after,2
26,20,Ayrıca aralarında Türklerin de bulunduğu bir briç takımları varmış ve briç oynarken,arken,pre_ambiguity,False,nominalizer,syntactic,after,after,2
26,21,Ayrıca aralarında Türklerin de bulunduğu bir briç takımları varmış ve briç oynarken yalnızca,▁yalnızca,pre_ambiguity,False,nominalizer,syntactic,after,after,2
26,22,Ayrıca aralarında Türklerin de bulunduğu bir briç takımları varmış ve briç oynarken yalnızca Türkçe,▁Türkçe,pre_ambiguity,False,nominalizer,syntactic,after,after,2
26,23,Ayrıca aralarında Türklerin de bulunduğu bir briç takımları varmış ve briç oynarken yalnızca Türkçe konuş,▁konuş,ambiguity_onset,False,nominalizer,syntactic,after,after,2
26,24,Ayrıca aralarında Türklerin de bulunduğu bir briç takımları varmış ve briç oynarken yalnızca Türkçe konuşma,ma,ambiguity_onset,False,nominalizer,syntactic,after,after,2
26,25,Ayrıca aralarında Türklerin de bulunduğu bir briç takımları varmış ve briç oynarken yalnızca Türkçe konuşma kur,▁kur,cue_onset,False,nominalizer,syntactic,after,after,2
26,26,Ayrıca aralarında Türklerin de bulunduğu bir briç takımları varmış ve briç oynarken yalnızca Türkçe konuşma kurall,all,cue_onset,False,nominalizer,syntactic,after,after,2
26,27,Ayrıca aralarında Türklerin de bulunduğu bir briç takımları varmış ve briç oynarken yalnızca Türkçe konuşma kuralları,arı,cue_onset,False,nominalizer,syntactic,after,after,2
26,28,Ayrıca aralarında Türklerin de bulunduğu bir briç takımları varmış ve briç oynarken yalnızca Türkçe konuşma kuralları var,▁var,post_cue,False,nominalizer,syntactic,after,after,2
26,29,Ayrıca aralarında Türklerin de bulunduğu bir briç takımları varmış ve briç oynarken yalnızca Türkçe konuşma kuralları varmış,mış,post_cue,False,nominalizer,syntactic,after,after,2
26,30,Ayrıca aralarında Türklerin de bulunduğu bir briç takımları varmış ve briç oynarken yalnızca Türkçe konuşma kuralları varmış.,.,full_sentence,True,nominalizer,syntactic,after,after,2
27,0,Ayrıca,Ayrıca,pre_ambiguity,False,negation,syntactic,after,after,2
27,1,Ayrıca ar,▁ar,pre_ambiguity,False,negation,syntactic,after,after,2
27,2,Ayrıca aralar,alar,pre_ambiguity,False,negation,syntactic,after,after,2
27,3,Ayrıca aralarında,ında,pre_ambiguity,False,negation,syntactic,after,after,2
27,4,Ayrıca aralarında Türk,▁Türk,pre_ambiguity,False,negation,syntactic,after,after,2
27,5,Ayrıca aralarında Türklerin,lerin,pre_ambiguity,False,negation,syntactic,after,after,2
27,6,Ayrıca aralarında Türklerin de,▁de,pre_ambiguity,False,negation,syntactic,after,after,2
27,7,Ayrıca aralarında Türklerin de bulundu,▁bulundu,pre_ambiguity,False,negation,syntactic,after,after,2
27,8,Ayrıca aralarında Türklerin de bulunduğu,ğu,pre_ambiguity,False,negation,syntactic,after,after,2
27,9,Ayrıca aralarında Türklerin de bulunduğu bir,▁bir,pre_ambiguity,False,negation,syntactic,after,after,2
27,10,Ayrıca aralarında Türklerin de bulunduğu bir bri,▁bri,pre_ambiguity,False,negation,syntactic,after,after,2
27,11,Ayrıca aralarında Türklerin de bulunduğu bir briç,ç,pre_ambiguity,False,negation,syntactic,after,after,2
27,12,Ayrıca aralarında Türklerin de bulunduğu bir briç takı,▁takı,pre_ambiguity,False,negation,syntactic,after,after,2
27,13,Ayrıca aralarında Türklerin de bulunduğu bir briç takımları,mları,pre_ambiguity,False,negation,syntactic,after,after,2
27,14,Ayrıca aralarında Türklerin de bulunduğu bir briç takımları var,▁var,pre_ambiguity,False,negation,syntactic,after,after,2
27,15,Ayrıca aralarında Türklerin de bulunduğu bir briç takımları varmış,mış,pre_ambiguity,False,negation,syntactic,after,after,2
27,16,Ayrıca aralarında Türklerin de bulunduğu bir briç takımları varmış ve,▁ve,pre_ambiguity,False,negation,syntactic,after,after,2
27,17,Ayrıca aralarında Türklerin de bulunduğu bir briç takımları varmış ve bri,▁bri,pre_ambiguity,False,negation,syntactic,after,after,2
27,18,Ayrıca aralarında Türklerin de bulunduğu bir briç takımları varmış ve briç,ç,pre_ambiguity,False,negation,syntactic,after,after,2
27,19,Ayrıca aralarında Türklerin de bulunduğu bir briç takımları varmış ve briç oyn,▁oyn,pre_ambiguity,False,negation,syntactic,after,after,2
27,20,Ayrıca aralarında Türklerin de bulunduğu bir briç takımları varmış ve briç oynarken,arken,pre_ambiguity,False,negation,syntactic,after,after,2
27,21,Ayrıca aralarında Türklerin de bulunduğu bir briç takımları varmış ve briç oynarken Türkçe,▁Türkçe,pre_ambiguity,False,negation,syntactic,after,after,2
27,22,Ayrıca aralarında Türklerin de bulunduğu bir briç takımları varmış ve briç oynarken Türkçe konuş,▁konuş,ambiguity_onset,False,negation,syntactic,after,after,2
27,23,Ayrıca aralarında Türklerin de bulunduğu bir briç takımları varmış ve briç oynarken Türkçe konuşma,ma,ambiguity_onset,False,negation,syntactic,after,after,2
27,24,Ayrıca aralarında Türklerin de bulunduğu bir briç takımları varmış ve briç oynarken Türkçe konuşma diye,▁diye,cue_onset,False,negation,syntactic,after,after,2
27,25,Ayrıca aralarında Türklerin de bulunduğu bir briç takımları varmış ve briç oynarken Türkçe konuşma diye çok,▁çok,cue_onset,False,negation,syntactic,after,after,2
27,26,Ayrıca aralarında Türklerin de bulunduğu bir briç takımları varmış ve briç oynarken Türkçe konuşma diye çok ciddi,▁ciddi,cue_onset,False,negation,syntactic,after,after,2
27,27,Ayrıca aralarında Türklerin de bulunduğu bir briç takımları varmış ve briç oynarken Türkçe konuşma diye çok ciddi kur,▁kur,cue_onset,False,negation,syntactic,after,after,2
27,28,Ayrıca aralarında Türklerin de bulunduğu bir briç takımları varmış ve briç oynarken Türkçe konuşma diye çok ciddi kurall,all,cue_onset,False,negation,syntactic,after,after,2
27,29,Ayrıca aralarında Türklerin de bulunduğu bir briç takımları varmış ve briç oynarken Türkçe konuşma diye çok ciddi kuralları,arı,cue_onset,False,negation,syntactic,after,after,2
27,30,Ayrıca aralarında Türklerin de bulunduğu bir briç takımları varmış ve briç oynarken Türkçe konuşma diye çok ciddi kuralları var,▁var,post_cue,False,negation,syntactic,after,after,2
27,31,Ayrıca aralarında Türklerin de bulunduğu bir briç takımları varmış ve briç oynarken Türkçe konuşma diye çok ciddi kuralları varmış,mış,post_cue,False,negation,syntactic,after,after,2
27,32,Ayrıca aralarında Türklerin de bulunduğu bir briç takımları varmış ve briç oynarken Türkçe konuşma diye çok ciddi kuralları varmış.,.,full_sentence,True,negation,syntactic,after,after,2
28,0,Ayrıca,Ayrıca,pre_ambiguity,False,negation,syntactic,before,before,-2
28,1,Ayrıca ar,▁ar,pre_ambiguity,False,negation,syntactic,before,before,-2
28,2,Ayrıca aralar,alar,pre_ambiguity,False,negation,syntactic,before,before,-2
28,3,Ayrıca aralarında,ında,pre_ambiguity,False,negation,syntactic,before,before,-2
28,4,Ayrıca aralarında Türk,▁Türk,pre_ambiguity,False,negation,syntactic,before,before,-2
28,5,Ayrıca aralarında Türklerin,lerin,pre_ambiguity,False,negation,syntactic,before,before,-2
28,6,Ayrıca aralarında Türklerin de,▁de,pre_ambiguity,False,negation,syntactic,before,before,-2
28,7,Ayrıca aralarında Türklerin de bulundu,▁bulundu,pre_ambiguity,False,negation,syntactic,before,before,-2
28,8,Ayrıca aralarında Türklerin de bulunduğu,ğu,pre_ambiguity,False,negation,syntactic,before,before,-2
28,9,Ayrıca aralarında Türklerin de bulunduğu bir,▁bir,pre_ambiguity,False,negation,syntactic,before,before,-2
28,10,Ayrıca aralarında Türklerin de bulunduğu bir bri,▁bri,pre_ambiguity,False,negation,syntactic,before,before,-2
28,11,Ayrıca aralarında Türklerin de bulunduğu bir briç,ç,pre_ambiguity,False,negation,syntactic,before,before,-2
28,12,Ayrıca aralarında Türklerin de bulunduğu bir briç takı,▁takı,pre_ambiguity,False,negation,syntactic,before,before,-2
28,13,Ayrıca aralarında Türklerin de bulunduğu bir briç takımları,mları,pre_ambiguity,False,negation,syntactic,before,before,-2
28,14,Ayrıca aralarında Türklerin de bulunduğu bir briç takımları var,▁var,pre_ambiguity,False,negation,syntactic,before,before,-2
28,15,Ayrıca aralarında Türklerin de bulunduğu bir briç takımları varmış,mış,pre_ambiguity,False,negation,syntactic,before,before,-2
28,16,Ayrıca aralarında Türklerin de bulunduğu bir briç takımları varmış ve,▁ve,pre_ambiguity,False,negation,syntactic,before,before,-2
28,17,Ayrıca aralarında Türklerin de bulunduğu bir briç takımları varmış ve bri,▁bri,pre_ambiguity,False,negation,syntactic,before,before,-2
28,18,Ayrıca aralarında Türklerin de bulunduğu bir briç takımları varmış ve briç,ç,pre_ambiguity,False,negation,syntactic,before,before,-2
28,19,Ayrıca aralarında Türklerin de bulunduğu bir briç takımları varmış ve briç oyn,▁oyn,pre_ambiguity,False,negation,syntactic,before,before,-2
28,20,Ayrıca aralarında Türklerin de bulunduğu bir briç takımları varmış ve briç oynarken,arken,pre_ambiguity,False,negation,syntactic,before,before,-2
28,21,Ayrıca aralarında Türklerin de bulunduğu bir briç takımları varmış ve briç oynarken sen,▁sen,cue_onset,False,negation,syntactic,before,before,-2
28,22,Ayrıca aralarında Türklerin de bulunduğu bir briç takımları varmış ve briç oynarken sen Türkçe,▁Türkçe,post_cue_pre_ambiguity,False,negation,syntactic,before,before,-2
28,23,Ayrıca aralarında Türklerin de bulunduğu bir briç takımları varmış ve briç oynarken sen Türkçe konuş,▁konuş,ambiguity_onset,False,negation,syntactic,before,before,-2
28,24,Ayrıca aralarında Türklerin de bulunduğu bir briç takımları varmış ve briç oynarken sen Türkçe konuşma,ma,ambiguity_onset,False,negation,syntactic,before,before,-2
28,25,Ayrıca aralarında Türklerin de bulunduğu bir briç takımları varmış ve briç oynarken sen Türkçe konuşma diye,▁diye,post_cue,False,negation,syntactic,before,before,-2
28,26,Ayrıca aralarında Türklerin de bulunduğu bir briç takımları varmış ve briç oynarken sen Türkçe konuşma diye çok,▁çok,post_cue,False,negation,syntactic,before,before,-2
28,27,Ayrıca aralarında Türklerin de bulunduğu bir briç takımları varmış ve briç oynarken sen Türkçe konuşma diye çok ç,▁ç,post_cue,False,negation,syntactic,before,before,-2
28,28,Ayrıca aralarında Türklerin de bulunduğu bir briç takımları varmış ve briç oynarken sen Türkçe konuşma diye çok çaba,aba,post_cue,False,negation,syntactic,before,before,-2
28,29,Ayrıca aralarında Türklerin de bulunduğu bir briç takımları varmış ve briç oynarken sen Türkçe konuşma diye çok çaba har,▁har,post_cue,False,negation,syntactic,before,before,-2
28,30,Ayrıca aralarında Türklerin de bulunduğu bir briç takımları varmış ve briç oynarken sen Türkçe konuşma diye çok çaba harcam,cam,post_cue,False,negation,syntactic,before,before,-2
28,31,Ayrıca aralarında Türklerin de bulunduğu bir briç takımları varmış ve briç oynarken sen Türkçe konuşma diye çok çaba harcamış,ış,post_cue,False,negation,syntactic,before,before,-2
28,32,Ayrıca aralarında Türklerin de bulunduğu bir briç takımları varmış ve briç oynarken sen Türkçe konuşma diye çok çaba harcamışlar,lar,post_cue,False,negation,syntactic,before,before,-2
28,33,Ayrıca aralarında Türklerin de bulunduğu bir briç takımları varmış ve briç oynarken sen Türkçe konuşma diye çok çaba harcamışlar.,.,full_sentence,True,negation,syntactic,before,before,-2
29,0,F,F,pre_ambiguity,False,nominalizer,syntactic,before,before,-6
29,1,Fakat,akat,pre_ambiguity,False,nominalizer,syntactic,before,before,-6
29,2,Fakat ona,▁ona,cue_onset,False,nominalizer,syntactic,before,before,-6
29,3,Fakat ona et,▁et,cue_onset,False,nominalizer,syntactic,before,before,-6
29,4,Fakat ona etki,ki,cue_onset,False,nominalizer,syntactic,before,before,-6
29,5,Fakat ona etki eden,▁eden,cue_onset,False,nominalizer,syntactic,before,before,-6
29,6,Fakat ona etki eden duyg,▁duyg,cue_onset,False,nominalizer,syntactic,before,before,-6
29,7,Fakat ona etki eden duygusal,usal,cue_onset,False,nominalizer,syntactic,before,before,-6
29,8,Fakat ona etki eden duygusal tep,▁tep,ambiguity_onset,False,nominalizer,syntactic,before,before,-6
29,9,Fakat ona etki eden duygusal tepk,k,ambiguity_onset,False,nominalizer,syntactic,before,before,-6
29,10,Fakat ona etki eden duygusal tepkime,ime,ambiguity_onset,False,nominalizer,syntactic,before,before,-6
29,11,Fakat ona etki eden duygusal tepkime son,▁son,post_cue,False,nominalizer,syntactic,before,before,-6
29,12,Fakat ona etki eden duygusal tepkime sonucu,ucu,post_cue,False,nominalizer,syntactic,before,before,-6
29,13,Fakat ona etki eden duygusal tepkime sonucu ne,▁ne,post_cue,False,nominalizer,syntactic,before,before,-6
29,14,Fakat ona etki eden duygusal tepkime sonucu nefes,fes,post_cue,False,nominalizer,syntactic,before,before,-6
29,15,Fakat ona etki eden duygusal tepkime sonucu nefes fakt,▁fakt,post_cue,False,nominalizer,syntactic,before,before,-6
29,16,Fakat ona etki eden duygusal tepkime sonucu nefes faktör,ör,post_cue,False,nominalizer,syntactic,before,before,-6
29,17,Fakat ona etki eden duygusal tepkime sonucu nefes faktörünün,ünün,post_cue,False,nominalizer,syntactic,before,before,-6
29,18,Fakat ona etki eden duygusal tepkime sonucu nefes faktörünün dev,▁dev,post_cue,False,nominalizer,syntactic,before,before,-6
29,19,Fakat ona etki eden duygusal tepkime sonucu nefes faktörünün devre,re,post_cue,False,nominalizer,syntactic,before,before,-6
29,20,Fakat ona etki eden duygusal tepkime sonucu nefes faktörünün devreye,ye,post_cue,False,nominalizer,syntactic,before,before,-6
29,21,Fakat ona etki eden duygusal tepkime sonucu nefes faktörünün devreye gir,▁gir,post_cue,False,nominalizer,syntactic,before,before,-6
29,22,Fakat ona etki eden duygusal tepkime sonucu nefes faktörünün devreye girmes,mes,post_cue,False,nominalizer,syntactic,before,before,-6
29,23,Fakat ona etki eden duygusal tepkime sonucu nefes faktörünün devreye girmesidir,idir,post_cue,False,nominalizer,syntactic,before,before,-6
29,24,Fakat ona etki eden duygusal tepkime sonucu nefes faktörünün devreye girmesidir.,.,full_sentence,True,nominalizer,syntactic,before,before,-6
31,0,Y,Y,pre_ambiguity,False,negation,syntactic,after,after,2
31,1,Yani,ani,pre_ambiguity,False,negation,syntactic,after,after,2
31,2,Yani sen,▁sen,pre_ambiguity,False,negation,syntactic,after,after,2
31,3,Yani sen de,▁de,pre_ambiguity,False,negation,syntactic,after,after,2
31,4,Yani sen de bir,▁bir,pre_ambiguity,False,negation,syntactic,after,after,2
31,5,Yani sen de bir patron,▁patron,pre_ambiguity,False,negation,syntactic,after,after,2
31,6,Yani sen de bir patron olarak,▁olarak,pre_ambiguity,False,negation,syntactic,after,after,2
31,7,Yani sen de bir patron olarak kat,▁kat,ambiguity_onset,False,negation,syntactic,after,after,2
31,8,Yani sen de bir patron olarak katma,ma,ambiguity_onset,False,negation,syntactic,after,after,2
31,9,Yani sen de bir patron olarak katma böyle,▁böyle,cue_onset,False,negation,syntactic,after,after,2
31,10,Yani sen de bir patron olarak katma böyle değer,▁değer,cue_onset,False,negation,syntactic,after,after,2
31,11,"Yani sen de bir patron olarak katma böyle değer,",",",post_cue,False,negation,syntactic,after,after,2
31,12,"Yani sen de bir patron olarak katma böyle değer, yak",▁yak,post_cue,False,negation,syntactic,after,after,2
31,13,"Yani sen de bir patron olarak katma böyle değer, yakış",ış,post_cue,False,negation,syntactic,after,after,2
31,14,"Yani sen de bir patron olarak katma böyle değer, yakışıyor",ıyor,post_cue,False,negation,syntactic,after,after,2
31,15,"Yani sen de bir patron olarak katma böyle değer, yakışıyor mu",▁mu,post_cue,False,negation,syntactic,after,after,2
31,16,"Yani sen de bir patron olarak katma böyle değer, yakışıyor mu sana",▁sana,post_cue,False,negation,syntactic,after,after,2
31,17,"Yani sen de bir patron olarak katma böyle değer, yakışıyor mu sana Allah",▁Allah,post_cue,False,negation,syntactic,after,after,2
31,18,"Yani sen de bir patron olarak katma böyle değer, yakışıyor mu sana Allah aşk",▁aşk,post_cue,False,negation,syntactic,after,after,2
31,19,"Yani sen de bir patron olarak katma böyle değer, yakışıyor mu sana Allah aşkına",ına,post_cue,False,negation,syntactic,after,after,2
31,20,"Yani sen de bir patron olarak katma böyle değer, yakışıyor mu sana Allah aşkına!",!,full_sentence,True,negation,syntactic,after,after,2
35,0,Seven,Seven,pre_ambiguity,False,negation,syntactic,before,before,-5
35,1,Seven merak,▁merak,pre_ambiguity,False,negation,syntactic,before,before,-5
35,2,Seven merak eder,▁eder,pre_ambiguity,False,negation,syntactic,before,before,-5
35,3,Seven merak eder ama,▁ama,cue_onset,False,negation,syntactic,before,before,-5
35,4,Seven merak eder ama sen,▁sen,cue_onset,False,negation,syntactic,before,before,-5
35,5,Seven merak eder ama sen sak,▁sak,cue_onset,False,negation,syntactic,before,before,-5
35,6,Seven merak eder ama sen sakın,ın,cue_onset,False,negation,syntactic,before,before,-5
35,7,Seven merak eder ama sen sakın merak,▁merak,cue_onset,False,negation,syntactic,before,before,-5
35,8,Seven merak eder ama sen sakın merak etme,▁etme,ambiguity_onset,False,negation,syntactic,before,before,-5
35,9,"Seven merak eder ama sen sakın merak etme,",",",post_cue,False,negation,syntactic,before,before,-5
35,10,"Seven merak eder ama sen sakın merak etme, bun",▁bun,post_cue,False,negation,syntactic,before,before,-5
35,11,"Seven merak eder ama sen sakın merak etme, bunalt",alt,post_cue,False,negation,syntactic,before,before,-5
35,12,"Seven merak eder ama sen sakın merak etme, bunaltırs",ırs,post_cue,False,negation,syntactic,before,before,-5
35,13,"Seven merak eder ama sen sakın merak etme, bunaltırsın",ın,post_cue,False,negation,syntactic,before,before,-5
35,14,"Seven merak eder ama sen sakın merak etme, bunaltırsın k",▁k,post_cue,False,negation,syntactic,before,before,-5
35,15,"Seven merak eder ama sen sakın merak etme, bunaltırsın kızı",ızı,post_cue,False,negation,syntactic,before,before,-5
35,16,"Seven merak eder ama sen sakın merak etme, bunaltırsın kızı.",.,full_sentence,True,negation,syntactic,before,before,-5
36,0,Seven,Seven,pre_ambiguity,False,nominalizer,semantic,before,before,-1
36,1,Seven merak,▁merak,pre_ambiguity,False,nominalizer,semantic,before,before,-1
36,2,Seven merak eder,▁eder,pre_ambiguity,False,nominalizer,semantic,before,before,-1
36,3,"Seven merak eder,",",",pre_ambiguity,False,nominalizer,semantic,before,before,-1
36,4,"Seven merak eder, merak",▁merak,cue_onset,False,nominalizer,semantic,before,before,-1
36,5,"Seven merak eder, merak etme",▁etme,ambiguity_onset,False,nominalizer,semantic,before,before,-1
36,6,"Seven merak eder, merak etme aşk",▁aşk,post_cue,False,nominalizer,semantic,before,before,-1
36,7,"Seven merak eder, merak etme aşkın",ın,post_cue,False,nominalizer,semantic,before,before,-1
36,8,"Seven merak eder, merak etme aşkın doğ",▁doğ,post_cue,False,nominalizer,semantic,before,before,-1
36,9,"Seven merak eder, merak etme aşkın doğasında",asında,post_cue,False,nominalizer,semantic,before,before,-1
36,10,"Seven merak eder, merak etme aşkın doğasında vardır",▁vardır,post_cue,False,nominalizer,semantic,before,before,-1
36,11,"Seven merak eder, merak etme aşkın doğasında vardır.",.,full_sentence,True,nominalizer,semantic,before,before,-1
37,0,D,D,pre_ambiguity,False,nominalizer,syntactic,before,before,-7
37,1,Döne,öne,pre_ambiguity,False,nominalizer,syntactic,before,before,-7
37,2,Dönemin,min,pre_ambiguity,False,nominalizer,syntactic,before,before,-7
37,3,Dönemin Ter,▁Ter,pre_ambiguity,False,nominalizer,syntactic,before,before,-7
37,4,Dönemin Tercü,cü,pre_ambiguity,False,nominalizer,syntactic,before,before,-7
37,5,Dönemin Tercüman,man,pre_ambiguity,False,nominalizer,syntactic,before,before,-7
37,6,Dönemin Tercüman gaz,▁gaz,pre_ambiguity,False,nominalizer,syntactic,before,before,-7
37,7,Dönemin Tercüman gazetes,etes,pre_ambiguity,False,nominalizer,syntactic,before,before,-7
37,8,Dönemin Tercüman gazetesinde,inde,pre_ambiguity,False,nominalizer,syntactic,before,before,-7
37,9,Dönemin Tercüman gazetesinde sistem,▁sistem,pre_ambiguity,False,nominalizer,syntactic,before,before,-7
37,10,Dönemin Tercüman gazetesinde sistemli,li,pre_ambiguity,False,nominalizer,syntactic,before,before,-7
37,11,Dönemin Tercüman gazetesinde sistemli olarak,▁olarak,pre_ambiguity,False,nominalizer,syntactic,before,before,-7
37,12,Dönemin Tercüman gazetesinde sistemli olarak Pol,▁Pol,cue_onset,False,nominalizer,syntactic,before,before,-7
37,13,Dönemin Tercüman gazetesinde sistemli olarak Pol-,-,cue_onset,False,nominalizer,syntactic,before,before,-7
37,14,Dönemin Tercüman gazetesinde sistemli olarak Pol-Der,Der,cue_onset,False,nominalizer,syntactic,before,before,-7
37,15,Dönemin Tercüman gazetesinde sistemli olarak Pol-Der a,▁a,cue_onset,False,nominalizer,syntactic,before,before,-7
37,16,Dönemin Tercüman gazetesinde sistemli olarak Pol-Der aley,ley,cue_onset,False,nominalizer,syntactic,before,before,-7
37,17,Dönemin Tercüman gazetesinde sistemli olarak Pol-Der aleyhine,hine,cue_onset,False,nominalizer,syntactic,before,before,-7
37,18,Dönemin Tercüman gazetesinde sistemli olarak Pol-Der aleyhine bir,▁bir,cue_onset,False,nominalizer,syntactic,before,before,-7
37,19,Dönemin Tercüman gazetesinde sistemli olarak Pol-Der aleyhine bir kar,▁kar,ambiguity_onset,False,nominalizer,syntactic,before,before,-7
37,20,Dönemin Tercüman gazetesinde sistemli olarak Pol-Der aleyhine bir karalama,alama,ambiguity_onset,False,nominalizer,syntactic,before,before,-7
37,21,Dönemin Tercüman gazetesinde sistemli olarak Pol-Der aleyhine bir karalama kamp,▁kamp,post_cue,False,nominalizer,syntactic,before,before,-7
37,22,Dönemin Tercüman gazetesinde sistemli olarak Pol-Der aleyhine bir karalama kampany,any,post_cue,False,nominalizer,syntactic,before,before,-7
37,23,Dönemin Tercüman gazetesinde sistemli olarak Pol-Der aleyhine bir karalama kampanyası,ası,post_cue,False,nominalizer,syntactic,before,before,-7
37,24,Dönemin Tercüman gazetesinde sistemli olarak Pol-Der aleyhine bir karalama kampanyası yür,▁yür,post_cue,False,nominalizer,syntactic,before,before,-7
37,25,Dönemin Tercüman gazetesinde sistemli olarak Pol-Der aleyhine bir karalama kampanyası yürüt,üt,post_cue,False,nominalizer,syntactic,before,before,-7
37,26,Dönemin Tercüman gazetesinde sistemli olarak Pol-Der aleyhine bir karalama kampanyası yürütül,ül,post_cue,False,nominalizer,syntactic,before,before,-7
37,27,Dönemin Tercüman gazetesinde sistemli olarak Pol-Der aleyhine bir karalama kampanyası yürütülüy,üy,post_cue,False,nominalizer,syntactic,before,before,-7
37,28,Dönemin Tercüman gazetesinde sistemli olarak Pol-Der aleyhine bir karalama kampanyası yürütülüyordu,ordu,post_cue,False,nominalizer,syntactic,before,before,-7
37,29,Dönemin Tercüman gazetesinde sistemli olarak Pol-Der aleyhine bir karalama kampanyası yürütülüyordu.,.,full_sentence,True,nominalizer,syntactic,before,before,-7
38,0,Bü,Bü,pre_ambiguity,False,nominalizer,syntactic,after,after,1
38,1,Büro,ro,pre_ambiguity,False,nominalizer,syntactic,after,after,1
38,2,Bürokra,kra,pre_ambiguity,False,nominalizer,syntactic,after,after,1
38,3,Bürokrasi,si,pre_ambiguity,False,nominalizer,syntactic,after,after,1
38,4,"Bürokrasi,",",",pre_ambiguity,False,nominalizer,syntactic,after,after,1
38,5,"Bürokrasi, ik",▁ik,pre_ambiguity,False,nominalizer,syntactic,after,after,1
38,6,"Bürokrasi, iktid",tid,pre_ambiguity,False,nominalizer,syntactic,after,after,1
38,7,"Bürokrasi, iktidar",ar,pre_ambiguity,False,nominalizer,syntactic,after,after,1
38,8,"Bürokrasi, iktidarını",ını,pre_ambiguity,False,nominalizer,syntactic,after,after,1
38,9,"Bürokrasi, iktidarını pe",▁pe,pre_ambiguity,False,nominalizer,syntactic,after,after,1
38,10,"Bürokrasi, iktidarını peki",ki,pre_ambiguity,False,nominalizer,syntactic,after,after,1
38,11,"Bürokrasi, iktidarını pekişti",şti,pre_ambiguity,False,nominalizer,syntactic,after,after,1
38,12,"Bürokrasi, iktidarını pekiştirir",rir,pre_ambiguity,False,nominalizer,syntactic,after,after,1
38,13,"Bürokrasi, iktidarını pekiştirirken",ken,pre_ambiguity,False,nominalizer,syntactic,after,after,1
38,14,"Bürokrasi, iktidarını pekiştirirken önce",▁önce,pre_ambiguity,False,nominalizer,syntactic,after,after,1
38,15,"Bürokrasi, iktidarını pekiştirirken önce gerçek",▁gerçek,pre_ambiguity,False,nominalizer,syntactic,after,after,1
38,16,"Bürokrasi, iktidarını pekiştirirken önce gerçekç",ç,pre_ambiguity,False,nominalizer,syntactic,after,after,1
38,17,"Bürokrasi, iktidarını pekiştirirken önce gerçekçile",ile,pre_ambiguity,False,nominalizer,syntactic,after,after,1
38,18,"Bürokrasi, iktidarını pekiştirirken önce gerçekçileş",ş,pre_ambiguity,False,nominalizer,syntactic,after,after,1
38,19,"Bürokrasi, iktidarını pekiştirirken önce gerçekçileşerek",erek,pre_ambiguity,False,nominalizer,syntactic,after,after,1
38,20,"Bürokrasi, iktidarını pekiştirirken önce gerçekçileşerek dünya",▁dünya,pre_ambiguity,False,nominalizer,syntactic,after,after,1
38,21,"Bürokrasi, iktidarını pekiştirirken önce gerçekçileşerek dünya dev",▁dev,pre_ambiguity,False,nominalizer,syntactic,after,after,1
38,22,"Bürokrasi, iktidarını pekiştirirken önce gerçekçileşerek dünya devrim",rim,pre_ambiguity,False,nominalizer,syntactic,after,after,1
38,23,"Bürokrasi, iktidarını pekiştirirken önce gerçekçileşerek dünya devriminden",inden,pre_ambiguity,False,nominalizer,syntactic,after,after,1
38,24,"Bürokrasi, iktidarını pekiştirirken önce gerçekçileşerek dünya devriminden vaz",▁vaz,pre_ambiguity,False,nominalizer,syntactic,after,after,1
38,25,"Bürokrasi, iktidarını pekiştirirken önce gerçekçileşerek dünya devriminden vazgeç",geç,pre_ambiguity,False,nominalizer,syntactic,after,after,1
38,26,"Bürokrasi, iktidarını pekiştirirken önce gerçekçileşerek dünya devriminden vazgeçmiş",miş,pre_ambiguity,False,nominalizer,syntactic,after,after,1
38,27,"Bürokrasi, iktidarını pekiştirirken önce gerçekçileşerek dünya devriminden vazgeçmiş ve",▁ve,pre_ambiguity,False,nominalizer,syntactic,after,after,1
38,28,"Bürokrasi, iktidarını pekiştirirken önce gerçekçileşerek dünya devriminden vazgeçmiş ve tek",▁tek,pre_ambiguity,False,nominalizer,syntactic,after,after,1
38,29,"Bürokrasi, iktidarını pekiştirirken önce gerçekçileşerek dünya devriminden vazgeçmiş ve tek ül",▁ül,pre_ambiguity,False,nominalizer,syntactic,after,after,1
38,30,"Bürokrasi, iktidarını pekiştirirken önce gerçekçileşerek dünya devriminden vazgeçmiş ve tek ülkede",kede,pre_ambiguity,False,nominalizer,syntactic,after,after,1
38,31,"Bürokrasi, iktidarını pekiştirirken önce gerçekçileşerek dünya devriminden vazgeçmiş ve tek ülkede sosyal",▁sosyal,pre_ambiguity,False,nominalizer,syntactic,after,after,1
38,32,"Bürokrasi, iktidarını pekiştirirken önce gerçekçileşerek dünya devriminden vazgeçmiş ve tek ülkede sosyaliz",iz,pre_ambiguity,False,nominalizer,syntactic,after,after,1
38,33,"Bürokrasi, iktidarını pekiştirirken önce gerçekçileşerek dünya devriminden vazgeçmiş ve tek ülkede sosyalizmi",mi,pre_ambiguity,False,nominalizer,syntactic,after,after,1
38,34,"Bürokrasi, iktidarını pekiştirirken önce gerçekçileşerek dünya devriminden vazgeçmiş ve tek ülkede sosyalizmi inşa",▁inşa,pre_ambiguity,False,nominalizer,syntactic,after,after,1
38,35,"Bürokrasi, iktidarını pekiştirirken önce gerçekçileşerek dünya devriminden vazgeçmiş ve tek ülkede sosyalizmi inşa etme",▁etme,ambiguity_onset,False,nominalizer,syntactic,after,after,1
38,36,"Bürokrasi, iktidarını pekiştirirken önce gerçekçileşerek dünya devriminden vazgeçmiş ve tek ülkede sosyalizmi inşa etme yön",▁yön,cue_onset,False,nominalizer,syntactic,after,after,1
38,37,"Bürokrasi, iktidarını pekiştirirken önce gerçekçileşerek dünya devriminden vazgeçmiş ve tek ülkede sosyalizmi inşa etme yöntemi",temi,cue_onset,False,nominalizer,syntactic,after,after,1
38,38,"Bürokrasi, iktidarını pekiştirirken önce gerçekçileşerek dünya devriminden vazgeçmiş ve tek ülkede sosyalizmi inşa etme yöntemi olarak",▁olarak,post_cue,False,nominalizer,syntactic,after,after,1
38,39,"Bürokrasi, iktidarını pekiştirirken önce gerçekçileşerek dünya devriminden vazgeçmiş ve tek ülkede sosyalizmi inşa etme yöntemi olarak ul",▁ul,post_cue,False,nominalizer,syntactic,after,after,1
38,40,"Bürokrasi, iktidarını pekiştirirken önce gerçekçileşerek dünya devriminden vazgeçmiş ve tek ülkede sosyalizmi inşa etme yöntemi olarak ulusal",usal,post_cue,False,nominalizer,syntactic,after,after,1
38,41,"Bürokrasi, iktidarını pekiştirirken önce gerçekçileşerek dünya devriminden vazgeçmiş ve tek ülkede sosyalizmi inşa etme yöntemi olarak ulusal kalk",▁kalk,post_cue,False,nominalizer,syntactic,after,after,1
38,42,"Bürokrasi, iktidarını pekiştirirken önce gerçekçileşerek dünya devriminden vazgeçmiş ve tek ülkede sosyalizmi inşa etme yöntemi olarak ulusal kalkın",ın,post_cue,False,nominalizer,syntactic,after,after,1
38,43,"Bürokrasi, iktidarını pekiştirirken önce gerçekçileşerek dünya devriminden vazgeçmiş ve tek ülkede sosyalizmi inşa etme yöntemi olarak ulusal kalkınmayı",mayı,post_cue,False,nominalizer,syntactic,after,after,1
38,44,"Bürokrasi, iktidarını pekiştirirken önce gerçekçileşerek dünya devriminden vazgeçmiş ve tek ülkede sosyalizmi inşa etme yöntemi olarak ulusal kalkınmayı ve",▁ve,post_cue,False,nominalizer,syntactic,after,after,1
38,45,"Bürokrasi, iktidarını pekiştirirken önce gerçekçileşerek dünya devriminden vazgeçmiş ve tek ülkede sosyalizmi inşa etme yöntemi olarak ulusal kalkınmayı ve san",▁san,post_cue,False,nominalizer,syntactic,after,after,1
38,46,"Bürokrasi, iktidarını pekiştirirken önce gerçekçileşerek dünya devriminden vazgeçmiş ve tek ülkede sosyalizmi inşa etme yöntemi olarak ulusal kalkınmayı ve sanay",ay,post_cue,False,nominalizer,syntactic,after,after,1
38,47,"Bürokrasi, iktidarını pekiştirirken önce gerçekçileşerek dünya devriminden vazgeçmiş ve tek ülkede sosyalizmi inşa etme yöntemi olarak ulusal kalkınmayı ve sanayile",ile,post_cue,False,nominalizer,syntactic,after,after,1
38,48,"Bürokrasi, iktidarını pekiştirirken önce gerçekçileşerek dünya devriminden vazgeçmiş ve tek ülkede sosyalizmi inşa etme yöntemi olarak ulusal kalkınmayı ve sanayileş",ş,post_cue,False,nominalizer,syntactic,after,after,1
38,49,"Bürokrasi, iktidarını pekiştirirken önce gerçekçileşerek dünya devriminden vazgeçmiş ve tek ülkede sosyalizmi inşa etme yöntemi olarak ulusal kalkınmayı ve sanayileşmeyi",meyi,post_cue,False,nominalizer,syntactic,after,after,1
38,50,"Bürokrasi, iktidarını pekiştirirken önce gerçekçileşerek dünya devriminden vazgeçmiş ve tek ülkede sosyalizmi inşa etme yöntemi olarak ulusal kalkınmayı ve sanayileşmeyi öne",▁öne,post_cue,False,nominalizer,syntactic,after,after,1
38,51,"Bürokrasi, iktidarını pekiştirirken önce gerçekçileşerek dünya devriminden vazgeçmiş ve tek ülkede sosyalizmi inşa etme yöntemi olarak ulusal kalkınmayı ve sanayileşmeyi öne çık",▁çık,post_cue,False,nominalizer,syntactic,after,after,1
38,52,"Bürokrasi, iktidarını pekiştirirken önce gerçekçileşerek dünya devriminden vazgeçmiş ve tek ülkede sosyalizmi inşa etme yöntemi olarak ulusal kalkınmayı ve sanayileşmeyi öne çıkarm",arm,post_cue,False,nominalizer,syntactic,after,after,1
38,53,"Bürokrasi, iktidarını pekiştirirken önce gerçekçileşerek dünya devriminden vazgeçmiş ve tek ülkede sosyalizmi inşa etme yöntemi olarak ulusal kalkınmayı ve sanayileşmeyi öne çıkarmış",ış,post_cue,False,nominalizer,syntactic,after,after,1
38,54,"Bürokrasi, iktidarını pekiştirirken önce gerçekçileşerek dünya devriminden vazgeçmiş ve tek ülkede sosyalizmi inşa etme yöntemi olarak ulusal kalkınmayı ve sanayileşmeyi öne çıkarmış,",",",post_cue,False,nominalizer,syntactic,after,after,1
38,55,"Bürokrasi, iktidarını pekiştirirken önce gerçekçileşerek dünya devriminden vazgeçmiş ve tek ülkede sosyalizmi inşa etme yöntemi olarak ulusal kalkınmayı ve sanayileşmeyi öne çıkarmış, ardından",▁ardından,post_cue,False,nominalizer,syntactic,after,after,1
38,56,"Bürokrasi, iktidarını pekiştirirken önce gerçekçileşerek dünya devriminden vazgeçmiş ve tek ülkede sosyalizmi inşa etme yöntemi olarak ulusal kalkınmayı ve sanayileşmeyi öne çıkarmış, ardından ve",▁ve,post_cue,False,nominalizer,syntactic,after,after,1
38,57,"Bürokrasi, iktidarını pekiştirirken önce gerçekçileşerek dünya devriminden vazgeçmiş ve tek ülkede sosyalizmi inşa etme yöntemi olarak ulusal kalkınmayı ve sanayileşmeyi öne çıkarmış, ardından ve buna",▁buna,post_cue,False,nominalizer,syntactic,after,after,1
38,58,"Bürokrasi, iktidarını pekiştirirken önce gerçekçileşerek dünya devriminden vazgeçmiş ve tek ülkede sosyalizmi inşa etme yöntemi olarak ulusal kalkınmayı ve sanayileşmeyi öne çıkarmış, ardından ve buna uygun",▁uygun,post_cue,False,nominalizer,syntactic,after,after,1
38,59,"Bürokrasi, iktidarını pekiştirirken önce gerçekçileşerek dünya devriminden vazgeçmiş ve tek ülkede sosyalizmi inşa etme yöntemi olarak ulusal kalkınmayı ve sanayileşmeyi öne çıkarmış, ardından ve buna uygun olarak",▁olarak,post_cue,False,nominalizer,syntactic,after,after,1
38,60,"Bürokrasi, iktidarını pekiştirirken önce gerçekçileşerek dünya devriminden vazgeçmiş ve tek ülkede sosyalizmi inşa etme yöntemi olarak ulusal kalkınmayı ve sanayileşmeyi öne çıkarmış, ardından ve buna uygun olarak,",",",post_cue,False,nominalizer,syntactic,after,after,1
38,61,"Bürokrasi, iktidarını pekiştirirken önce gerçekçileşerek dünya devriminden vazgeçmiş ve tek ülkede sosyalizmi inşa etme yöntemi olarak ulusal kalkınmayı ve sanayileşmeyi öne çıkarmış, ardından ve buna uygun olarak, milli",▁milli,post_cue,False,nominalizer,syntactic,after,after,1
38,62,"Bürokrasi, iktidarını pekiştirirken önce gerçekçileşerek dünya devriminden vazgeçmiş ve tek ülkede sosyalizmi inşa etme yöntemi olarak ulusal kalkınmayı ve sanayileşmeyi öne çıkarmış, ardından ve buna uygun olarak, milliyet",yet,post_cue,False,nominalizer,syntactic,after,after,1
38,63,"Bürokrasi, iktidarını pekiştirirken önce gerçekçileşerek dünya devriminden vazgeçmiş ve tek ülkede sosyalizmi inşa etme yöntemi olarak ulusal kalkınmayı ve sanayileşmeyi öne çıkarmış, ardından ve buna uygun olarak, milliyetç",ç,post_cue,False,nominalizer,syntactic,after,after,1
38,64,"Bürokrasi, iktidarını pekiştirirken önce gerçekçileşerek dünya devriminden vazgeçmiş ve tek ülkede sosyalizmi inşa etme yöntemi olarak ulusal kalkınmayı ve sanayileşmeyi öne çıkarmış, ardından ve buna uygun olarak, milliyetçili",ili,post_cue,False,nominalizer,syntactic,after,after,1
38,65,"Bürokrasi, iktidarını pekiştirirken önce gerçekçileşerek dünya devriminden vazgeçmiş ve tek ülkede sosyalizmi inşa etme yöntemi olarak ulusal kalkınmayı ve sanayileşmeyi öne çıkarmış, ardından ve buna uygun olarak, milliyetçiliği",ği,post_cue,False,nominalizer,syntactic,after,after,1
38,66,"Bürokrasi, iktidarını pekiştirirken önce gerçekçileşerek dünya devriminden vazgeçmiş ve tek ülkede sosyalizmi inşa etme yöntemi olarak ulusal kalkınmayı ve sanayileşmeyi öne çıkarmış, ardından ve buna uygun olarak, milliyetçiliği Mark",▁Mark,post_cue,False,nominalizer,syntactic,after,after,1
38,67,"Bürokrasi, iktidarını pekiştirirken önce gerçekçileşerek dünya devriminden vazgeçmiş ve tek ülkede sosyalizmi inşa etme yöntemi olarak ulusal kalkınmayı ve sanayileşmeyi öne çıkarmış, ardından ve buna uygun olarak, milliyetçiliği Marksiz",siz,post_cue,False,nominalizer,syntactic,after,after,1
38,68,"Bürokrasi, iktidarını pekiştirirken önce gerçekçileşerek dünya devriminden vazgeçmiş ve tek ülkede sosyalizmi inşa etme yöntemi olarak ulusal kalkınmayı ve sanayileşmeyi öne çıkarmış, ardından ve buna uygun olarak, milliyetçiliği Marksizmin",min,post_cue,False,nominalizer,syntactic,after,after,1
38,69,"Bürokrasi, iktidarını pekiştirirken önce gerçekçileşerek dünya devriminden vazgeçmiş ve tek ülkede sosyalizmi inşa etme yöntemi olarak ulusal kalkınmayı ve sanayileşmeyi öne çıkarmış, ardından ve buna uygun olarak, milliyetçiliği Marksizmin iç",▁iç,post_cue,False,nominalizer,syntactic,after,after,1
38,70,"Bürokrasi, iktidarını pekiştirirken önce gerçekçileşerek dünya devriminden vazgeçmiş ve tek ülkede sosyalizmi inşa etme yöntemi olarak ulusal kalkınmayı ve sanayileşmeyi öne çıkarmış, ardından ve buna uygun olarak, milliyetçiliği Marksizmin içsel",sel,post_cue,False,nominalizer,syntactic,after,after,1
38,71,"Bürokrasi, iktidarını pekiştirirken önce gerçekçileşerek dünya devriminden vazgeçmiş ve tek ülkede sosyalizmi inşa etme yöntemi olarak ulusal kalkınmayı ve sanayileşmeyi öne çıkarmış, ardından ve buna uygun olarak, milliyetçiliği Marksizmin içsel ve",▁ve,post_cue,False,nominalizer,syntactic,after,after,1
38,72,"Bürokrasi, iktidarını pekiştirirken önce gerçekçileşerek dünya devriminden vazgeçmiş ve tek ülkede sosyalizmi inşa etme yöntemi olarak ulusal kalkınmayı ve sanayileşmeyi öne çıkarmış, ardından ve buna uygun olarak, milliyetçiliği Marksizmin içsel ve doğal",▁doğal,post_cue,False,nominalizer,syntactic,after,after,1
38,73,"Bürokrasi, iktidarını pekiştirirken önce gerçekçileşerek dünya devriminden vazgeçmiş ve tek ülkede sosyalizmi inşa etme yöntemi olarak ulusal kalkınmayı ve sanayileşmeyi öne çıkarmış, ardından ve buna uygun olarak, milliyetçiliği Marksizmin içsel ve doğal bir",▁bir,post_cue,False,nominalizer,syntactic,after,after,1
38,74,"Bürokrasi, iktidarını pekiştirirken önce gerçekçileşerek dünya devriminden vazgeçmiş ve tek ülkede sosyalizmi inşa etme yöntemi olarak ulusal kalkınmayı ve sanayileşmeyi öne çıkarmış, ardından ve buna uygun olarak, milliyetçiliği Marksizmin içsel ve doğal bir uns",▁uns,post_cue,False,nominalizer,syntactic,after,after,1
38,75,"Bürokrasi, iktidarını pekiştirirken önce gerçekçileşerek dünya devriminden vazgeçmiş ve tek ülkede sosyalizmi inşa etme yöntemi olarak ulusal kalkınmayı ve sanayileşmeyi öne çıkarmış, ardından ve buna uygun olarak, milliyetçiliği Marksizmin içsel ve doğal bir unsuru",uru,post_cue,False,nominalizer,syntactic,after,after,1
38,76,"Bürokrasi, iktidarını pekiştirirken önce gerçekçileşerek dünya devriminden vazgeçmiş ve tek ülkede sosyalizmi inşa etme yöntemi olarak ulusal kalkınmayı ve sanayileşmeyi öne çıkarmış, ardından ve buna uygun olarak, milliyetçiliği Marksizmin içsel ve doğal bir unsuru olarak",▁olarak,post_cue,False,nominalizer,syntactic,after,after,1
38,77,"Bürokrasi, iktidarını pekiştirirken önce gerçekçileşerek dünya devriminden vazgeçmiş ve tek ülkede sosyalizmi inşa etme yöntemi olarak ulusal kalkınmayı ve sanayileşmeyi öne çıkarmış, ardından ve buna uygun olarak, milliyetçiliği Marksizmin içsel ve doğal bir unsuru olarak teor",▁teor,post_cue,False,nominalizer,syntactic,after,after,1
38,78,"Bürokrasi, iktidarını pekiştirirken önce gerçekçileşerek dünya devriminden vazgeçmiş ve tek ülkede sosyalizmi inşa etme yöntemi olarak ulusal kalkınmayı ve sanayileşmeyi öne çıkarmış, ardından ve buna uygun olarak, milliyetçiliği Marksizmin içsel ve doğal bir unsuru olarak teorize",ize,post_cue,False,nominalizer,syntactic,after,after,1
38,79,"Bürokrasi, iktidarını pekiştirirken önce gerçekçileşerek dünya devriminden vazgeçmiş ve tek ülkede sosyalizmi inşa etme yöntemi olarak ulusal kalkınmayı ve sanayileşmeyi öne çıkarmış, ardından ve buna uygun olarak, milliyetçiliği Marksizmin içsel ve doğal bir unsuru olarak teorize et",▁et,post_cue,False,nominalizer,syntactic,after,after,1
38,80,"Bürokrasi, iktidarını pekiştirirken önce gerçekçileşerek dünya devriminden vazgeçmiş ve tek ülkede sosyalizmi inşa etme yöntemi olarak ulusal kalkınmayı ve sanayileşmeyi öne çıkarmış, ardından ve buna uygun olarak, milliyetçiliği Marksizmin içsel ve doğal bir unsuru olarak teorize etmiştir",miştir,post_cue,False,nominalizer,syntactic,after,after,1
38,81,"Bürokrasi, iktidarını pekiştirirken önce gerçekçileşerek dünya devriminden vazgeçmiş ve tek ülkede sosyalizmi inşa etme yöntemi olarak ulusal kalkınmayı ve sanayileşmeyi öne çıkarmış, ardından ve buna uygun olarak, milliyetçiliği Marksizmin içsel ve doğal bir unsuru olarak teorize etmiştir.",.,full_sentence,True,nominalizer,syntactic,after,after,1
39,0,Bu,Bu,pre_ambiguity,False,nominalizer,syntactic,after,after,1
39,1,Bu mah,▁mah,pre_ambiguity,False,nominalizer,syntactic,after,after,1
39,2,Bu mahke,ke,pre_ambiguity,False,nominalizer,syntactic,after,after,1
39,3,Bu mahkemeler,meler,pre_ambiguity,False,nominalizer,syntactic,after,after,1
39,4,Bu mahkemeler bü,▁bü,pre_ambiguity,False,nominalizer,syntactic,after,after,1
39,5,Bu mahkemeler büny,ny,pre_ambiguity,False,nominalizer,syntactic,after,after,1
39,6,Bu mahkemeler bünyesinde,esinde,pre_ambiguity,False,nominalizer,syntactic,after,after,1
39,7,Bu mahkemeler bünyesinde sosyal,▁sosyal,pre_ambiguity,False,nominalizer,syntactic,after,after,1
39,8,Bu mahkemeler bünyesinde sosyal hizmet,▁hizmet,pre_ambiguity,False,nominalizer,syntactic,after,after,1
39,9,Bu mahkemeler bünyesinde sosyal hizmet uzman,▁uzman,pre_ambiguity,False,nominalizer,syntactic,after,after,1
39,10,Bu mahkemeler bünyesinde sosyal hizmet uzmanları,ları,pre_ambiguity,False,nominalizer,syntactic,after,after,1
39,11,Bu mahkemeler bünyesinde sosyal hizmet uzmanları görev,▁görev,pre_ambiguity,False,nominalizer,syntactic,after,after,1
39,12,Bu mahkemeler bünyesinde sosyal hizmet uzmanları görev al,▁al,pre_ambiguity,False,nominalizer,syntactic,after,after,1
39,13,Bu mahkemeler bünyesinde sosyal hizmet uzmanları görev almalı,malı,pre_ambiguity,False,nominalizer,syntactic,after,after,1
39,14,"Bu mahkemeler bünyesinde sosyal hizmet uzmanları görev almalı,",",",pre_ambiguity,False,nominalizer,syntactic,after,after,1
39,15,"Bu mahkemeler bünyesinde sosyal hizmet uzmanları görev almalı, ayrıca",▁ayrıca,pre_ambiguity,False,nominalizer,syntactic,after,after,1
39,16,"Bu mahkemeler bünyesinde sosyal hizmet uzmanları görev almalı, ayrıca psi",▁psi,pre_ambiguity,False,nominalizer,syntactic,after,after,1
39,17,"Bu mahkemeler bünyesinde sosyal hizmet uzmanları görev almalı, ayrıca psikolog",kolog,pre_ambiguity,False,nominalizer,syntactic,after,after,1
39,18,"Bu mahkemeler bünyesinde sosyal hizmet uzmanları görev almalı, ayrıca psikolog,",",",pre_ambiguity,False,nominalizer,syntactic,after,after,1
39,19,"Bu mahkemeler bünyesinde sosyal hizmet uzmanları görev almalı, ayrıca psikolog, pedagog",▁pedagog,pre_ambiguity,False,nominalizer,syntactic,after,after,1
39,20,"Bu mahkemeler bünyesinde sosyal hizmet uzmanları görev almalı, ayrıca psikolog, pedagog ve",▁ve,pre_ambiguity,False,nominalizer,syntactic,after,after,1
39,21,"Bu mahkemeler bünyesinde sosyal hizmet uzmanları görev almalı, ayrıca psikolog, pedagog ve sosyal",▁sosyal,pre_ambiguity,False,nominalizer,syntactic,after,after,1
39,22,"Bu mahkemeler bünyesinde sosyal hizmet uzmanları görev almalı, ayrıca psikolog, pedagog ve sosyal çalışma",▁çalışma,ambiguity_onset,False,nominalizer,syntactic,after,after,1
39,23,"Bu mahkemeler bünyesinde sosyal hizmet uzmanları görev almalı, ayrıca psikolog, pedagog ve sosyal çalışma uzman",▁uzman,cue_onset,False,nominalizer,syntactic,after,after,1
39,24,"Bu mahkemeler bünyesinde sosyal hizmet uzmanları görev almalı, ayrıca psikolog, pedagog ve sosyal çalışma uzmanlarından",larından,cue_onset,False,nominalizer,syntactic,after,after,1
39,25,"Bu mahkemeler bünyesinde sosyal hizmet uzmanları görev almalı, ayrıca psikolog, pedagog ve sosyal çalışma uzmanlarından oluşan",▁oluşan,post_cue,False,nominalizer,syntactic,after,after,1
39,26,"Bu mahkemeler bünyesinde sosyal hizmet uzmanları görev almalı, ayrıca psikolog, pedagog ve sosyal çalışma uzmanlarından oluşan bir",▁bir,post_cue,False,nominalizer,syntactic,after,after,1
39,27,"Bu mahkemeler bünyesinde sosyal hizmet uzmanları görev almalı, ayrıca psikolog, pedagog ve sosyal çalışma uzmanlarından oluşan bir b",▁b,post_cue,False,nominalizer,syntactic,after,after,1
39,28,"Bu mahkemeler bünyesinde sosyal hizmet uzmanları görev almalı, ayrıca psikolog, pedagog ve sosyal çalışma uzmanlarından oluşan bir bilir",ilir,post_cue,False,nominalizer,syntactic,after,after,1
39,29,"Bu mahkemeler bünyesinde sosyal hizmet uzmanları görev almalı, ayrıca psikolog, pedagog ve sosyal çalışma uzmanlarından oluşan bir bilirki",ki,post_cue,False,nominalizer,syntactic,after,after,1
39,30,"Bu mahkemeler bünyesinde sosyal hizmet uzmanları görev almalı, ayrıca psikolog, pedagog ve sosyal çalışma uzmanlarından oluşan bir bilirkiş",ş,post_cue,False,nominalizer,syntactic,after,after,1
39,31,"Bu mahkemeler bünyesinde sosyal hizmet uzmanları görev almalı, ayrıca psikolog, pedagog ve sosyal çalışma uzmanlarından oluşan bir bilirkişilik",ilik,post_cue,False,nominalizer,syntactic,after,after,1
39,32,"Bu mahkemeler bünyesinde sosyal hizmet uzmanları görev almalı, ayrıca psikolog, pedagog ve sosyal çalışma uzmanlarından oluşan bir bilirkişilik kur",▁kur,post_cue,False,nominalizer,syntactic,after,after,1
39,33,"Bu mahkemeler bünyesinde sosyal hizmet uzmanları görev almalı, ayrıca psikolog, pedagog ve sosyal çalışma uzmanlarından oluşan bir bilirkişilik kurumu",umu,post_cue,False,nominalizer,syntactic,after,after,1
39,34,"Bu mahkemeler bünyesinde sosyal hizmet uzmanları görev almalı, ayrıca psikolog, pedagog ve sosyal çalışma uzmanlarından oluşan bir bilirkişilik kurumu oluştur",▁oluştur,post_cue,False,nominalizer,syntactic,after,after,1
39,35,"Bu mahkemeler bünyesinde sosyal hizmet uzmanları görev almalı, ayrıca psikolog, pedagog ve sosyal çalışma uzmanlarından oluşan bir bilirkişilik kurumu oluşturul",ul,post_cue,False,nominalizer,syntactic,after,after,1
39,36,"Bu mahkemeler bünyesinde sosyal hizmet uzmanları görev almalı, ayrıca psikolog, pedagog ve sosyal çalışma uzmanlarından oluşan bir bilirkişilik kurumu oluşturulmalıdır",malıdır,post_cue,False,nominalizer,syntactic,after,after,1
39,37,"Bu mahkemeler bünyesinde sosyal hizmet uzmanları görev almalı, ayrıca psikolog, pedagog ve sosyal çalışma uzmanlarından oluşan bir bilirkişilik kurumu oluşturulmalıdır.",.,full_sentence,True,nominalizer,syntactic,after,after,1
46,0,H,H,pre_ambiguity,False,negation,semantic,before,before,-5
46,1,Hava,ava,pre_ambiguity,False,negation,semantic,before,before,-5
46,2,Hava çok,▁çok,pre_ambiguity,False,negation,semantic,before,before,-5
46,3,Hava çok soğ,▁soğ,pre_ambiguity,False,negation,semantic,before,before,-5
46,4,Hava çok soğuk,uk,pre_ambiguity,False,negation,semantic,before,before,-5
46,5,"Hava çok soğuk,",",",pre_ambiguity,False,negation,semantic,before,before,-5
46,6,"Hava çok soğuk, sen",▁sen,cue_onset,False,negation,semantic,before,before,-5
46,7,"Hava çok soğuk, sen sak",▁sak,cue_onset,False,negation,semantic,before,before,-5
46,8,"Hava çok soğuk, sen sakın",ın,cue_onset,False,negation,semantic,before,before,-5
46,9,"Hava çok soğuk, sen sakın ev",▁ev,cue_onset,False,negation,semantic,before,before,-5
46,10,"Hava çok soğuk, sen sakın evden",den,cue_onset,False,negation,semantic,before,before,-5
46,11,"Hava çok soğuk, sen sakın evden çık",▁çık,ambiguity_onset,False,negation,semantic,before,before,-5
46,12,"Hava çok soğuk, sen sakın evden çıkma",ma,ambiguity_onset,False,negation,semantic,before,before,-5
46,13,"Hava çok soğuk, sen sakın evden çıkma.",.,full_sentence,True,negation,semantic,before,before,-5
47,0,Ek,Ek,ambiguity_onset,False,negation,syntactic,after,after,2
47,1,Ekme,me,ambiguity_onset,False,negation,syntactic,after,after,2
47,2,Ekme de,▁de,cue_onset,False,negation,syntactic,after,after,2
47,3,Ekme dedim,dim,cue_onset,False,negation,syntactic,after,after,2
47,4,Ekme dedim ama,▁ama,cue_onset,False,negation,syntactic,after,after,2
47,5,Ekme dedim ama din,▁din,cue_onset,False,negation,syntactic,after,after,2
47,6,Ekme dedim ama dinle,le,cue_onset,False,negation,syntactic,after,after,2
47,7,Ekme dedim ama dinlemedi,medi,cue_onset,False,negation,syntactic,after,after,2
47,8,"Ekme dedim ama dinlemedi ,","▁,",post_cue,False,negation,syntactic,after,after,2
47,9,"Ekme dedim ama dinlemedi , bütün",▁bütün,post_cue,False,negation,syntactic,after,after,2
47,10,"Ekme dedim ama dinlemedi , bütün paras",▁paras,post_cue,False,negation,syntactic,after,after,2
47,11,"Ekme dedim ama dinlemedi , bütün parasını",ını,post_cue,False,negation,syntactic,after,after,2
47,12,"Ekme dedim ama dinlemedi , bütün parasını kaybet",▁kaybet,post_cue,False,negation,syntactic,after,after,2
47,13,"Ekme dedim ama dinlemedi , bütün parasını kaybetmiş",miş,post_cue,False,negation,syntactic,after,after,2
47,14,"Ekme dedim ama dinlemedi , bütün parasını kaybetmiş .",▁.,full_sentence,True,negation,syntactic,after,after,2
48,0,B,B,pre_ambiguity,False,negation,syntactic,after,after,2
48,1,Bütün,ütün,pre_ambiguity,False,negation,syntactic,after,after,2
48,2,Bütün bu,▁bu,pre_ambiguity,False,negation,syntactic,after,after,2
48,3,Bütün bu proj,▁proj,pre_ambiguity,False,negation,syntactic,after,after,2
48,4,Bütün bu projeler,eler,pre_ambiguity,False,negation,syntactic,after,after,2
48,5,Bütün bu projeler sü,▁sü,pre_ambiguity,False,negation,syntactic,after,after,2
48,6,Bütün bu projeler süres,res,pre_ambiguity,False,negation,syntactic,after,after,2
48,7,Bütün bu projeler süresince,ince,pre_ambiguity,False,negation,syntactic,after,after,2
48,8,Bütün bu projeler süresince is,▁is,pre_ambiguity,False,negation,syntactic,after,after,2
48,9,Bütün bu projeler süresince israfa,rafa,pre_ambiguity,False,negation,syntactic,after,after,2
48,10,Bütün bu projeler süresince israfa kaç,▁kaç,ambiguity_onset,False,negation,syntactic,after,after,2
48,11,Bütün bu projeler süresince israfa kaçma,ma,ambiguity_onset,False,negation,syntactic,after,after,2
48,12,Bütün bu projeler süresince israfa kaçma l,▁l,cue_onset,False,negation,syntactic,after,after,2
48,13,Bütün bu projeler süresince israfa kaçma lütfen,ütfen,cue_onset,False,negation,syntactic,after,after,2
48,14,Bütün bu projeler süresince israfa kaçma lütfen mümkün,▁mümkün,cue_onset,False,negation,syntactic,after,after,2
48,15,Bütün bu projeler süresince israfa kaçma lütfen mümkünse,se,cue_onset,False,negation,syntactic,after,after,2
48,16,Bütün bu projeler süresince israfa kaçma lütfen mümkünse .,▁.,full_sentence,True,negation,syntactic,after,after,2
50,0,Dur,Dur,pre_ambiguity,False,negation,syntactic,before,before,-4
50,1,Durup,up,pre_ambiguity,False,negation,syntactic,before,before,-4
50,2,Durup dur,▁dur,cue_onset,False,negation,syntactic,before,before,-4
50,3,Durup durup,up,cue_onset,False,negation,syntactic,before,before,-4
50,4,Durup durup kı,▁kı,cue_onset,False,negation,syntactic,before,before,-4
50,5,Durup durup kıza,za,cue_onset,False,negation,syntactic,before,before,-4
50,6,Durup durup kıza elle,▁elle,ambiguity_onset,False,negation,syntactic,before,before,-4
50,7,Durup durup kıza elleşme,şme,ambiguity_onset,False,negation,syntactic,before,before,-4
50,8,Durup durup kıza elleşme!,!,full_sentence,True,negation,syntactic,before,before,-4
51,0,N,N,pre_ambiguity,False,negation,syntactic,before,before,-1
51,1,Nerede,erede,pre_ambiguity,False,negation,syntactic,before,before,-1
51,2,Nerede güzel,▁güzel,pre_ambiguity,False,negation,syntactic,before,before,-1
51,3,Nerede güzel gö,▁gö,pre_ambiguity,False,negation,syntactic,before,before,-1
51,4,Nerede güzel görsen,rsen,pre_ambiguity,False,negation,syntactic,before,before,-1
51,5,Nerede güzel görsen ona,▁ona,cue_onset,False,negation,syntactic,before,before,-1
51,6,Nerede güzel görsen ona çev,▁çev,ambiguity_onset,False,negation,syntactic,before,before,-1
51,7,Nerede güzel görsen ona çevril,ril,ambiguity_onset,False,negation,syntactic,before,before,-1
51,8,Nerede güzel görsen ona çevrilme,me,ambiguity_onset,False,negation,syntactic,before,before,-1
51,9,"Nerede güzel görsen ona çevrilme ,","▁,",post_cue,False,negation,syntactic,before,before,-1
51,10,"Nerede güzel görsen ona çevrilme , bizim",▁bizim,post_cue,False,negation,syntactic,before,before,-1
51,11,"Nerede güzel görsen ona çevrilme , bizim il",▁il,post_cue,False,negation,syntactic,before,before,-1
51,12,"Nerede güzel görsen ona çevrilme , bizim ilde",de,post_cue,False,negation,syntactic,before,before,-1
51,13,"Nerede güzel görsen ona çevrilme , bizim ilde cana",▁cana,post_cue,False,negation,syntactic,before,before,-1
51,14,"Nerede güzel görsen ona çevrilme , bizim ilde cana kı",▁kı,post_cue,False,negation,syntactic,before,before,-1
51,15,"Nerede güzel görsen ona çevrilme , bizim ilde cana kıyan",yan,post_cue,False,negation,syntactic,before,before,-1
51,16,"Nerede güzel görsen ona çevrilme , bizim ilde cana kıyan bey",▁bey,post_cue,False,negation,syntactic,before,before,-1
51,17,"Nerede güzel görsen ona çevrilme , bizim ilde cana kıyan beyler",ler,post_cue,False,negation,syntactic,before,before,-1
51,18,"Nerede güzel görsen ona çevrilme , bizim ilde cana kıyan beyler var",▁var,full_sentence,True,negation,syntactic,before,before,-1
53,0,N,N,pre_ambiguity,False,negation,syntactic,after,after,3
53,1,Nerede,erede,pre_ambiguity,False,negation,syntactic,after,after,3
53,2,Nerede güzel,▁güzel,pre_ambiguity,False,negation,syntactic,after,after,3
53,3,Nerede güzel gö,▁gö,pre_ambiguity,False,negation,syntactic,after,after,3
53,4,Nerede güzel görsen,rsen,pre_ambiguity,False,negation,syntactic,after,after,3
53,5,Nerede güzel görsen ona,▁ona,pre_ambiguity,False,negation,syntactic,after,after,3
53,6,Nerede güzel görsen ona çe,▁çe,ambiguity_onset,False,negation,syntactic,after,after,3
53,7,Nerede güzel görsen ona çevir,vir,ambiguity_onset,False,negation,syntactic,after,after,3
53,8,Nerede güzel görsen ona çevirme,me,ambiguity_onset,False,negation,syntactic,after,after,3
53,9,Nerede güzel görsen ona çevirme ni,▁ni,cue_onset,False,negation,syntactic,after,after,3
53,10,Nerede güzel görsen ona çevirme niyet,yet,cue_onset,False,negation,syntactic,after,after,3
53,11,Nerede güzel görsen ona çevirme niyetin,in,cue_onset,False,negation,syntactic,after,after,3
53,12,Nerede güzel görsen ona çevirme niyetin oluyor,▁oluyor,cue_onset,False,negation,syntactic,after,after,3
53,13,"Nerede güzel görsen ona çevirme niyetin oluyor ,","▁,",post_cue,False,negation,syntactic,after,after,3
53,14,"Nerede güzel görsen ona çevirme niyetin oluyor , bizim",▁bizim,post_cue,False,negation,syntactic,after,after,3
53,15,"Nerede güzel görsen ona çevirme niyetin oluyor , bizim il",▁il,post_cue,False,negation,syntactic,after,after,3
53,16,"Nerede güzel görsen ona çevirme niyetin oluyor , bizim ilde",de,post_cue,False,negation,syntactic,after,after,3
53,17,"Nerede güzel görsen ona çevirme niyetin oluyor , bizim ilde cana",▁cana,post_cue,False,negation,syntactic,after,after,3
53,18,"Nerede güzel görsen ona çevirme niyetin oluyor , bizim ilde cana kı",▁kı,post_cue,False,negation,syntactic,after,after,3
53,19,"Nerede güzel görsen ona çevirme niyetin oluyor , bizim ilde cana kıyan",yan,post_cue,False,negation,syntactic,after,after,3
53,20,"Nerede güzel görsen ona çevirme niyetin oluyor , bizim ilde cana kıyan bey",▁bey,post_cue,False,negation,syntactic,after,after,3
53,21,"Nerede güzel görsen ona çevirme niyetin oluyor , bizim ilde cana kıyan beyler",ler,post_cue,False,negation,syntactic,after,after,3
53,22,"Nerede güzel görsen ona çevirme niyetin oluyor , bizim ilde cana kıyan beyler var",▁var,full_sentence,True,negation,syntactic,after,after,3
54,0,Ge,Ge,pre_ambiguity,False,negation,syntactic,before,before,-2
54,1,Gece,ce,pre_ambiguity,False,negation,syntactic,before,before,-2
54,2,Geceleyin,leyin,pre_ambiguity,False,negation,syntactic,before,before,-2
54,3,Geceleyin bel,▁bel,cue_onset,False,negation,syntactic,before,before,-2
54,4,Geceleyin belanı,anı,cue_onset,False,negation,syntactic,before,before,-2
54,5,Geceleyin belanı ara,▁ara,ambiguity_onset,False,negation,syntactic,before,before,-2
54,6,Geceleyin belanı arama,ma,ambiguity_onset,False,negation,syntactic,before,before,-2
54,7,"Geceleyin belanı arama ,","▁,",post_cue,False,negation,syntactic,before,before,-2
54,8,"Geceleyin belanı arama , hay",▁hay,post_cue,False,negation,syntactic,before,before,-2
54,9,"Geceleyin belanı arama , haydi",di,post_cue,False,negation,syntactic,before,before,-2
54,10,"Geceleyin belanı arama , haydi ner",▁ner,post_cue,False,negation,syntactic,before,before,-2
54,11,"Geceleyin belanı arama , haydi nerden",den,post_cue,False,negation,syntactic,before,before,-2
54,12,"Geceleyin belanı arama , haydi nerden geld",▁geld,post_cue,False,negation,syntactic,before,before,-2
54,13,"Geceleyin belanı arama , haydi nerden geldinse",inse,post_cue,False,negation,syntactic,before,before,-2
54,14,"Geceleyin belanı arama , haydi nerden geldinse bas",▁bas,post_cue,False,negation,syntactic,before,before,-2
54,15,"Geceleyin belanı arama , haydi nerden geldinse bas git",▁git,post_cue,False,negation,syntactic,before,before,-2
54,16,"Geceleyin belanı arama , haydi nerden geldinse bas git or",▁or,post_cue,False,negation,syntactic,before,before,-2
54,17,"Geceleyin belanı arama , haydi nerden geldinse bas git oraya",aya,post_cue,False,negation,syntactic,before,before,-2
54,18,"Geceleyin belanı arama , haydi nerden geldinse bas git oraya .",▁.,full_sentence,True,negation,syntactic,before,before,-2
55,0,O,O,pre_ambiguity,False,nominalizer,syntactic,after,after,2
55,1,O kork,▁kork,pre_ambiguity,False,nominalizer,syntactic,after,after,2
55,2,O korkuyu,uyu,pre_ambiguity,False,nominalizer,syntactic,after,after,2
55,3,O korkuyu çok,▁çok,pre_ambiguity,False,nominalizer,syntactic,after,after,2
55,4,O korkuyu çoktan,tan,pre_ambiguity,False,nominalizer,syntactic,after,after,2
55,5,O korkuyu çoktan tü,▁tü,pre_ambiguity,False,nominalizer,syntactic,after,after,2
55,6,O korkuyu çoktan tüket,ket,pre_ambiguity,False,nominalizer,syntactic,after,after,2
55,7,O korkuyu çoktan tüketmiş,miş,pre_ambiguity,False,nominalizer,syntactic,after,after,2
55,8,O korkuyu çoktan tüketmiştim,tim,pre_ambiguity,False,nominalizer,syntactic,after,after,2
55,9,O korkuyu çoktan tüketmiştim ama,▁ama,pre_ambiguity,False,nominalizer,syntactic,after,after,2
55,10,O korkuyu çoktan tüketmiştim ama bab,▁bab,pre_ambiguity,False,nominalizer,syntactic,after,after,2
55,11,O korkuyu çoktan tüketmiştim ama babama,ama,pre_ambiguity,False,nominalizer,syntactic,after,after,2
55,12,O korkuyu çoktan tüketmiştim ama babama in,▁in,ambiguity_onset,False,nominalizer,syntactic,after,after,2
55,13,O korkuyu çoktan tüketmiştim ama babama inme,me,ambiguity_onset,False,nominalizer,syntactic,after,after,2
55,14,O korkuyu çoktan tüketmiştim ama babama inme in,▁in,cue_onset,False,nominalizer,syntactic,after,after,2
55,15,O korkuyu çoktan tüketmiştim ama babama inme inebilir,ebilir,cue_onset,False,nominalizer,syntactic,after,after,2
55,16,O korkuyu çoktan tüketmiştim ama babama inme inebilirdi,di,cue_onset,False,nominalizer,syntactic,after,after,2
55,17,O korkuyu çoktan tüketmiştim ama babama inme inebilirdi .,▁.,full_sentence,True,nominalizer,syntactic,after,after,2
56,0,Her,Her,cue_onset,False,negation,syntactic,before,before,-5
56,1,Her dil,▁dil,cue_onset,False,negation,syntactic,before,before,-5
56,2,Her dilbere,bere,cue_onset,False,negation,syntactic,before,before,-5
56,3,Her dilbere me,▁me,cue_onset,False,negation,syntactic,before,before,-5
56,4,Her dilbere meyil,yil,cue_onset,False,negation,syntactic,before,before,-5
56,5,Her dilbere meyil verme,▁verme,ambiguity_onset,False,negation,syntactic,before,before,-5
56,6,Her dilbere meyil verme /,▁/,post_cue,False,negation,syntactic,before,before,-5
56,7,Her dilbere meyil verme / Ya,▁Ya,post_cue,False,negation,syntactic,before,before,-5
56,8,Her dilbere meyil verme / Ya sevi,▁sevi,post_cue,False,negation,syntactic,before,before,-5
56,9,Her dilbere meyil verme / Ya sevilir,lir,post_cue,False,negation,syntactic,before,before,-5
56,10,Her dilbere meyil verme / Ya sevilir ya,▁ya,post_cue,False,negation,syntactic,before,before,-5
56,11,Her dilbere meyil verme / Ya sevilir ya se,▁se,post_cue,False,negation,syntactic,before,before,-5
56,12,Her dilbere meyil verme / Ya sevilir ya sevil,vil,post_cue,False,negation,syntactic,before,before,-5
56,13,Her dilbere meyil verme / Ya sevilir ya sevilmez,mez,full_sentence,True,negation,syntactic,before,before,-5
58,0,Her,Her,pre_ambiguity,False,nominalizer,syntactic,after,after,1
58,1,Her dil,▁dil,pre_ambiguity,False,nominalizer,syntactic,after,after,1
58,2,Her dilbere,bere,pre_ambiguity,False,nominalizer,syntactic,after,after,1
58,3,Her dilbere me,▁me,pre_ambiguity,False,nominalizer,syntactic,after,after,1
58,4,Her dilbere meyil,yil,pre_ambiguity,False,nominalizer,syntactic,after,after,1
58,5,Her dilbere meyil verme,▁verme,ambiguity_onset,False,nominalizer,syntactic,after,after,1
58,6,Her dilbere meyil verme l,▁l,cue_onset,False,nominalizer,syntactic,after,after,1
58,7,Her dilbere meyil verme lüz,üz,cue_onset,False,nominalizer,syntactic,after,after,1
58,8,Her dilbere meyil verme lüzumu,umu,cue_onset,False,nominalizer,syntactic,after,after,1
58,9,Her dilbere meyil verme lüzumu yok,▁yok,cue_onset,False,nominalizer,syntactic,after,after,1
58,10,Her dilbere meyil verme lüzumu yok /,▁/,post_cue,False,nominalizer,syntactic,after,after,1
58,11,Her dilbere meyil verme lüzumu yok / Ya,▁Ya,post_cue,False,nominalizer,syntactic,after,after,1
58,12,Her dilbere meyil verme lüzumu yok / Ya sevi,▁sevi,post_cue,False,nominalizer,syntactic,after,after,1
58,13,Her dilbere meyil verme lüzumu yok / Ya sevilir,lir,post_cue,False,nominalizer,syntactic,after,after,1
58,14,Her dilbere meyil verme lüzumu yok / Ya sevilir ya,▁ya,post_cue,False,nominalizer,syntactic,after,after,1
58,15,Her dilbere meyil verme lüzumu yok / Ya sevilir ya se,▁se,post_cue,False,nominalizer,syntactic,after,after,1
58,16,Her dilbere meyil verme lüzumu yok / Ya sevilir ya sevil,vil,post_cue,False,nominalizer,syntactic,after,after,1
58,17,Her dilbere meyil verme lüzumu yok / Ya sevilir ya sevilmez,mez,full_sentence,True,nominalizer,syntactic,after,after,1
59,0,Bu,Bu,cue_onset,False,negation,syntactic,before,before,-3
59,1,Bu kolay,▁kolay,cue_onset,False,negation,syntactic,before,before,-3
59,2,Bu kolay işi,▁işi,cue_onset,False,negation,syntactic,before,before,-3
59,3,Bu kolay işi güç,▁güç,ambiguity_onset,False,negation,syntactic,before,before,-3
59,4,Bu kolay işi güçleştir,leştir,ambiguity_onset,False,negation,syntactic,before,before,-3
59,5,Bu kolay işi güçleştirme,me,ambiguity_onset,False,negation,syntactic,before,before,-3
59,6,Bu kolay işi güçleştirme y,▁y,post_cue,False,negation,syntactic,before,before,-3
59,7,Bu kolay işi güçleştirme yav,av,post_cue,False,negation,syntactic,before,before,-3
59,8,Bu kolay işi güçleştirme yavrum,rum,post_cue,False,negation,syntactic,before,before,-3
59,9,Bu kolay işi güçleştirme yavrum ;,▁;,post_cue,False,negation,syntactic,before,before,-3
59,10,Bu kolay işi güçleştirme yavrum ; arkadaş,▁arkadaş,post_cue,False,negation,syntactic,before,before,-3
59,11,Bu kolay işi güçleştirme yavrum ; arkadaş ol,▁ol,post_cue,False,negation,syntactic,before,before,-3
59,12,Bu kolay işi güçleştirme yavrum ; arkadaş ol benim,▁benim,post_cue,False,negation,syntactic,before,before,-3
59,13,Bu kolay işi güçleştirme yavrum ; arkadaş ol benimle,le,post_cue,False,negation,syntactic,before,before,-3
59,14,"Bu kolay işi güçleştirme yavrum ; arkadaş ol benimle ,","▁,",post_cue,False,negation,syntactic,before,before,-3
59,15,"Bu kolay işi güçleştirme yavrum ; arkadaş ol benimle , s",▁s,post_cue,False,negation,syntactic,before,before,-3
59,16,"Bu kolay işi güçleştirme yavrum ; arkadaş ol benimle , sır",ır,post_cue,False,negation,syntactic,before,before,-3
59,17,"Bu kolay işi güçleştirme yavrum ; arkadaş ol benimle , sırda",da,post_cue,False,negation,syntactic,before,before,-3
59,18,"Bu kolay işi güçleştirme yavrum ; arkadaş ol benimle , sırdaş",ş,post_cue,False,negation,syntactic,before,before,-3
59,19,"Bu kolay işi güçleştirme yavrum ; arkadaş ol benimle , sırdaş ol",▁ol,post_cue,False,negation,syntactic,before,before,-3
59,20,"Bu kolay işi güçleştirme yavrum ; arkadaş ol benimle , sırdaş ol .",▁.,full_sentence,True,negation,syntactic,before,before,-3
60,0,Ben,Ben,cue_onset,False,negation,syntactic,before,before,-7
60,1,Beni,i,cue_onset,False,negation,syntactic,before,before,-7
60,2,Beni bu,▁bu,cue_onset,False,negation,syntactic,before,before,-7
60,3,Beni bu kadar,▁kadar,cue_onset,False,negation,syntactic,before,before,-7
60,4,Beni bu kadar yü,▁yü,cue_onset,False,negation,syntactic,before,before,-7
60,5,Beni bu kadar yürek,rek,cue_onset,False,negation,syntactic,before,before,-7
60,6,Beni bu kadar yürekten,ten,cue_onset,False,negation,syntactic,before,before,-7
60,7,Beni bu kadar yürekten çağ,▁çağ,ambiguity_onset,False,negation,syntactic,before,before,-7
60,8,Beni bu kadar yürekten çağır,ır,ambiguity_onset,False,negation,syntactic,before,before,-7
60,9,Beni bu kadar yürekten çağırma,ma,ambiguity_onset,False,negation,syntactic,before,before,-7
60,10,Beni bu kadar yürekten çağırma  ,▁▁,post_cue,False,negation,syntactic,before,before,-7
60,11,Beni bu kadar yürekten çağırma  /,/,post_cue,False,negation,syntactic,before,before,-7
60,12,Beni bu kadar yürekten çağırma  / Bir,▁Bir,post_cue,False,negation,syntactic,before,before,-7
60,13,Beni bu kadar yürekten çağırma  / Bir gece,▁gece,post_cue,False,negation,syntactic,before,before,-7
60,14,Beni bu kadar yürekten çağırma  / Bir gece ans,▁ans,post_cue,False,negation,syntactic,before,before,-7
60,15,Beni bu kadar yürekten çağırma  / Bir gece ansız,ız,post_cue,False,negation,syntactic,before,before,-7
60,16,Beni bu kadar yürekten çağırma  / Bir gece ansızın,ın,post_cue,False,negation,syntactic,before,before,-7
60,17,Beni bu kadar yürekten çağırma  / Bir gece ansızın gele,▁gele,post_cue,False,negation,syntactic,before,before,-7
60,18,Beni bu kadar yürekten çağırma  / Bir gece ansızın gelebili,bili,post_cue,False,negation,syntactic,before,before,-7
60,19,Beni bu kadar yürekten çağırma  / Bir gece ansızın gelebilirim,rim,full_sentence,True,negation,syntactic,before,before,-7
62,0,Ben,Ben,pre_ambiguity,False,nominalizer,syntactic,after,after,3
62,1,Beni,i,pre_ambiguity,False,nominalizer,syntactic,after,after,3
62,2,Beni bu,▁bu,pre_ambiguity,False,nominalizer,syntactic,after,after,3
62,3,Beni bu kadar,▁kadar,pre_ambiguity,False,nominalizer,syntactic,after,after,3
62,4,Beni bu kadar yü,▁yü,pre_ambiguity,False,nominalizer,syntactic,after,after,3
62,5,Beni bu kadar yürek,rek,pre_ambiguity,False,nominalizer,syntactic,after,after,3
62,6,Beni bu kadar yürekten,ten,pre_ambiguity,False,nominalizer,syntactic,after,after,3
62,7,Beni bu kadar yürekten çağ,▁çağ,ambiguity_onset,False,nominalizer,syntactic,after,after,3
62,8,Beni bu kadar yürekten çağır,ır,ambiguity_onset,False,nominalizer,syntactic,after,after,3
62,9,Beni bu kadar yürekten çağırma,ma,ambiguity_onset,False,nominalizer,syntactic,after,after,3
62,10,Beni bu kadar yürekten çağırma gere,▁gere,cue_onset,False,nominalizer,syntactic,after,after,3
62,11,Beni bu kadar yürekten çağırma gereği,ği,cue_onset,False,nominalizer,syntactic,after,after,3
62,12,Beni bu kadar yürekten çağırma gereği gör,▁gör,post_cue,False,nominalizer,syntactic,after,after,3
62,13,Beni bu kadar yürekten çağırma gereği görme,me,post_cue,False,nominalizer,syntactic,after,after,3
62,14,Beni bu kadar yürekten çağırma gereği görmemiş,miş,post_cue,False,nominalizer,syntactic,after,after,3
62,15,Beni bu kadar yürekten çağırma gereği görmemişsin,sin,post_cue,False,nominalizer,syntactic,after,after,3
62,16,Beni bu kadar yürekten çağırma gereği görmemişsin.,.,full_sentence,True,nominalizer,syntactic,after,after,3
63,0,Ali,Ali,pre_ambiguity,False,negation,syntactic,before,before,-4
63,1,Ali',',pre_ambiguity,False,negation,syntactic,before,before,-4
63,2,Ali'ye,ye,pre_ambiguity,False,negation,syntactic,before,before,-4
63,3,Ali'ye de,▁de,pre_ambiguity,False,negation,syntactic,before,before,-4
63,4,Ali'ye dedim,dim,pre_ambiguity,False,negation,syntactic,before,before,-4
63,5,Ali'ye dedim zaten,▁zaten,pre_ambiguity,False,negation,syntactic,before,before,-4
63,6,Ali'ye dedim zaten sen,▁sen,cue_onset,False,negation,syntactic,before,before,-4
63,7,Ali'ye dedim zaten sen bab,▁bab,cue_onset,False,negation,syntactic,before,before,-4
63,8,Ali'ye dedim zaten sen baban,an,cue_onset,False,negation,syntactic,before,before,-4
63,9,Ali'ye dedim zaten sen baban gibi,▁gibi,cue_onset,False,negation,syntactic,before,before,-4
63,10,Ali'ye dedim zaten sen baban gibi olma,▁olma,ambiguity_onset,False,negation,syntactic,before,before,-4
63,11,Ali'ye dedim zaten sen baban gibi olma diye,▁diye,post_cue,False,negation,syntactic,before,before,-4
63,12,"Ali'ye dedim zaten sen baban gibi olma diye,",",",post_cue,False,negation,syntactic,before,before,-4
63,13,"Ali'ye dedim zaten sen baban gibi olma diye, duy",▁duy,post_cue,False,negation,syntactic,before,before,-4
63,14,"Ali'ye dedim zaten sen baban gibi olma diye, duydu",du,post_cue,False,negation,syntactic,before,before,-4
63,15,"Ali'ye dedim zaten sen baban gibi olma diye, duyduysa",ysa,post_cue,False,negation,syntactic,before,before,-4
63,16,"Ali'ye dedim zaten sen baban gibi olma diye, duyduysa ne",▁ne,post_cue,False,negation,syntactic,before,before,-4
63,17,"Ali'ye dedim zaten sen baban gibi olma diye, duyduysa ne ala",▁ala,post_cue,False,negation,syntactic,before,before,-4
63,18,"Ali'ye dedim zaten sen baban gibi olma diye, duyduysa ne ala.",.,full_sentence,True,negation,syntactic,before,before,-4
64,0,Art,Art,pre_ambiguity,False,negation,syntactic,before,before,-2
64,1,Artık,ık,pre_ambiguity,False,negation,syntactic,before,before,-2
64,2,Artık sana,▁sana,pre_ambiguity,False,negation,syntactic,before,before,-2
64,3,Artık sana da,▁da,pre_ambiguity,False,negation,syntactic,before,before,-2
64,4,Artık sana da ',▁',pre_ambiguity,False,negation,syntactic,before,before,-2
64,5,Artık sana da 'Kar,Kar,cue_onset,False,negation,syntactic,before,before,-2
64,6,Artık sana da 'Karını,ını,cue_onset,False,negation,syntactic,before,before,-2
64,7,Artık sana da 'Karını ald,▁ald,ambiguity_onset,False,negation,syntactic,before,before,-2
64,8,Artık sana da 'Karını aldat,at,ambiguity_onset,False,negation,syntactic,before,before,-2
64,9,Artık sana da 'Karını aldatma,ma,ambiguity_onset,False,negation,syntactic,before,before,-2
64,10,Artık sana da 'Karını aldatma!',!',post_cue,False,negation,syntactic,before,before,-2
64,11,Artık sana da 'Karını aldatma!' de,▁de,post_cue,False,negation,syntactic,before,before,-2
64,12,Artık sana da 'Karını aldatma!' demem,mem,post_cue,False,negation,syntactic,before,before,-2
64,13,Artık sana da 'Karını aldatma!' dememiz,iz,post_cue,False,negation,syntactic,before,before,-2
64,14,Artık sana da 'Karını aldatma!' dememiz gere,▁gere,post_cue,False,negation,syntactic,before,before,-2
64,15,Artık sana da 'Karını aldatma!' dememiz gerekiy,kiy,post_cue,False,negation,syntactic,before,before,-2
64,16,Artık sana da 'Karını aldatma!' dememiz gerekiyorsa,orsa,post_cue,False,negation,syntactic,before,before,-2
64,17,Artık sana da 'Karını aldatma!' dememiz gerekiyorsa biz,▁biz,post_cue,False,negation,syntactic,before,before,-2
64,18,Artık sana da 'Karını aldatma!' dememiz gerekiyorsa biz ö,▁ö,post_cue,False,negation,syntactic,before,before,-2
64,19,Artık sana da 'Karını aldatma!' dememiz gerekiyorsa biz öle,le,post_cue,False,negation,syntactic,before,before,-2
64,20,Artık sana da 'Karını aldatma!' dememiz gerekiyorsa biz ölelim,lim,post_cue,False,negation,syntactic,before,before,-2
64,21,Artık sana da 'Karını aldatma!' dememiz gerekiyorsa biz ölelim.,.,full_sentence,True,negation,syntactic,before,before,-2
66,0,B,B,pre_ambiguity,False,negation,syntactic,before,before,-13
66,1,Bakan,akan,pre_ambiguity,False,negation,syntactic,before,before,-13
66,2,Bakan',',pre_ambiguity,False,negation,syntactic,before,before,-13
66,3,Bakan'ın,ın,pre_ambiguity,False,negation,syntactic,before,before,-13
66,4,Bakan'ın yaptığı,▁yaptığı,pre_ambiguity,False,negation,syntactic,before,before,-13
66,5,Bakan'ın yaptığı açıklama,▁açıklama,pre_ambiguity,False,negation,syntactic,before,before,-13
66,6,Bakan'ın yaptığı açıklamada,da,pre_ambiguity,False,negation,syntactic,before,before,-13
66,7,Bakan'ın yaptığı açıklamada en,▁en,pre_ambiguity,False,negation,syntactic,before,before,-13
66,8,Bakan'ın yaptığı açıklamada en öne,▁öne,pre_ambiguity,False,negation,syntactic,before,before,-13
66,9,Bakan'ın yaptığı açıklamada en öne çıkan,▁çıkan,pre_ambiguity,False,negation,syntactic,before,before,-13
66,10,Bakan'ın yaptığı açıklamada en öne çıkan nok,▁nok,pre_ambiguity,False,negation,syntactic,before,before,-13
66,11,Bakan'ın yaptığı açıklamada en öne çıkan nokta,ta,pre_ambiguity,False,negation,syntactic,before,before,-13
66,12,"Bakan'ın yaptığı açıklamada en öne çıkan nokta,",",",pre_ambiguity,False,negation,syntactic,before,before,-13
66,13,"Bakan'ın yaptığı açıklamada en öne çıkan nokta, eğitim",▁eğitim,cue_onset,False,negation,syntactic,before,before,-13
66,14,"Bakan'ın yaptığı açıklamada en öne çıkan nokta, eğitimcil",cil,cue_onset,False,negation,syntactic,before,before,-13
66,15,"Bakan'ın yaptığı açıklamada en öne çıkan nokta, eğitimcilere",ere,cue_onset,False,negation,syntactic,before,before,-13
66,16,"Bakan'ın yaptığı açıklamada en öne çıkan nokta, eğitimcilere ver",▁ver,cue_onset,False,negation,syntactic,before,before,-13
66,17,"Bakan'ın yaptığı açıklamada en öne çıkan nokta, eğitimcilere verilen",ilen,cue_onset,False,negation,syntactic,before,before,-13
66,18,"Bakan'ın yaptığı açıklamada en öne çıkan nokta, eğitimcilere verilen emir",▁emir,cue_onset,False,negation,syntactic,before,before,-13
66,19,"Bakan'ın yaptığı açıklamada en öne çıkan nokta, eğitimcilere verilen emirdi",di,cue_onset,False,negation,syntactic,before,before,-13
66,20,"Bakan'ın yaptığı açıklamada en öne çıkan nokta, eğitimcilere verilen emirdi:",:,cue_onset,False,negation,syntactic,before,before,-13
66,21,"Bakan'ın yaptığı açıklamada en öne çıkan nokta, eğitimcilere verilen emirdi: K",▁K,cue_onset,False,negation,syntactic,before,before,-13
66,22,"Bakan'ın yaptığı açıklamada en öne çıkan nokta, eğitimcilere verilen emirdi: Kopy",opy,cue_onset,False,negation,syntactic,before,before,-13
66,23,"Bakan'ın yaptığı açıklamada en öne çıkan nokta, eğitimcilere verilen emirdi: Kopyaya",aya,cue_onset,False,negation,syntactic,before,before,-13
66,24,"Bakan'ın yaptığı açıklamada en öne çıkan nokta, eğitimcilere verilen emirdi: Kopyaya müs",▁müs,cue_onset,False,negation,syntactic,before,before,-13
66,25,"Bakan'ın yaptığı açıklamada en öne çıkan nokta, eğitimcilere verilen emirdi: Kopyaya müsamaha",amaha,cue_onset,False,negation,syntactic,before,before,-13
66,26,"Bakan'ın yaptığı açıklamada en öne çıkan nokta, eğitimcilere verilen emirdi: Kopyaya müsamaha göster",▁göster,ambiguity_onset,False,negation,syntactic,before,before,-13
66,27,"Bakan'ın yaptığı açıklamada en öne çıkan nokta, eğitimcilere verilen emirdi: Kopyaya müsamaha gösterme",me,ambiguity_onset,False,negation,syntactic,before,before,-13
66,28,"Bakan'ın yaptığı açıklamada en öne çıkan nokta, eğitimcilere verilen emirdi: Kopyaya müsamaha gösterme.",.,full_sentence,True,negation,syntactic,before,before,-13
67,0,AB,AB,pre_ambiguity,False,negation,syntactic,before,before,-13
67,1,AB',',pre_ambiguity,False,negation,syntactic,before,before,-13
67,2,AB'den,den,pre_ambiguity,False,negation,syntactic,before,before,-13
67,3,AB'den Google,▁Google,pre_ambiguity,False,negation,syntactic,before,before,-13
67,4,AB'den Google',',pre_ambiguity,False,negation,syntactic,before,before,-13
67,5,AB'den Google'a,a,pre_ambiguity,False,negation,syntactic,before,before,-13
67,6,AB'den Google'a çok,▁çok,cue_onset,False,negation,syntactic,before,before,-13
67,7,AB'den Google'a çok sert,▁sert,cue_onset,False,negation,syntactic,before,before,-13
67,8,AB'den Google'a çok sert çık,▁çık,cue_onset,False,negation,syntactic,before,before,-13
67,9,AB'den Google'a çok sert çıkış,ış,cue_onset,False,negation,syntactic,before,before,-13
67,10,AB'den Google'a çok sert çıkış:,:,cue_onset,False,negation,syntactic,before,before,-13
67,11,AB'den Google'a çok sert çıkış: Ara,▁Ara,cue_onset,False,negation,syntactic,before,before,-13
67,12,AB'den Google'a çok sert çıkış: Arama,ma,cue_onset,False,negation,syntactic,before,before,-13
67,13,AB'den Google'a çok sert çıkış: Arama ver,▁ver,cue_onset,False,negation,syntactic,before,before,-13
67,14,AB'den Google'a çok sert çıkış: Arama verilerini,ilerini,cue_onset,False,negation,syntactic,before,before,-13
67,15,AB'den Google'a çok sert çıkış: Arama verilerini sun,▁sun,cue_onset,False,negation,syntactic,before,before,-13
67,16,AB'den Google'a çok sert çıkış: Arama verilerini sunuc,uc,cue_onset,False,negation,syntactic,before,before,-13
67,17,AB'den Google'a çok sert çıkış: Arama verilerini sunucular,ular,cue_onset,False,negation,syntactic,before,before,-13
67,18,AB'den Google'a çok sert çıkış: Arama verilerini sunucularında,ında,cue_onset,False,negation,syntactic,before,before,-13
67,19,AB'den Google'a çok sert çıkış: Arama verilerini sunucularında sak,▁sak,ambiguity_onset,False,negation,syntactic,before,before,-13
67,20,AB'den Google'a çok sert çıkış: Arama verilerini sunucularında saklama,lama,ambiguity_onset,False,negation,syntactic,before,before,-13
67,21,AB'den Google'a çok sert çıkış: Arama verilerini sunucularında saklama.,.,full_sentence,True,negation,syntactic,before,before,-13
68,0,Y,Y,cue_onset,False,negation,syntactic,before,before,-12
68,1,Yapt,apt,cue_onset,False,negation,syntactic,before,before,-12
68,2,Yaptığın,ığın,cue_onset,False,negation,syntactic,before,before,-12
68,3,Yaptığın yan,▁yan,cue_onset,False,negation,syntactic,before,before,-12
68,4,Yaptığın yanlı,lı,cue_onset,False,negation,syntactic,before,before,-12
68,5,Yaptığın yanlışı,şı,cue_onset,False,negation,syntactic,before,before,-12
68,6,Yaptığın yanlışı benim,▁benim,cue_onset,False,negation,syntactic,before,before,-12
68,7,Yaptığın yanlışı benim karşı,▁karşı,cue_onset,False,negation,syntactic,before,before,-12
68,8,Yaptığın yanlışı benim karşıma,ma,cue_onset,False,negation,syntactic,before,before,-12
68,9,Yaptığın yanlışı benim karşıma geç,▁geç,cue_onset,False,negation,syntactic,before,before,-12
68,10,Yaptığın yanlışı benim karşıma geçip,ip,cue_onset,False,negation,syntactic,before,before,-12
68,11,Yaptığın yanlışı benim karşıma geçip de,▁de,cue_onset,False,negation,syntactic,before,before,-12
68,12,Yaptığın yanlışı benim karşıma geçip de sav,▁sav,ambiguity_onset,False,negation,syntactic,before,before,-12
68,13,Yaptığın yanlışı benim karşıma geçip de savun,un,ambiguity_onset,False,negation,syntactic,before,before,-12
68,14,Yaptığın yanlışı benim karşıma geçip de savunma,ma,ambiguity_onset,False,negation,syntactic,before,before,-12
68,15,Yaptığın yanlışı benim karşıma geçip de savunma artık,▁artık,post_cue,False,negation,syntactic,before,before,-12
68,16,"Yaptığın yanlışı benim karşıma geçip de savunma artık,",",",post_cue,False,negation,syntactic,before,before,-12
68,17,"Yaptığın yanlışı benim karşıma geçip de savunma artık, kendini",▁kendini,post_cue,False,negation,syntactic,before,before,-12
68,18,"Yaptığın yanlışı benim karşıma geçip de savunma artık, kendini küçük",▁küçük,post_cue,False,negation,syntactic,before,before,-12
68,19,"Yaptığın yanlışı benim karşıma geçip de savunma artık, kendini küçük düş",▁düş,post_cue,False,negation,syntactic,before,before,-12
68,20,"Yaptığın yanlışı benim karşıma geçip de savunma artık, kendini küçük düşür",ür,post_cue,False,negation,syntactic,before,before,-12
68,21,"Yaptığın yanlışı benim karşıma geçip de savunma artık, kendini küçük düşürüy",üy,post_cue,False,negation,syntactic,before,before,-12
68,22,"Yaptığın yanlışı benim karşıma geçip de savunma artık, kendini küçük düşürüyors",ors,post_cue,False,negation,syntactic,before,before,-12
68,23,"Yaptığın yanlışı benim karşıma geçip de savunma artık, kendini küçük düşürüyorsun",un,post_cue,False,negation,syntactic,before,before,-12
68,24,"Yaptığın yanlışı benim karşıma geçip de savunma artık, kendini küçük düşürüyorsun.",.,full_sentence,True,negation,syntactic,before,before,-12
69,0,Mig,Mig,pre_ambiguity,False,negation,syntactic,before,before,-6
69,1,Migren,ren,pre_ambiguity,False,negation,syntactic,before,before,-6
69,2,Migrenini,ini,pre_ambiguity,False,negation,syntactic,before,before,-6
69,3,Migrenini te,▁te,pre_ambiguity,False,negation,syntactic,before,before,-6
69,4,Migrenini tetik,tik,pre_ambiguity,False,negation,syntactic,before,before,-6
69,5,Migrenini tetiklemek,lemek,pre_ambiguity,False,negation,syntactic,before,before,-6
69,6,Migrenini tetiklemek is,▁is,pre_ambiguity,False,negation,syntactic,before,before,-6
69,7,Migrenini tetiklemek istem,tem,pre_ambiguity,False,negation,syntactic,before,before,-6
69,8,Migrenini tetiklemek istemiy,iy,pre_ambiguity,False,negation,syntactic,before,before,-6
69,9,Migrenini tetiklemek istemiyors,ors,pre_ambiguity,False,negation,syntactic,before,before,-6
69,10,Migrenini tetiklemek istemiyorsan,an,pre_ambiguity,False,negation,syntactic,before,before,-6
69,11,Migrenini tetiklemek istemiyorsan tav,▁tav,cue_onset,False,negation,syntactic,before,before,-6
69,12,Migrenini tetiklemek istemiyorsan tavand,and,cue_onset,False,negation,syntactic,before,before,-6
69,13,Migrenini tetiklemek istemiyorsan tavandaki,aki,cue_onset,False,negation,syntactic,before,before,-6
69,14,Migrenini tetiklemek istemiyorsan tavandaki beyaz,▁beyaz,cue_onset,False,negation,syntactic,before,before,-6
69,15,Migrenini tetiklemek istemiyorsan tavandaki beyaz ış,▁ış,cue_onset,False,negation,syntactic,before,before,-6
69,16,Migrenini tetiklemek istemiyorsan tavandaki beyaz ışığı,ığı,cue_onset,False,negation,syntactic,before,before,-6
69,17,Migrenini tetiklemek istemiyorsan tavandaki beyaz ışığı yak,▁yak,ambiguity_onset,False,negation,syntactic,before,before,-6
69,18,Migrenini tetiklemek istemiyorsan tavandaki beyaz ışığı yakma,ma,ambiguity_onset,False,negation,syntactic,before,before,-6
69,19,Migrenini tetiklemek istemiyorsan tavandaki beyaz ışığı yakma.,.,full_sentence,True,negation,syntactic,before,before,-6
70,0,Ali,Ali,cue_onset,False,nominalizer,syntactic,before,before,-8
70,1,Ali',',cue_onset,False,nominalizer,syntactic,before,before,-8
70,2,Ali'nin,nin,cue_onset,False,nominalizer,syntactic,before,before,-8
70,3,Ali'nin ni,▁ni,cue_onset,False,nominalizer,syntactic,before,before,-8
70,4,Ali'nin niyeti,yeti,cue_onset,False,nominalizer,syntactic,before,before,-8
70,5,Ali'nin niyeti zaten,▁zaten,cue_onset,False,nominalizer,syntactic,before,before,-8
70,6,Ali'nin niyeti zaten oku,▁oku,post_cue_pre_ambiguity,False,nominalizer,syntactic,before,before,-8
70,7,Ali'nin niyeti zaten okula,la,post_cue_pre_ambiguity,False,nominalizer,syntactic,before,before,-8
70,8,Ali'nin niyeti zaten okula git,▁git,ambiguity_onset,False,nominalizer,syntactic,before,before,-8
70,9,Ali'nin niyeti zaten okula gitme,me,ambiguity_onset,False,nominalizer,syntactic,before,before,-8
70,10,Ali'nin niyeti zaten okula gitme ols,▁ols,post_cue,False,nominalizer,syntactic,before,before,-8
70,11,Ali'nin niyeti zaten okula gitme olsay,ay,post_cue,False,nominalizer,syntactic,before,before,-8
70,12,Ali'nin niyeti zaten okula gitme olsaydı,dı,post_cue,False,nominalizer,syntactic,before,before,-8
70,13,Ali'nin niyeti zaten okula gitme olsaydı hali,▁hali,post_cue,False,nominalizer,syntactic,before,before,-8
70,14,Ali'nin niyeti zaten okula gitme olsaydı hali tav,▁tav,post_cue,False,nominalizer,syntactic,before,before,-8
70,15,Ali'nin niyeti zaten okula gitme olsaydı hali tavrı,rı,post_cue,False,nominalizer,syntactic,before,before,-8
70,16,Ali'nin niyeti zaten okula gitme olsaydı hali tavrı baş,▁baş,post_cue,False,nominalizer,syntactic,before,before,-8
70,17,Ali'nin niyeti zaten okula gitme olsaydı hali tavrı baştan,tan,post_cue,False,nominalizer,syntactic,before,before,-8
70,18,Ali'nin niyeti zaten okula gitme olsaydı hali tavrı baştan bamb,▁bamb,post_cue,False,nominalizer,syntactic,before,before,-8
70,19,Ali'nin niyeti zaten okula gitme olsaydı hali tavrı baştan bambaş,aş,post_cue,False,nominalizer,syntactic,before,before,-8
70,20,Ali'nin niyeti zaten okula gitme olsaydı hali tavrı baştan bambaşka,ka,post_cue,False,nominalizer,syntactic,before,before,-8
70,21,Ali'nin niyeti zaten okula gitme olsaydı hali tavrı baştan bambaşka olur,▁olur,post_cue,False,nominalizer,syntactic,before,before,-8
70,22,Ali'nin niyeti zaten okula gitme olsaydı hali tavrı baştan bambaşka olurdu,du,post_cue,False,nominalizer,syntactic,before,before,-8
70,23,Ali'nin niyeti zaten okula gitme olsaydı hali tavrı baştan bambaşka olurdu.,.,full_sentence,True,nominalizer,syntactic,before,before,-8
71,0,Ak,Ak,cue_onset,False,nominalizer,syntactic,before,before,-9
71,1,Akif,if,cue_onset,False,nominalizer,syntactic,before,before,-9
71,2,Akif',',cue_onset,False,nominalizer,syntactic,before,before,-9
71,3,Akif'in,in,cue_onset,False,nominalizer,syntactic,before,before,-9
71,4,Akif'in ni,▁ni,cue_onset,False,nominalizer,syntactic,before,before,-9
71,5,Akif'in niyet,yet,cue_onset,False,nominalizer,syntactic,before,before,-9
71,6,Akif'in niyetinin,inin,cue_onset,False,nominalizer,syntactic,before,before,-9
71,7,Akif'in niyetinin kar,▁kar,cue_onset,False,nominalizer,syntactic,before,before,-9
71,8,Akif'in niyetinin karısını,ısını,cue_onset,False,nominalizer,syntactic,before,before,-9
71,9,Akif'in niyetinin karısını ald,▁ald,ambiguity_onset,False,nominalizer,syntactic,before,before,-9
71,10,Akif'in niyetinin karısını aldat,at,ambiguity_onset,False,nominalizer,syntactic,before,before,-9
71,11,Akif'in niyetinin karısını aldatma,ma,ambiguity_onset,False,nominalizer,syntactic,before,before,-9
71,12,Akif'in niyetinin karısını aldatma olduğunu,▁olduğunu,post_cue,False,nominalizer,syntactic,before,before,-9
71,13,Akif'in niyetinin karısını aldatma olduğunu hiç,▁hiç,post_cue,False,nominalizer,syntactic,before,before,-9
71,14,Akif'in niyetinin karısını aldatma olduğunu hiçbi,bi,post_cue,False,nominalizer,syntactic,before,before,-9
71,15,Akif'in niyetinin karısını aldatma olduğunu hiçbirim,rim,post_cue,False,nominalizer,syntactic,before,before,-9
71,16,Akif'in niyetinin karısını aldatma olduğunu hiçbirimiz,iz,post_cue,False,nominalizer,syntactic,before,before,-9
71,17,Akif'in niyetinin karısını aldatma olduğunu hiçbirimiz bil,▁bil,post_cue,False,nominalizer,syntactic,before,before,-9
71,18,Akif'in niyetinin karısını aldatma olduğunu hiçbirimiz bilmiy,miy,post_cue,False,nominalizer,syntactic,before,before,-9
71,19,Akif'in niyetinin karısını aldatma olduğunu hiçbirimiz bilmiyord,ord,post_cue,False,nominalizer,syntactic,before,before,-9
71,20,Akif'in niyetinin karısını aldatma olduğunu hiçbirimiz bilmiyorduk,uk,post_cue,False,nominalizer,syntactic,before,before,-9
71,21,Akif'in niyetinin karısını aldatma olduğunu hiçbirimiz bilmiyorduk.,.,full_sentence,True,nominalizer,syntactic,before,before,-9
72,0,Biz,Biz,cue_onset,False,nominalizer,syntactic,before,before,-11
72,1,Bizim,im,cue_onset,False,nominalizer,syntactic,before,before,-11
72,2,Bizim şirket,▁şirket,cue_onset,False,nominalizer,syntactic,before,before,-11
72,3,Bizim şirketin,in,cue_onset,False,nominalizer,syntactic,before,before,-11
72,4,Bizim şirketin çalışan,▁çalışan,cue_onset,False,nominalizer,syntactic,before,before,-11
72,5,Bizim şirketin çalışanlarının,larının,cue_onset,False,nominalizer,syntactic,before,before,-11
72,6,Bizim şirketin çalışanlarının hiç,▁hiç,cue_onset,False,nominalizer,syntactic,before,before,-11
72,7,Bizim şirketin çalışanlarının hiç de,▁de,cue_onset,False,nominalizer,syntactic,before,before,-11
72,8,Bizim şirketin çalışanlarının hiç de öyle,▁öyle,cue_onset,False,nominalizer,syntactic,before,before,-11
72,9,Bizim şirketin çalışanlarının hiç de öyle of,▁of,cue_onset,False,nominalizer,syntactic,before,before,-11
72,10,Bizim şirketin çalışanlarının hiç de öyle ofiste,iste,cue_onset,False,nominalizer,syntactic,before,before,-11
72,11,Bizim şirketin çalışanlarının hiç de öyle ofiste bulun,▁bulun,ambiguity_onset,False,nominalizer,syntactic,before,before,-11
72,12,Bizim şirketin çalışanlarının hiç de öyle ofiste bulunma,ma,ambiguity_onset,False,nominalizer,syntactic,before,before,-11
72,13,Bizim şirketin çalışanlarının hiç de öyle ofiste bulunma gibi,▁gibi,post_cue,False,nominalizer,syntactic,before,before,-11
72,14,Bizim şirketin çalışanlarının hiç de öyle ofiste bulunma gibi ar,▁ar,post_cue,False,nominalizer,syntactic,before,before,-11
72,15,Bizim şirketin çalışanlarının hiç de öyle ofiste bulunma gibi arz,z,post_cue,False,nominalizer,syntactic,before,before,-11
72,16,Bizim şirketin çalışanlarının hiç de öyle ofiste bulunma gibi arzuları,uları,post_cue,False,nominalizer,syntactic,before,before,-11
72,17,Bizim şirketin çalışanlarının hiç de öyle ofiste bulunma gibi arzuları yok,▁yok,post_cue,False,nominalizer,syntactic,before,before,-11
72,18,Bizim şirketin çalışanlarının hiç de öyle ofiste bulunma gibi arzuları yok.,.,full_sentence,True,nominalizer,syntactic,before,before,-11
74,0,Ç,Ç,pre_ambiguity,False,nominalizer,syntactic,before,before,-17
74,1,Ço,o,pre_ambiguity,False,nominalizer,syntactic,before,before,-17
74,2,Çoğu,ğu,pre_ambiguity,False,nominalizer,syntactic,before,before,-17
74,3,Çoğu zaman,▁zaman,pre_ambiguity,False,nominalizer,syntactic,before,before,-17
74,4,Çoğu zaman er,▁er,cue_onset,False,nominalizer,syntactic,before,before,-17
74,5,Çoğu zaman ergen,gen,cue_onset,False,nominalizer,syntactic,before,before,-17
74,6,Çoğu zaman ergenin,in,cue_onset,False,nominalizer,syntactic,before,before,-17
74,7,Çoğu zaman ergenin iç,▁iç,cue_onset,False,nominalizer,syntactic,before,before,-17
74,8,Çoğu zaman ergenin içgü,gü,cue_onset,False,nominalizer,syntactic,before,before,-17
74,9,Çoğu zaman ergenin içgüd,d,cue_onset,False,nominalizer,syntactic,before,before,-17
74,10,Çoğu zaman ergenin içgüdüsü,üsü,cue_onset,False,nominalizer,syntactic,before,before,-17
74,11,Çoğu zaman ergenin içgüdüsü başına,▁başına,cue_onset,False,nominalizer,syntactic,before,before,-17
74,12,Çoğu zaman ergenin içgüdüsü başına gelen,▁gelen,cue_onset,False,nominalizer,syntactic,before,before,-17
74,13,Çoğu zaman ergenin içgüdüsü başına gelen stres,▁stres,cue_onset,False,nominalizer,syntactic,before,before,-17
74,14,Çoğu zaman ergenin içgüdüsü başına gelen stresli,li,cue_onset,False,nominalizer,syntactic,before,before,-17
74,15,Çoğu zaman ergenin içgüdüsü başına gelen stresli olay,▁olay,cue_onset,False,nominalizer,syntactic,before,before,-17
74,16,Çoğu zaman ergenin içgüdüsü başına gelen stresli olayları,ları,cue_onset,False,nominalizer,syntactic,before,before,-17
74,17,Çoğu zaman ergenin içgüdüsü başına gelen stresli olayları e,▁e,cue_onset,False,nominalizer,syntactic,before,before,-17
74,18,Çoğu zaman ergenin içgüdüsü başına gelen stresli olayları ebeve,beve,cue_onset,False,nominalizer,syntactic,before,before,-17
74,19,Çoğu zaman ergenin içgüdüsü başına gelen stresli olayları ebeveyn,yn,cue_onset,False,nominalizer,syntactic,before,before,-17
74,20,Çoğu zaman ergenin içgüdüsü başına gelen stresli olayları ebeveyninden,inden,cue_onset,False,nominalizer,syntactic,before,before,-17
74,21,Çoğu zaman ergenin içgüdüsü başına gelen stresli olayları ebeveyninden sak,▁sak,ambiguity_onset,False,nominalizer,syntactic,before,before,-17
74,22,Çoğu zaman ergenin içgüdüsü başına gelen stresli olayları ebeveyninden saklama,lama,ambiguity_onset,False,nominalizer,syntactic,before,before,-17
74,23,Çoğu zaman ergenin içgüdüsü başına gelen stresli olayları ebeveyninden saklama yön,▁yön,post_cue,False,nominalizer,syntactic,before,before,-17
74,24,Çoğu zaman ergenin içgüdüsü başına gelen stresli olayları ebeveyninden saklama yönünde,ünde,post_cue,False,nominalizer,syntactic,before,before,-17
74,25,Çoğu zaman ergenin içgüdüsü başına gelen stresli olayları ebeveyninden saklama yönünde.,.,full_sentence,True,nominalizer,syntactic,before,before,-17
75,0,Mah,Mah,cue_onset,False,nominalizer,syntactic,before,before,-6
75,1,Mahkem,kem,cue_onset,False,nominalizer,syntactic,before,before,-6
75,2,Mahkemenin,enin,cue_onset,False,nominalizer,syntactic,before,before,-6
75,3,Mahkemenin bir,▁bir,cue_onset,False,nominalizer,syntactic,before,before,-6
75,4,Mahkemenin bir taraf,▁taraf,cue_onset,False,nominalizer,syntactic,before,before,-6
75,5,Mahkemenin bir tarafı,ı,cue_onset,False,nominalizer,syntactic,before,before,-6
75,6,Mahkemenin bir tarafı sav,▁sav,ambiguity_onset,False,nominalizer,syntactic,before,before,-6
75,7,Mahkemenin bir tarafı savun,un,ambiguity_onset,False,nominalizer,syntactic,before,before,-6
75,8,Mahkemenin bir tarafı savunma,ma,ambiguity_onset,False,nominalizer,syntactic,before,before,-6
75,9,Mahkemenin bir tarafı savunma av,▁av,post_cue,False,nominalizer,syntactic,before,before,-6
75,10,Mahkemenin bir tarafı savunma avukat,ukat,post_cue,False,nominalizer,syntactic,before,before,-6
75,11,Mahkemenin bir tarafı savunma avukatı,ı,post_cue,False,nominalizer,syntactic,before,before,-6
75,12,Mahkemenin bir tarafı savunma avukatı için,▁için,post_cue,False,nominalizer,syntactic,before,before,-6
75,13,Mahkemenin bir tarafı savunma avukatı için ayr,▁ayr,post_cue,False,nominalizer,syntactic,before,before,-6
75,14,Mahkemenin bir tarafı savunma avukatı için ayrılmıştır,ılmıştır,post_cue,False,nominalizer,syntactic,before,before,-6
75,15,Mahkemenin bir tarafı savunma avukatı için ayrılmıştır.,.,full_sentence,True,nominalizer,syntactic,before,before,-6
76,0,Ay,Ay,cue_onset,False,nominalizer,syntactic,before,before,-9
76,1,Ayşe,şe,cue_onset,False,nominalizer,syntactic,before,before,-9
76,2,Ayşe',',cue_onset,False,nominalizer,syntactic,before,before,-9
76,3,Ayşe'nin,nin,cue_onset,False,nominalizer,syntactic,before,before,-9
76,4,Ayşe'nin endi,▁endi,cue_onset,False,nominalizer,syntactic,before,before,-9
76,5,Ayşe'nin endiş,ş,cue_onset,False,nominalizer,syntactic,before,before,-9
76,6,Ayşe'nin endişeli,eli,cue_onset,False,nominalizer,syntactic,before,before,-9
76,7,Ayşe'nin endişeli göz,▁göz,cue_onset,False,nominalizer,syntactic,before,before,-9
76,8,Ayşe'nin endişeli gözleri,leri,cue_onset,False,nominalizer,syntactic,before,before,-9
76,9,Ayşe'nin endişeli gözleri sav,▁sav,ambiguity_onset,False,nominalizer,syntactic,before,before,-9
76,10,Ayşe'nin endişeli gözleri savun,un,ambiguity_onset,False,nominalizer,syntactic,before,before,-9
76,11,Ayşe'nin endişeli gözleri savunma,ma,ambiguity_onset,False,nominalizer,syntactic,before,before,-9
76,12,Ayşe'nin endişeli gözleri savunma av,▁av,post_cue,False,nominalizer,syntactic,before,before,-9
76,13,Ayşe'nin endişeli gözleri savunma avukat,ukat,post_cue,False,nominalizer,syntactic,before,before,-9
76,14,Ayşe'nin endişeli gözleri savunma avukatını,ını,post_cue,False,nominalizer,syntactic,before,before,-9
76,15,Ayşe'nin endişeli gözleri savunma avukatını a,▁a,post_cue,False,nominalizer,syntactic,before,before,-9
76,16,Ayşe'nin endişeli gözleri savunma avukatını arad,rad,post_cue,False,nominalizer,syntactic,before,before,-9
76,17,Ayşe'nin endişeli gözleri savunma avukatını aradı,ı,post_cue,False,nominalizer,syntactic,before,before,-9
76,18,Ayşe'nin endişeli gözleri savunma avukatını aradı.,.,full_sentence,True,nominalizer,syntactic,before,before,-9
77,0,He,He,pre_ambiguity,False,nominalizer,syntactic,before,before,-10
77,1,Heves,ves,pre_ambiguity,False,nominalizer,syntactic,before,before,-10
77,2,Hevesli,li,pre_ambiguity,False,nominalizer,syntactic,before,before,-10
77,3,Hevesli annen,▁annen,pre_ambiguity,False,nominalizer,syntactic,before,before,-10
77,4,Hevesli annenin,in,pre_ambiguity,False,nominalizer,syntactic,before,before,-10
77,5,Hevesli annenin çocuklar,▁çocuklar,pre_ambiguity,False,nominalizer,syntactic,before,before,-10
77,6,Hevesli annenin çocuklar için,▁için,pre_ambiguity,False,nominalizer,syntactic,before,before,-10
77,7,Hevesli annenin çocuklar için yaptığı,▁yaptığı,pre_ambiguity,False,nominalizer,syntactic,before,before,-10
77,8,Hevesli annenin çocuklar için yaptığı oyun,▁oyun,cue_onset,False,nominalizer,syntactic,before,before,-10
77,9,Hevesli annenin çocuklar için yaptığı oyun alan,▁alan,cue_onset,False,nominalizer,syntactic,before,before,-10
77,10,Hevesli annenin çocuklar için yaptığı oyun alanının,ının,cue_onset,False,nominalizer,syntactic,before,before,-10
77,11,Hevesli annenin çocuklar için yaptığı oyun alanının temel,▁temel,cue_onset,False,nominalizer,syntactic,before,before,-10
77,12,Hevesli annenin çocuklar için yaptığı oyun alanının temel iş,▁iş,cue_onset,False,nominalizer,syntactic,before,before,-10
77,13,Hevesli annenin çocuklar için yaptığı oyun alanının temel işlevi,levi,cue_onset,False,nominalizer,syntactic,before,before,-10
77,14,Hevesli annenin çocuklar için yaptığı oyun alanının temel işlevi çocuk,▁çocuk,cue_onset,False,nominalizer,syntactic,before,before,-10
77,15,Hevesli annenin çocuklar için yaptığı oyun alanının temel işlevi çocukları,ları,cue_onset,False,nominalizer,syntactic,before,before,-10
77,16,Hevesli annenin çocuklar için yaptığı oyun alanının temel işlevi çocukları gü,▁gü,cue_onset,False,nominalizer,syntactic,before,before,-10
77,17,Hevesli annenin çocuklar için yaptığı oyun alanının temel işlevi çocukları güvende,vende,cue_onset,False,nominalizer,syntactic,before,before,-10
77,18,Hevesli annenin çocuklar için yaptığı oyun alanının temel işlevi çocukları güvende tut,▁tut,ambiguity_onset,False,nominalizer,syntactic,before,before,-10
77,19,Hevesli annenin çocuklar için yaptığı oyun alanının temel işlevi çocukları güvende tutma,ma,ambiguity_onset,False,nominalizer,syntactic,before,before,-10
77,20,Hevesli annenin çocuklar için yaptığı oyun alanının temel işlevi çocukları güvende tutma idi,▁idi,post_cue,False,nominalizer,syntactic,before,before,-10
77,21,Hevesli annenin çocuklar için yaptığı oyun alanının temel işlevi çocukları güvende tutma idi.,.,full_sentence,True,nominalizer,syntactic,before,before,-10
78,0,Bil,Bil,pre_ambiguity,False,nominalizer,syntactic,before,before,-9
78,1,Bilsey,sey,pre_ambiguity,False,nominalizer,syntactic,before,before,-9
78,2,Bilseydim,dim,pre_ambiguity,False,nominalizer,syntactic,before,before,-9
78,3,Bilseydim senin,▁senin,cue_onset,False,nominalizer,syntactic,before,before,-9
78,4,Bilseydim senin iste,▁iste,cue_onset,False,nominalizer,syntactic,before,before,-9
78,5,Bilseydim senin isteğ,ğ,cue_onset,False,nominalizer,syntactic,before,before,-9
78,6,Bilseydim senin isteğinin,inin,cue_onset,False,nominalizer,syntactic,before,before,-9
78,7,Bilseydim senin isteğinin bu,▁bu,cue_onset,False,nominalizer,syntactic,before,before,-9
78,8,Bilseydim senin isteğinin bu kitabı,▁kitabı,cue_onset,False,nominalizer,syntactic,before,before,-9
78,9,Bilseydim senin isteğinin bu kitabı bu,▁bu,cue_onset,False,nominalizer,syntactic,before,before,-9
78,10,Bilseydim senin isteğinin bu kitabı bu kadar,▁kadar,cue_onset,False,nominalizer,syntactic,before,before,-9
78,11,Bilseydim senin isteğinin bu kitabı bu kadar hızlı,▁hızlı,cue_onset,False,nominalizer,syntactic,before,before,-9
78,12,Bilseydim senin isteğinin bu kitabı bu kadar hızlı yaz,▁yaz,ambiguity_onset,False,nominalizer,syntactic,before,before,-9
78,13,Bilseydim senin isteğinin bu kitabı bu kadar hızlı yazma,ma,ambiguity_onset,False,nominalizer,syntactic,before,before,-9
78,14,Bilseydim senin isteğinin bu kitabı bu kadar hızlı yazma yön,▁yön,post_cue,False,nominalizer,syntactic,before,before,-9
78,15,Bilseydim senin isteğinin bu kitabı bu kadar hızlı yazma yönünde,ünde,post_cue,False,nominalizer,syntactic,before,before,-9
78,16,Bilseydim senin isteğinin bu kitabı bu kadar hızlı yazma yönünde olduğunu,▁olduğunu,post_cue,False,nominalizer,syntactic,before,before,-9
78,17,"Bilseydim senin isteğinin bu kitabı bu kadar hızlı yazma yönünde olduğunu,",",",post_cue,False,nominalizer,syntactic,before,before,-9
78,18,"Bilseydim senin isteğinin bu kitabı bu kadar hızlı yazma yönünde olduğunu, her",▁her,post_cue,False,nominalizer,syntactic,before,before,-9
78,19,"Bilseydim senin isteğinin bu kitabı bu kadar hızlı yazma yönünde olduğunu, her şey",▁şey,post_cue,False,nominalizer,syntactic,before,before,-9
78,20,"Bilseydim senin isteğinin bu kitabı bu kadar hızlı yazma yönünde olduğunu, her şey farklı",▁farklı,post_cue,False,nominalizer,syntactic,before,before,-9
78,21,"Bilseydim senin isteğinin bu kitabı bu kadar hızlı yazma yönünde olduğunu, her şey farklı olur",▁olur,post_cue,False,nominalizer,syntactic,before,before,-9
78,22,"Bilseydim senin isteğinin bu kitabı bu kadar hızlı yazma yönünde olduğunu, her şey farklı olurdu",du,post_cue,False,nominalizer,syntactic,before,before,-9
78,23,"Bilseydim senin isteğinin bu kitabı bu kadar hızlı yazma yönünde olduğunu, her şey farklı olurdu.",.,full_sentence,True,nominalizer,syntactic,before,before,-9
79,0,Sen,Sen,pre_ambiguity,False,nominalizer,syntactic,before,before,-8
79,1,Senin,in,pre_ambiguity,False,nominalizer,syntactic,before,before,-8
79,2,Senin göz,▁göz,pre_ambiguity,False,nominalizer,syntactic,before,before,-8
79,3,Senin gözlerin,lerin,pre_ambiguity,False,nominalizer,syntactic,before,before,-8
79,4,Senin gözlerin deli,▁deli,pre_ambiguity,False,nominalizer,syntactic,before,before,-8
79,5,Senin gözlerin deli deli,▁deli,pre_ambiguity,False,nominalizer,syntactic,before,before,-8
79,6,Senin gözlerin deli deli bak,▁bak,pre_ambiguity,False,nominalizer,syntactic,before,before,-8
79,7,Senin gözlerin deli deli bakıyor,ıyor,pre_ambiguity,False,nominalizer,syntactic,before,before,-8
79,8,"Senin gözlerin deli deli bakıyor,",",",pre_ambiguity,False,nominalizer,syntactic,before,before,-8
79,9,"Senin gözlerin deli deli bakıyor, belli",▁belli,pre_ambiguity,False,nominalizer,syntactic,before,before,-8
79,10,"Senin gözlerin deli deli bakıyor, belli ki",▁ki,pre_ambiguity,False,nominalizer,syntactic,before,before,-8
79,11,"Senin gözlerin deli deli bakıyor, belli ki yap",▁yap,cue_onset,False,nominalizer,syntactic,before,before,-8
79,12,"Senin gözlerin deli deli bakıyor, belli ki yapacağ",acağ,cue_onset,False,nominalizer,syntactic,before,before,-8
79,13,"Senin gözlerin deli deli bakıyor, belli ki yapacağın",ın,cue_onset,False,nominalizer,syntactic,before,before,-8
79,14,"Senin gözlerin deli deli bakıyor, belli ki yapacağın şey",▁şey,cue_onset,False,nominalizer,syntactic,before,before,-8
79,15,"Senin gözlerin deli deli bakıyor, belli ki yapacağın şeyin",in,cue_onset,False,nominalizer,syntactic,before,before,-8
79,16,"Senin gözlerin deli deli bakıyor, belli ki yapacağın şeyin amac",▁amac,cue_onset,False,nominalizer,syntactic,before,before,-8
79,17,"Senin gözlerin deli deli bakıyor, belli ki yapacağın şeyin amacı",ı,cue_onset,False,nominalizer,syntactic,before,before,-8
79,18,"Senin gözlerin deli deli bakıyor, belli ki yapacağın şeyin amacı kalp",▁kalp,cue_onset,False,nominalizer,syntactic,before,before,-8
79,19,"Senin gözlerin deli deli bakıyor, belli ki yapacağın şeyin amacı kalp kır",▁kır,ambiguity_onset,False,nominalizer,syntactic,before,before,-8
79,20,"Senin gözlerin deli deli bakıyor, belli ki yapacağın şeyin amacı kalp kırma",ma,ambiguity_onset,False,nominalizer,syntactic,before,before,-8
79,21,"Senin gözlerin deli deli bakıyor, belli ki yapacağın şeyin amacı kalp kırma olacak",▁olacak,post_cue,False,nominalizer,syntactic,before,before,-8
79,22,"Senin gözlerin deli deli bakıyor, belli ki yapacağın şeyin amacı kalp kırma olacak.",.,full_sentence,True,nominalizer,syntactic,before,before,-8
80,0,İ,İ,cue_onset,False,nominalizer,syntactic,before,before,-7
80,1,İste,ste,cue_onset,False,nominalizer,syntactic,before,before,-7
80,2,İsteme,me,cue_onset,False,nominalizer,syntactic,before,before,-7
80,3,İstemeyes,yes,cue_onset,False,nominalizer,syntactic,before,before,-7
80,4,İstemeyesin,in,cue_onset,False,nominalizer,syntactic,before,before,-7
80,5,İstemeyesin b,▁b,cue_onset,False,nominalizer,syntactic,before,before,-7
80,6,İstemeyesin benden,enden,cue_onset,False,nominalizer,syntactic,before,before,-7
80,7,İstemeyesin benden göz,▁göz,ambiguity_onset,False,nominalizer,syntactic,before,before,-7
80,8,İstemeyesin benden gözleme,leme,ambiguity_onset,False,nominalizer,syntactic,before,before,-7
80,9,İstemeyesin benden gözleme f,▁f,post_cue,False,nominalizer,syntactic,before,before,-7
80,10,İstemeyesin benden gözleme falan,alan,post_cue,False,nominalizer,syntactic,before,before,-7
80,11,"İstemeyesin benden gözleme falan,",",",post_cue,False,nominalizer,syntactic,before,before,-7
80,12,"İstemeyesin benden gözleme falan, iş",▁iş,post_cue,False,nominalizer,syntactic,before,before,-7
80,13,"İstemeyesin benden gözleme falan, işim",im,post_cue,False,nominalizer,syntactic,before,before,-7
80,14,"İstemeyesin benden gözleme falan, işim baş",▁baş,post_cue,False,nominalizer,syntactic,before,before,-7
80,15,"İstemeyesin benden gözleme falan, işim başı",ı,post_cue,False,nominalizer,syntactic,before,before,-7
80,16,"İstemeyesin benden gözleme falan, işim başımdan",mdan,post_cue,False,nominalizer,syntactic,before,before,-7
80,17,"İstemeyesin benden gözleme falan, işim başımdan aşk",▁aşk,post_cue,False,nominalizer,syntactic,before,before,-7
80,18,"İstemeyesin benden gözleme falan, işim başımdan aşkın",ın,post_cue,False,nominalizer,syntactic,before,before,-7
80,19,"İstemeyesin benden gözleme falan, işim başımdan aşkın.",.,full_sentence,True,nominalizer,syntactic,before,before,-7
81,0,Et,Et,pre_ambiguity,False,nominalizer,syntactic,before,before,-9
81,1,Etütte,ütte,pre_ambiguity,False,nominalizer,syntactic,before,before,-9
81,2,Etütte öğren,▁öğren,cue_onset,False,nominalizer,syntactic,before,before,-9
81,3,Etütte öğrencil,cil,cue_onset,False,nominalizer,syntactic,before,before,-9
81,4,Etütte öğrencilerin,erin,cue_onset,False,nominalizer,syntactic,before,before,-9
81,5,Etütte öğrencilerin en,▁en,cue_onset,False,nominalizer,syntactic,before,before,-9
81,6,Etütte öğrencilerin en sık,▁sık,cue_onset,False,nominalizer,syntactic,before,before,-9
81,7,Etütte öğrencilerin en sıkıldığı,ıldığı,cue_onset,False,nominalizer,syntactic,before,before,-9
81,8,Etütte öğrencilerin en sıkıldığı aktiv,▁aktiv,cue_onset,False,nominalizer,syntactic,before,before,-9
81,9,Etütte öğrencilerin en sıkıldığı aktivite,ite,cue_onset,False,nominalizer,syntactic,before,before,-9
81,10,Etütte öğrencilerin en sıkıldığı aktivite soru,▁soru,cue_onset,False,nominalizer,syntactic,before,before,-9
81,11,Etütte öğrencilerin en sıkıldığı aktivite soru çöz,▁çöz,ambiguity_onset,False,nominalizer,syntactic,before,before,-9
81,12,Etütte öğrencilerin en sıkıldığı aktivite soru çözme,me,ambiguity_onset,False,nominalizer,syntactic,before,before,-9
81,13,Etütte öğrencilerin en sıkıldığı aktivite soru çözme oldu,▁oldu,post_cue,False,nominalizer,syntactic,before,before,-9
81,14,Etütte öğrencilerin en sıkıldığı aktivite soru çözme oldu.,.,full_sentence,True,nominalizer,syntactic,before,before,-9
82,0,Mez,Mez,pre_ambiguity,False,nominalizer,syntactic,before,before,-9
82,1,Mezran,ran,pre_ambiguity,False,nominalizer,syntactic,before,before,-9
82,2,Mezranın,ın,pre_ambiguity,False,nominalizer,syntactic,before,before,-9
82,3,Mezranın merke,▁merke,pre_ambiguity,False,nominalizer,syntactic,before,before,-9
82,4,Mezranın merkeze,ze,pre_ambiguity,False,nominalizer,syntactic,before,before,-9
82,5,Mezranın merkeze en,▁en,pre_ambiguity,False,nominalizer,syntactic,before,before,-9
82,6,Mezranın merkeze en uzak,▁uzak,pre_ambiguity,False,nominalizer,syntactic,before,before,-9
82,7,Mezranın merkeze en uzak yer,▁yer,pre_ambiguity,False,nominalizer,syntactic,before,before,-9
82,8,Mezranın merkeze en uzak yerinde,inde,pre_ambiguity,False,nominalizer,syntactic,before,before,-9
82,9,Mezranın merkeze en uzak yerinde yaş,▁yaş,pre_ambiguity,False,nominalizer,syntactic,before,before,-9
82,10,Mezranın merkeze en uzak yerinde yaşayan,ayan,pre_ambiguity,False,nominalizer,syntactic,before,before,-9
82,11,Mezranın merkeze en uzak yerinde yaşayan öğren,▁öğren,cue_onset,False,nominalizer,syntactic,before,before,-9
82,12,Mezranın merkeze en uzak yerinde yaşayan öğrencil,cil,cue_onset,False,nominalizer,syntactic,before,before,-9
82,13,Mezranın merkeze en uzak yerinde yaşayan öğrencilerin,erin,cue_onset,False,nominalizer,syntactic,before,before,-9
82,14,Mezranın merkeze en uzak yerinde yaşayan öğrencilerin bile,▁bile,cue_onset,False,nominalizer,syntactic,before,before,-9
82,15,Mezranın merkeze en uzak yerinde yaşayan öğrencilerin bile mo,▁mo,cue_onset,False,nominalizer,syntactic,before,before,-9
82,16,Mezranın merkeze en uzak yerinde yaşayan öğrencilerin bile motivas,tivas,cue_onset,False,nominalizer,syntactic,before,before,-9
82,17,Mezranın merkeze en uzak yerinde yaşayan öğrencilerin bile motivasyon,yon,cue_onset,False,nominalizer,syntactic,before,before,-9
82,18,Mezranın merkeze en uzak yerinde yaşayan öğrencilerin bile motivasyonu,u,cue_onset,False,nominalizer,syntactic,before,before,-9
82,19,Mezranın merkeze en uzak yerinde yaşayan öğrencilerin bile motivasyonu zengin,▁zengin,cue_onset,False,nominalizer,syntactic,before,before,-9
82,20,Mezranın merkeze en uzak yerinde yaşayan öğrencilerin bile motivasyonu zengin olma,▁olma,ambiguity_onset,False,nominalizer,syntactic,before,before,-9
82,21,Mezranın merkeze en uzak yerinde yaşayan öğrencilerin bile motivasyonu zengin olma et,▁et,post_cue,False,nominalizer,syntactic,before,before,-9
82,22,Mezranın merkeze en uzak yerinde yaşayan öğrencilerin bile motivasyonu zengin olma etraf,raf,post_cue,False,nominalizer,syntactic,before,before,-9
82,23,Mezranın merkeze en uzak yerinde yaşayan öğrencilerin bile motivasyonu zengin olma etrafında,ında,post_cue,False,nominalizer,syntactic,before,before,-9
82,24,Mezranın merkeze en uzak yerinde yaşayan öğrencilerin bile motivasyonu zengin olma etrafında şek,▁şek,post_cue,False,nominalizer,syntactic,before,before,-9
82,25,Mezranın merkeze en uzak yerinde yaşayan öğrencilerin bile motivasyonu zengin olma etrafında şekill,ill,post_cue,False,nominalizer,syntactic,before,before,-9
82,26,Mezranın merkeze en uzak yerinde yaşayan öğrencilerin bile motivasyonu zengin olma etrafında şekilleni,eni,post_cue,False,nominalizer,syntactic,before,before,-9
82,27,Mezranın merkeze en uzak yerinde yaşayan öğrencilerin bile motivasyonu zengin olma etrafında şekilleniyor,yor,post_cue,False,nominalizer,syntactic,before,before,-9
82,28,Mezranın merkeze en uzak yerinde yaşayan öğrencilerin bile motivasyonu zengin olma etrafında şekilleniyor.,.,full_sentence,True,nominalizer,syntactic,before,before,-9
83,0,Leonardo,Leonardo,pre_ambiguity,False,nominalizer,syntactic,before,before,-10
83,1,Leonardo',',pre_ambiguity,False,nominalizer,syntactic,before,before,-10
83,2,Leonardo'nun,nun,pre_ambiguity,False,nominalizer,syntactic,before,before,-10
83,3,Leonardo'nun çocuk,▁çocuk,pre_ambiguity,False,nominalizer,syntactic,before,before,-10
83,4,Leonardo'nun çocuklu,lu,pre_ambiguity,False,nominalizer,syntactic,before,before,-10
83,5,Leonardo'nun çocukluğ,ğ,pre_ambiguity,False,nominalizer,syntactic,before,before,-10
83,6,Leonardo'nun çocukluğundan,undan,pre_ambiguity,False,nominalizer,syntactic,before,before,-10
83,7,Leonardo'nun çocukluğundan beri,▁beri,pre_ambiguity,False,nominalizer,syntactic,before,before,-10
83,8,Leonardo'nun çocukluğundan beri en,▁en,cue_onset,False,nominalizer,syntactic,before,before,-10
83,9,Leonardo'nun çocukluğundan beri en gö,▁gö,cue_onset,False,nominalizer,syntactic,before,before,-10
83,10,Leonardo'nun çocukluğundan beri en göze,ze,cue_onset,False,nominalizer,syntactic,before,before,-10
83,11,Leonardo'nun çocukluğundan beri en göze çar,▁çar,cue_onset,False,nominalizer,syntactic,before,before,-10
83,12,Leonardo'nun çocukluğundan beri en göze çarpan,pan,cue_onset,False,nominalizer,syntactic,before,before,-10
83,13,Leonardo'nun çocukluğundan beri en göze çarpan yet,▁yet,cue_onset,False,nominalizer,syntactic,before,before,-10
83,14,Leonardo'nun çocukluğundan beri en göze çarpan yetene,ene,cue_onset,False,nominalizer,syntactic,before,before,-10
83,15,Leonardo'nun çocukluğundan beri en göze çarpan yeteneği,ği,cue_onset,False,nominalizer,syntactic,before,before,-10
83,16,Leonardo'nun çocukluğundan beri en göze çarpan yeteneği hey,▁hey,cue_onset,False,nominalizer,syntactic,before,before,-10
83,17,Leonardo'nun çocukluğundan beri en göze çarpan yeteneği heykel,kel,cue_onset,False,nominalizer,syntactic,before,before,-10
83,18,Leonardo'nun çocukluğundan beri en göze çarpan yeteneği heykel yap,▁yap,ambiguity_onset,False,nominalizer,syntactic,before,before,-10
83,19,Leonardo'nun çocukluğundan beri en göze çarpan yeteneği heykel yapma,ma,ambiguity_onset,False,nominalizer,syntactic,before,before,-10
83,20,Leonardo'nun çocukluğundan beri en göze çarpan yeteneği heykel yapma idi,▁idi,post_cue,False,nominalizer,syntactic,before,before,-10
83,21,Leonardo'nun çocukluğundan beri en göze çarpan yeteneği heykel yapma idi.,.,full_sentence,True,nominalizer,syntactic,before,before,-10
85,0,Kal,Kal,pre_ambiguity,False,negation,semantic,after,after,2
85,1,Kalp,p,pre_ambiguity,False,negation,semantic,after,after,2
85,2,Kalp kır,▁kır,ambiguity_onset,False,negation,semantic,after,after,2
85,3,Kalp kırma,ma,ambiguity_onset,False,negation,semantic,after,after,2
85,4,Kalp kırma diye,▁diye,cue_onset,False,negation,semantic,after,after,2
85,5,Kalp kırma diye s,▁s,cue_onset,False,negation,semantic,after,after,2
85,6,Kalp kırma diye sitem,item,cue_onset,False,negation,semantic,after,after,2
85,7,Kalp kırma diye sitem etti,▁etti,cue_onset,False,negation,semantic,after,after,2
85,8,Kalp kırma diye sitem etti arkadaş,▁arkadaş,post_cue,False,negation,semantic,after,after,2
85,9,Kalp kırma diye sitem etti arkadaşına,ına,post_cue,False,negation,semantic,after,after,2
85,10,Kalp kırma diye sitem etti arkadaşına Ley,▁Ley,post_cue,False,negation,semantic,after,after,2
85,11,Kalp kırma diye sitem etti arkadaşına Leyla,la,post_cue,False,negation,semantic,after,after,2
85,12,Kalp kırma diye sitem etti arkadaşına Leyla.,.,full_sentence,True,negation,semantic,after,after,2
92,0,Rü,Rü,pre_ambiguity,False,negation,semantic,after,after,1
92,1,Rüyama,yama,pre_ambiguity,False,negation,semantic,after,after,1
92,2,Rüyama g,▁g,pre_ambiguity,False,negation,semantic,after,after,1
92,3,Rüyama giren,iren,pre_ambiguity,False,negation,semantic,after,after,1
92,4,Rüyama giren ak,▁ak,pre_ambiguity,False,negation,semantic,after,after,1
92,5,Rüyama giren ak sak,▁sak,pre_ambiguity,False,negation,semantic,after,after,1
92,6,Rüyama giren ak sakall,all,pre_ambiguity,False,negation,semantic,after,after,1
92,7,Rüyama giren ak sakallı,ı,pre_ambiguity,False,negation,semantic,after,after,1
92,8,Rüyama giren ak sakallı de,▁de,pre_ambiguity,False,negation,semantic,after,after,1
92,9,Rüyama giren ak sakallı dede,de,pre_ambiguity,False,negation,semantic,after,after,1
92,10,Rüyama giren ak sakallı dede bana,▁bana,pre_ambiguity,False,negation,semantic,after,after,1
92,11,Rüyama giren ak sakallı dede bana bir,▁bir,pre_ambiguity,False,negation,semantic,after,after,1
92,12,Rüyama giren ak sakallı dede bana bir sürü,▁sürü,pre_ambiguity,False,negation,semantic,after,after,1
92,13,Rüyama giren ak sakallı dede bana bir sürü şey,▁şey,pre_ambiguity,False,negation,semantic,after,after,1
92,14,Rüyama giren ak sakallı dede bana bir sürü şey söyledi,▁söyledi,pre_ambiguity,False,negation,semantic,after,after,1
92,15,Rüyama giren ak sakallı dede bana bir sürü şey söyledi ama,▁ama,pre_ambiguity,False,negation,semantic,after,after,1
92,16,Rüyama giren ak sakallı dede bana bir sürü şey söyledi ama zengin,▁zengin,pre_ambiguity,False,negation,semantic,after,after,1
92,17,Rüyama giren ak sakallı dede bana bir sürü şey söyledi ama zengin olma,▁olma,ambiguity_onset,False,negation,semantic,after,after,1
92,18,Rüyama giren ak sakallı dede bana bir sürü şey söyledi ama zengin olma diye,▁diye,cue_onset,False,negation,semantic,after,after,1
92,19,Rüyama giren ak sakallı dede bana bir sürü şey söyledi ama zengin olma diye uyar,▁uyar,cue_onset,False,negation,semantic,after,after,1
92,20,Rüyama giren ak sakallı dede bana bir sürü şey söyledi ama zengin olma diye uyarması,ması,cue_onset,False,negation,semantic,after,after,1
92,21,Rüyama giren ak sakallı dede bana bir sürü şey söyledi ama zengin olma diye uyarması en,▁en,post_cue,False,negation,semantic,after,after,1
92,22,Rüyama giren ak sakallı dede bana bir sürü şey söyledi ama zengin olma diye uyarması en çok,▁çok,post_cue,False,negation,semantic,after,after,1
92,23,Rüyama giren ak sakallı dede bana bir sürü şey söyledi ama zengin olma diye uyarması en çok ak,▁ak,post_cue,False,negation,semantic,after,after,1
92,24,Rüyama giren ak sakallı dede bana bir sürü şey söyledi ama zengin olma diye uyarması en çok aklı,lı,post_cue,False,negation,semantic,after,after,1
92,25,Rüyama giren ak sakallı dede bana bir sürü şey söyledi ama zengin olma diye uyarması en çok aklım,m,post_cue,False,negation,semantic,after,after,1
92,26,Rüyama giren ak sakallı dede bana bir sürü şey söyledi ama zengin olma diye uyarması en çok aklımda,da,post_cue,False,negation,semantic,after,after,1
92,27,Rüyama giren ak sakallı dede bana bir sürü şey söyledi ama zengin olma diye uyarması en çok aklımda kalan,▁kalan,post_cue,False,negation,semantic,after,after,1
92,28,Rüyama giren ak sakallı dede bana bir sürü şey söyledi ama zengin olma diye uyarması en çok aklımda kalan şey,▁şey,post_cue,False,negation,semantic,after,after,1
92,29,Rüyama giren ak sakallı dede bana bir sürü şey söyledi ama zengin olma diye uyarması en çok aklımda kalan şey oldu,▁oldu,post_cue,False,negation,semantic,after,after,1
92,30,Rüyama giren ak sakallı dede bana bir sürü şey söyledi ama zengin olma diye uyarması en çok aklımda kalan şey oldu.,.,full_sentence,True,negation,semantic,after,after,1
99,0,Ara,Ara,ambiguity_onset,False,nominalizer,semantic,after,after,3
99,1,Araştır,ştır,ambiguity_onset,False,nominalizer,semantic,after,after,3
99,2,Araştırma,ma,ambiguity_onset,False,nominalizer,semantic,after,after,3
99,3,Araştırma AR,▁AR,cue_onset,False,nominalizer,semantic,after,after,3
99,4,Araştırma ARGE,GE,cue_onset,False,nominalizer,semantic,after,after,3
99,5,Araştırma ARGE',',cue_onset,False,nominalizer,semantic,after,after,3
99,6,Araştırma ARGE'nin,nin,cue_onset,False,nominalizer,semantic,after,after,3
99,7,Araştırma ARGE'nin anlam,▁anlam,cue_onset,False,nominalizer,semantic,after,after,3
99,8,Araştırma ARGE'nin anlamında,ında,cue_onset,False,nominalizer,semantic,after,after,3
99,9,Araştırma ARGE'nin anlamında geçi,▁geçi,cue_onset,False,nominalizer,semantic,after,after,3
99,10,Araştırma ARGE'nin anlamında geçiyor,yor,cue_onset,False,nominalizer,semantic,after,after,3
99,11,Araştırma ARGE'nin anlamında geçiyor diye,▁diye,post_cue,False,nominalizer,semantic,after,after,3
99,12,Araştırma ARGE'nin anlamında geçiyor diye bili,▁bili,post_cue,False,nominalizer,semantic,after,after,3
99,13,Araştırma ARGE'nin anlamında geçiyor diye biliyorum,yorum,post_cue,False,nominalizer,semantic,after,after,3
99,14,Araştırma ARGE'nin anlamında geçiyor diye biliyorum.,.,full_sentence,True,nominalizer,semantic,after,after,3
104,0,Bil,Bil,pre_ambiguity,False,nominalizer,semantic,after,after,1
104,1,Bilmiyorum,miyorum,pre_ambiguity,False,nominalizer,semantic,after,after,1
104,2,Bilmiyorum ki,▁ki,pre_ambiguity,False,nominalizer,semantic,after,after,1
104,3,"Bilmiyorum ki,",",",pre_ambiguity,False,nominalizer,semantic,after,after,1
104,4,"Bilmiyorum ki, karar",▁karar,pre_ambiguity,False,nominalizer,semantic,after,after,1
104,5,"Bilmiyorum ki, karar verme",▁verme,ambiguity_onset,False,nominalizer,semantic,after,after,1
104,6,"Bilmiyorum ki, karar verme onun",▁onun,cue_onset,False,nominalizer,semantic,after,after,1
104,7,"Bilmiyorum ki, karar verme onun için",▁için,cue_onset,False,nominalizer,semantic,after,after,1
104,8,"Bilmiyorum ki, karar verme onun için bir",▁bir,cue_onset,False,nominalizer,semantic,after,after,1
104,9,"Bilmiyorum ki, karar verme onun için bir önce",▁önce,cue_onset,False,nominalizer,semantic,after,after,1
104,10,"Bilmiyorum ki, karar verme onun için bir öncelik",lik,cue_onset,False,nominalizer,semantic,after,after,1
104,11,"Bilmiyorum ki, karar verme onun için bir öncelik mi",▁mi,post_cue,False,nominalizer,semantic,after,after,1
104,12,"Bilmiyorum ki, karar verme onun için bir öncelik mi acaba",▁acaba,post_cue,False,nominalizer,semantic,after,after,1
104,13,"Bilmiyorum ki, karar verme onun için bir öncelik mi acaba?",?,full_sentence,True,nominalizer,semantic,after,after,1
111,0,Her,Her,pre_ambiguity,False,nominalizer,semantic,after,after,13
111,1,Her şeyi,▁şeyi,pre_ambiguity,False,nominalizer,semantic,after,after,13
111,2,Her şeyi düzen,▁düzen,ambiguity_onset,False,nominalizer,semantic,after,after,13
111,3,Her şeyi düzenleme,leme,ambiguity_onset,False,nominalizer,semantic,after,after,13
111,4,"Her şeyi düzenleme,",",",post_ambiguity_pre_cue,False,nominalizer,semantic,after,after,13
111,5,"Her şeyi düzenleme, sime",▁sime,post_ambiguity_pre_cue,False,nominalizer,semantic,after,after,13
111,6,"Her şeyi düzenleme, simetri",tri,post_ambiguity_pre_cue,False,nominalizer,semantic,after,after,13
111,7,"Her şeyi düzenleme, simetri hastal",▁hastal,post_ambiguity_pre_cue,False,nominalizer,semantic,after,after,13
111,8,"Her şeyi düzenleme, simetri hastalığı",ığı,post_ambiguity_pre_cue,False,nominalizer,semantic,after,after,13
111,9,"Her şeyi düzenleme, simetri hastalığı,",",",post_ambiguity_pre_cue,False,nominalizer,semantic,after,after,13
111,10,"Her şeyi düzenleme, simetri hastalığı, aş",▁aş,post_ambiguity_pre_cue,False,nominalizer,semantic,after,after,13
111,11,"Her şeyi düzenleme, simetri hastalığı, aşırı",ırı,post_ambiguity_pre_cue,False,nominalizer,semantic,after,after,13
111,12,"Her şeyi düzenleme, simetri hastalığı, aşırı temiz",▁temiz,post_ambiguity_pre_cue,False,nominalizer,semantic,after,after,13
111,13,"Her şeyi düzenleme, simetri hastalığı, aşırı temizlik",lik,post_ambiguity_pre_cue,False,nominalizer,semantic,after,after,13
111,14,"Her şeyi düzenleme, simetri hastalığı, aşırı temizlik;",;,post_ambiguity_pre_cue,False,nominalizer,semantic,after,after,13
111,15,"Her şeyi düzenleme, simetri hastalığı, aşırı temizlik; bun",▁bun,cue_onset,False,nominalizer,semantic,after,after,13
111,16,"Her şeyi düzenleme, simetri hastalığı, aşırı temizlik; bunlar",lar,cue_onset,False,nominalizer,semantic,after,after,13
111,17,"Her şeyi düzenleme, simetri hastalığı, aşırı temizlik; bunlar da",▁da,cue_onset,False,nominalizer,semantic,after,after,13
111,18,"Her şeyi düzenleme, simetri hastalığı, aşırı temizlik; bunlar da bir",▁bir,cue_onset,False,nominalizer,semantic,after,after,13
111,19,"Her şeyi düzenleme, simetri hastalığı, aşırı temizlik; bunlar da birer",er,cue_onset,False,nominalizer,semantic,after,after,13
111,20,"Her şeyi düzenleme, simetri hastalığı, aşırı temizlik; bunlar da birer tak",▁tak,cue_onset,False,nominalizer,semantic,after,after,13
111,21,"Her şeyi düzenleme, simetri hastalığı, aşırı temizlik; bunlar da birer takıntı",ıntı,cue_onset,False,nominalizer,semantic,after,after,13
111,22,"Her şeyi düzenleme, simetri hastalığı, aşırı temizlik; bunlar da birer takıntı aslında",▁aslında,post_cue,False,nominalizer,semantic,after,after,13
111,23,"Her şeyi düzenleme, simetri hastalığı, aşırı temizlik; bunlar da birer takıntı aslında.",.,full_sentence,True,nominalizer,semantic,after,after,13
113,0,E,E,pre_ambiguity,False,negation,semantic,before,before,-12
113,1,Eğer,ğer,pre_ambiguity,False,negation,semantic,before,before,-12
113,2,Eğer es,▁es,pre_ambiguity,False,negation,semantic,before,before,-12
113,3,Eğer esnaf,naf,pre_ambiguity,False,negation,semantic,before,before,-12
113,4,Eğer esnafın,ın,pre_ambiguity,False,negation,semantic,before,before,-12
113,5,Eğer esnafın öf,▁öf,pre_ambiguity,False,negation,semantic,before,before,-12
113,6,Eğer esnafın öfkes,kes,pre_ambiguity,False,negation,semantic,before,before,-12
113,7,Eğer esnafın öfkesini,ini,pre_ambiguity,False,negation,semantic,before,before,-12
113,8,Eğer esnafın öfkesini üzerine,▁üzerine,pre_ambiguity,False,negation,semantic,before,before,-12
113,9,Eğer esnafın öfkesini üzerine çek,▁çek,pre_ambiguity,False,negation,semantic,before,before,-12
113,10,Eğer esnafın öfkesini üzerine çekmek,mek,pre_ambiguity,False,negation,semantic,before,before,-12
113,11,Eğer esnafın öfkesini üzerine çekmek is,▁is,pre_ambiguity,False,negation,semantic,before,before,-12
113,12,Eğer esnafın öfkesini üzerine çekmek istem,tem,pre_ambiguity,False,negation,semantic,before,before,-12
113,13,Eğer esnafın öfkesini üzerine çekmek istemiy,iy,pre_ambiguity,False,negation,semantic,before,before,-12
113,14,Eğer esnafın öfkesini üzerine çekmek istemiyors,ors,pre_ambiguity,False,negation,semantic,before,before,-12
113,15,Eğer esnafın öfkesini üzerine çekmek istemiyorsan,an,pre_ambiguity,False,negation,semantic,before,before,-12
113,16,Eğer esnafın öfkesini üzerine çekmek istemiyorsan sana,▁sana,cue_onset,False,negation,semantic,before,before,-12
113,17,Eğer esnafın öfkesini üzerine çekmek istemiyorsan sana nasi,▁nasi,cue_onset,False,negation,semantic,before,before,-12
113,18,Eğer esnafın öfkesini üzerine çekmek istemiyorsan sana nasihat,hat,cue_onset,False,negation,semantic,before,before,-12
113,19,Eğer esnafın öfkesini üzerine çekmek istemiyorsan sana nasihatim,im,cue_onset,False,negation,semantic,before,before,-12
113,20,Eğer esnafın öfkesini üzerine çekmek istemiyorsan sana nasihatim belli,▁belli,cue_onset,False,negation,semantic,before,before,-12
113,21,Eğer esnafın öfkesini üzerine çekmek istemiyorsan sana nasihatim belli can,▁can,cue_onset,False,negation,semantic,before,before,-12
113,22,Eğer esnafın öfkesini üzerine çekmek istemiyorsan sana nasihatim belli canım,ım,cue_onset,False,negation,semantic,before,before,-12
113,23,Eğer esnafın öfkesini üzerine çekmek istemiyorsan sana nasihatim belli canım ev,▁ev,cue_onset,False,negation,semantic,before,before,-12
113,24,Eğer esnafın öfkesini üzerine çekmek istemiyorsan sana nasihatim belli canım evlad,lad,cue_onset,False,negation,semantic,before,before,-12
113,25,Eğer esnafın öfkesini üzerine çekmek istemiyorsan sana nasihatim belli canım evladım,ım,cue_onset,False,negation,semantic,before,before,-12
113,26,"Eğer esnafın öfkesini üzerine çekmek istemiyorsan sana nasihatim belli canım evladım,",",",cue_onset,False,negation,semantic,before,before,-12
113,27,"Eğer esnafın öfkesini üzerine çekmek istemiyorsan sana nasihatim belli canım evladım, fiyat",▁fiyat,cue_onset,False,negation,semantic,before,before,-12
113,28,"Eğer esnafın öfkesini üzerine çekmek istemiyorsan sana nasihatim belli canım evladım, fiyat kır",▁kır,ambiguity_onset,False,negation,semantic,before,before,-12
113,29,"Eğer esnafın öfkesini üzerine çekmek istemiyorsan sana nasihatim belli canım evladım, fiyat kırma",ma,ambiguity_onset,False,negation,semantic,before,before,-12
113,30,"Eğer esnafın öfkesini üzerine çekmek istemiyorsan sana nasihatim belli canım evladım, fiyat kırma.",.,full_sentence,True,negation,semantic,before,before,-12
114,0,B,B,pre_ambiguity,False,negation,semantic,before,before,-5
114,1,Bana,ana,pre_ambiguity,False,negation,semantic,before,before,-5
114,2,Bana bak,▁bak,pre_ambiguity,False,negation,semantic,before,before,-5
114,3,Bana bak mü,▁mü,pre_ambiguity,False,negation,semantic,before,before,-5
114,4,Bana bak müdür,dür,pre_ambiguity,False,negation,semantic,before,before,-5
114,5,Bana bak müdür müs,▁müs,pre_ambiguity,False,negation,semantic,before,before,-5
114,6,Bana bak müdür müsved,ved,pre_ambiguity,False,negation,semantic,before,before,-5
114,7,Bana bak müdür müsveddesi,desi,pre_ambiguity,False,negation,semantic,before,before,-5
114,8,"Bana bak müdür müsveddesi,",",",pre_ambiguity,False,negation,semantic,before,before,-5
114,9,"Bana bak müdür müsveddesi, Lenin",▁Lenin,cue_onset,False,negation,semantic,before,before,-5
114,10,"Bana bak müdür müsveddesi, Lenin hakkında",▁hakkında,cue_onset,False,negation,semantic,before,before,-5
114,11,"Bana bak müdür müsveddesi, Lenin hakkında i",▁i,cue_onset,False,negation,semantic,before,before,-5
114,12,"Bana bak müdür müsveddesi, Lenin hakkında ileri",leri,cue_onset,False,negation,semantic,before,before,-5
114,13,"Bana bak müdür müsveddesi, Lenin hakkında ileri geri",▁geri,cue_onset,False,negation,semantic,before,before,-5
114,14,"Bana bak müdür müsveddesi, Lenin hakkında ileri geri konuş",▁konuş,ambiguity_onset,False,negation,semantic,before,before,-5
114,15,"Bana bak müdür müsveddesi, Lenin hakkında ileri geri konuşma",ma,ambiguity_onset,False,negation,semantic,before,before,-5
114,16,"Bana bak müdür müsveddesi, Lenin hakkında ileri geri konuşma!",!,full_sentence,True,negation,semantic,before,before,-5
115,0,İ,İ,pre_ambiguity,False,negation,semantic,before,before,-10
115,1,İran,ran,pre_ambiguity,False,negation,semantic,before,before,-10
115,2,İran sava,▁sava,pre_ambiguity,False,negation,semantic,before,before,-10
115,3,İran savaşı,şı,pre_ambiguity,False,negation,semantic,before,before,-10
115,4,İran savaşı sadece,▁sadece,pre_ambiguity,False,negation,semantic,before,before,-10
115,5,İran savaşı sadece İ,▁İ,pre_ambiguity,False,negation,semantic,before,before,-10
115,6,İran savaşı sadece İran,ran,pre_ambiguity,False,negation,semantic,before,before,-10
115,7,İran savaşı sadece İran’,’,pre_ambiguity,False,negation,semantic,before,before,-10
115,8,İran savaşı sadece İran’a,a,pre_ambiguity,False,negation,semantic,before,before,-10
115,9,İran savaşı sadece İran’a karşı,▁karşı,pre_ambiguity,False,negation,semantic,before,before,-10
115,10,İran savaşı sadece İran’a karşı değil,▁değil,pre_ambiguity,False,negation,semantic,before,before,-10
115,11,İran savaşı sadece İran’a karşı değil bütün,▁bütün,pre_ambiguity,False,negation,semantic,before,before,-10
115,12,İran savaşı sadece İran’a karşı değil bütün insan,▁insan,pre_ambiguity,False,negation,semantic,before,before,-10
115,13,İran savaşı sadece İran’a karşı değil bütün insanlı,lı,pre_ambiguity,False,negation,semantic,before,before,-10
115,14,İran savaşı sadece İran’a karşı değil bütün insanlığa,ğa,pre_ambiguity,False,negation,semantic,before,before,-10
115,15,İran savaşı sadece İran’a karşı değil bütün insanlığa karşı,▁karşı,pre_ambiguity,False,negation,semantic,before,before,-10
115,16,İran savaşı sadece İran’a karşı değil bütün insanlığa karşı aç,▁aç,pre_ambiguity,False,negation,semantic,before,before,-10
115,17,İran savaşı sadece İran’a karşı değil bütün insanlığa karşı açılmış,ılmış,pre_ambiguity,False,negation,semantic,before,before,-10
115,18,İran savaşı sadece İran’a karşı değil bütün insanlığa karşı açılmış bir,▁bir,pre_ambiguity,False,negation,semantic,before,before,-10
115,19,İran savaşı sadece İran’a karşı değil bütün insanlığa karşı açılmış bir savaş,▁savaş,pre_ambiguity,False,negation,semantic,before,before,-10
115,20,İran savaşı sadece İran’a karşı değil bütün insanlığa karşı açılmış bir savaşın,ın,pre_ambiguity,False,negation,semantic,before,before,-10
115,21,İran savaşı sadece İran’a karşı değil bütün insanlığa karşı açılmış bir savaşın ilk,▁ilk,pre_ambiguity,False,negation,semantic,before,before,-10
115,22,İran savaşı sadece İran’a karşı değil bütün insanlığa karşı açılmış bir savaşın ilk cep,▁cep,pre_ambiguity,False,negation,semantic,before,before,-10
115,23,İran savaşı sadece İran’a karşı değil bütün insanlığa karşı açılmış bir savaşın ilk cephe,he,pre_ambiguity,False,negation,semantic,before,before,-10
115,24,İran savaşı sadece İran’a karşı değil bütün insanlığa karşı açılmış bir savaşın ilk cephesi,si,pre_ambiguity,False,negation,semantic,before,before,-10
115,25,"İran savaşı sadece İran’a karşı değil bütün insanlığa karşı açılmış bir savaşın ilk cephesi,",",",pre_ambiguity,False,negation,semantic,before,before,-10
115,26,"İran savaşı sadece İran’a karşı değil bütün insanlığa karşı açılmış bir savaşın ilk cephesi, Türkiye",▁Türkiye,cue_onset,False,negation,semantic,before,before,-10
115,27,"İran savaşı sadece İran’a karşı değil bütün insanlığa karşı açılmış bir savaşın ilk cephesi, Türkiye'",',cue_onset,False,negation,semantic,before,before,-10
115,28,"İran savaşı sadece İran’a karşı değil bütün insanlığa karşı açılmış bir savaşın ilk cephesi, Türkiye'yi",yi,cue_onset,False,negation,semantic,before,before,-10
115,29,"İran savaşı sadece İran’a karşı değil bütün insanlığa karşı açılmış bir savaşın ilk cephesi, Türkiye'yi bu",▁bu,cue_onset,False,negation,semantic,before,before,-10
115,30,"İran savaşı sadece İran’a karşı değil bütün insanlığa karşı açılmış bir savaşın ilk cephesi, Türkiye'yi bu sava",▁sava,cue_onset,False,negation,semantic,before,before,-10
115,31,"İran savaşı sadece İran’a karşı değil bütün insanlığa karşı açılmış bir savaşın ilk cephesi, Türkiye'yi bu savaşa",şa,cue_onset,False,negation,semantic,before,before,-10
115,32,"İran savaşı sadece İran’a karşı değil bütün insanlığa karşı açılmış bir savaşın ilk cephesi, Türkiye'yi bu savaşa taraf",▁taraf,cue_onset,False,negation,semantic,before,before,-10
115,33,"İran savaşı sadece İran’a karşı değil bütün insanlığa karşı açılmış bir savaşın ilk cephesi, Türkiye'yi bu savaşa taraf ya",▁ya,cue_onset,False,negation,semantic,before,before,-10
115,34,"İran savaşı sadece İran’a karşı değil bütün insanlığa karşı açılmış bir savaşın ilk cephesi, Türkiye'yi bu savaşa taraf ya da",▁da,cue_onset,False,negation,semantic,before,before,-10
115,35,"İran savaşı sadece İran’a karşı değil bütün insanlığa karşı açılmış bir savaşın ilk cephesi, Türkiye'yi bu savaşa taraf ya da dahil",▁dahil,cue_onset,False,negation,semantic,before,before,-10
115,36,"İran savaşı sadece İran’a karşı değil bütün insanlığa karşı açılmış bir savaşın ilk cephesi, Türkiye'yi bu savaşa taraf ya da dahil etme",▁etme,ambiguity_onset,False,negation,semantic,before,before,-10
115,37,"İran savaşı sadece İran’a karşı değil bütün insanlığa karşı açılmış bir savaşın ilk cephesi, Türkiye'yi bu savaşa taraf ya da dahil etme.",.,full_sentence,True,negation,semantic,before,before,-10
117,0,M,M,pre_ambiguity,False,negation,semantic,before,before,-13
117,1,Millet,illet,pre_ambiguity,False,negation,semantic,before,before,-13
117,2,Millet el,▁el,pre_ambiguity,False,negation,semantic,before,before,-13
117,3,Millet eline,ine,pre_ambiguity,False,negation,semantic,before,before,-13
117,4,Millet eline bay,▁bay,pre_ambiguity,False,negation,semantic,before,before,-13
117,5,Millet eline bayrak,rak,pre_ambiguity,False,negation,semantic,before,before,-13
117,6,Millet eline bayrak ver,▁ver,pre_ambiguity,False,negation,semantic,before,before,-13
117,7,Millet eline bayrak verdiy,diy,pre_ambiguity,False,negation,semantic,before,before,-13
117,8,Millet eline bayrak verdiyse,se,pre_ambiguity,False,negation,semantic,before,before,-13
117,9,Millet eline bayrak verdiyse o,▁o,cue_onset,False,negation,semantic,before,before,-13
117,10,Millet eline bayrak verdiyse o bay,▁bay,cue_onset,False,negation,semantic,before,before,-13
117,11,Millet eline bayrak verdiyse o bayra,ra,cue_onset,False,negation,semantic,before,before,-13
117,12,Millet eline bayrak verdiyse o bayrağı,ğı,cue_onset,False,negation,semantic,before,before,-13
117,13,Millet eline bayrak verdiyse o bayrağı bırak,▁bırak,cue_onset,False,negation,semantic,before,before,-13
117,14,Millet eline bayrak verdiyse o bayrağı bırakmay,may,cue_onset,False,negation,semantic,before,before,-13
117,15,Millet eline bayrak verdiyse o bayrağı bırakmayac,ac,cue_onset,False,negation,semantic,before,before,-13
117,16,Millet eline bayrak verdiyse o bayrağı bırakmayacaks,aks,cue_onset,False,negation,semantic,before,before,-13
117,17,Millet eline bayrak verdiyse o bayrağı bırakmayacaksın,ın,cue_onset,False,negation,semantic,before,before,-13
117,18,"Millet eline bayrak verdiyse o bayrağı bırakmayacaksın,",",",cue_onset,False,negation,semantic,before,before,-13
117,19,"Millet eline bayrak verdiyse o bayrağı bırakmayacaksın, dö",▁dö,cue_onset,False,negation,semantic,before,before,-13
117,20,"Millet eline bayrak verdiyse o bayrağı bırakmayacaksın, dönek",nek,cue_onset,False,negation,semantic,before,before,-13
117,21,"Millet eline bayrak verdiyse o bayrağı bırakmayacaksın, döneklik",lik,cue_onset,False,negation,semantic,before,before,-13
117,22,"Millet eline bayrak verdiyse o bayrağı bırakmayacaksın, döneklik yap",▁yap,ambiguity_onset,False,negation,semantic,before,before,-13
117,23,"Millet eline bayrak verdiyse o bayrağı bırakmayacaksın, döneklik yapma",ma,ambiguity_onset,False,negation,semantic,before,before,-13
117,24,"Millet eline bayrak verdiyse o bayrağı bırakmayacaksın, döneklik yapma mil",▁mil,post_cue,False,negation,semantic,before,before,-13
117,25,"Millet eline bayrak verdiyse o bayrağı bırakmayacaksın, döneklik yapma milletin",letin,post_cue,False,negation,semantic,before,before,-13
117,26,"Millet eline bayrak verdiyse o bayrağı bırakmayacaksın, döneklik yapma milletin sana",▁sana,post_cue,False,negation,semantic,before,before,-13
117,27,"Millet eline bayrak verdiyse o bayrağı bırakmayacaksın, döneklik yapma milletin sana en",▁en,post_cue,False,negation,semantic,before,before,-13
117,28,"Millet eline bayrak verdiyse o bayrağı bırakmayacaksın, döneklik yapma milletin sana en çok",▁çok,post_cue,False,negation,semantic,before,before,-13
117,29,"Millet eline bayrak verdiyse o bayrağı bırakmayacaksın, döneklik yapma milletin sana en çok ihtiyac",▁ihtiyac,post_cue,False,negation,semantic,before,before,-13
117,30,"Millet eline bayrak verdiyse o bayrağı bırakmayacaksın, döneklik yapma milletin sana en çok ihtiyacı",ı,post_cue,False,negation,semantic,before,before,-13
117,31,"Millet eline bayrak verdiyse o bayrağı bırakmayacaksın, döneklik yapma milletin sana en çok ihtiyacı olan",▁olan,post_cue,False,negation,semantic,before,before,-13
117,32,"Millet eline bayrak verdiyse o bayrağı bırakmayacaksın, döneklik yapma milletin sana en çok ihtiyacı olan şu",▁şu,post_cue,False,negation,semantic,before,before,-13
117,33,"Millet eline bayrak verdiyse o bayrağı bırakmayacaksın, döneklik yapma milletin sana en çok ihtiyacı olan şu gün",▁gün,post_cue,False,negation,semantic,before,before,-13
117,34,"Millet eline bayrak verdiyse o bayrağı bırakmayacaksın, döneklik yapma milletin sana en çok ihtiyacı olan şu günlerde",lerde,post_cue,False,negation,semantic,before,before,-13
117,35,"Millet eline bayrak verdiyse o bayrağı bırakmayacaksın, döneklik yapma milletin sana en çok ihtiyacı olan şu günlerde.",.,full_sentence,True,negation,semantic,before,before,-13
118,0,Ru,Ru,pre_ambiguity,False,negation,semantic,before,before,-5
118,1,Ruhi,hi,pre_ambiguity,False,negation,semantic,before,before,-5
118,2,Ruhi Su,▁Su,pre_ambiguity,False,negation,semantic,before,before,-5
118,3,Ruhi Su’,’,pre_ambiguity,False,negation,semantic,before,before,-5
118,4,Ruhi Su’nun,nun,pre_ambiguity,False,negation,semantic,before,before,-5
118,5,Ruhi Su’nun en,▁en,pre_ambiguity,False,negation,semantic,before,before,-5
118,6,Ruhi Su’nun en bil,▁bil,pre_ambiguity,False,negation,semantic,before,before,-5
118,7,Ruhi Su’nun en bilinen,inen,pre_ambiguity,False,negation,semantic,before,before,-5
118,8,Ruhi Su’nun en bilinen eser,▁eser,pre_ambiguity,False,negation,semantic,before,before,-5
118,9,Ruhi Su’nun en bilinen eserlerinden,lerinden,pre_ambiguity,False,negation,semantic,before,before,-5
118,10,Ruhi Su’nun en bilinen eserlerinden biri,▁biri,pre_ambiguity,False,negation,semantic,before,before,-5
118,11,Ruhi Su’nun en bilinen eserlerinden biri olan,▁olan,pre_ambiguity,False,negation,semantic,before,before,-5
118,12,Ruhi Su’nun en bilinen eserlerinden biri olan bu,▁bu,pre_ambiguity,False,negation,semantic,before,before,-5
118,13,Ruhi Su’nun en bilinen eserlerinden biri olan bu parça,▁parça,pre_ambiguity,False,negation,semantic,before,before,-5
118,14,"Ruhi Su’nun en bilinen eserlerinden biri olan bu parça,",",",pre_ambiguity,False,negation,semantic,before,before,-5
118,15,"Ruhi Su’nun en bilinen eserlerinden biri olan bu parça, Gül",▁Gül,pre_ambiguity,False,negation,semantic,before,before,-5
118,16,"Ruhi Su’nun en bilinen eserlerinden biri olan bu parça, Gülcan",can,pre_ambiguity,False,negation,semantic,before,before,-5
118,17,"Ruhi Su’nun en bilinen eserlerinden biri olan bu parça, Gülcan Al",▁Al,pre_ambiguity,False,negation,semantic,before,before,-5
118,18,"Ruhi Su’nun en bilinen eserlerinden biri olan bu parça, Gülcan Altan",tan,pre_ambiguity,False,negation,semantic,before,before,-5
118,19,"Ruhi Su’nun en bilinen eserlerinden biri olan bu parça, Gülcan Altan’",’,pre_ambiguity,False,negation,semantic,before,before,-5
118,20,"Ruhi Su’nun en bilinen eserlerinden biri olan bu parça, Gülcan Altan’ın",ın,pre_ambiguity,False,negation,semantic,before,before,-5
118,21,"Ruhi Su’nun en bilinen eserlerinden biri olan bu parça, Gülcan Altan’ın yeni",▁yeni,pre_ambiguity,False,negation,semantic,before,before,-5
118,22,"Ruhi Su’nun en bilinen eserlerinden biri olan bu parça, Gülcan Altan’ın yeni yorum",▁yorum,pre_ambiguity,False,negation,semantic,before,before,-5
118,23,"Ruhi Su’nun en bilinen eserlerinden biri olan bu parça, Gülcan Altan’ın yeni yorumuyla",uyla,pre_ambiguity,False,negation,semantic,before,before,-5
118,24,"Ruhi Su’nun en bilinen eserlerinden biri olan bu parça, Gülcan Altan’ın yeni yorumuyla bugün",▁bugün,pre_ambiguity,False,negation,semantic,before,before,-5
118,25,"Ruhi Su’nun en bilinen eserlerinden biri olan bu parça, Gülcan Altan’ın yeni yorumuyla bugün din",▁din,pre_ambiguity,False,negation,semantic,before,before,-5
118,26,"Ruhi Su’nun en bilinen eserlerinden biri olan bu parça, Gülcan Altan’ın yeni yorumuyla bugün dinleyici",leyici,pre_ambiguity,False,negation,semantic,before,before,-5
118,27,"Ruhi Su’nun en bilinen eserlerinden biri olan bu parça, Gülcan Altan’ın yeni yorumuyla bugün dinleyiciyle",yle,pre_ambiguity,False,negation,semantic,before,before,-5
118,28,"Ruhi Su’nun en bilinen eserlerinden biri olan bu parça, Gülcan Altan’ın yeni yorumuyla bugün dinleyiciyle bul",▁bul,pre_ambiguity,False,negation,semantic,before,before,-5
118,29,"Ruhi Su’nun en bilinen eserlerinden biri olan bu parça, Gülcan Altan’ın yeni yorumuyla bugün dinleyiciyle buluş",uş,pre_ambiguity,False,negation,semantic,before,before,-5
118,30,"Ruhi Su’nun en bilinen eserlerinden biri olan bu parça, Gülcan Altan’ın yeni yorumuyla bugün dinleyiciyle buluştu",tu,pre_ambiguity,False,negation,semantic,before,before,-5
118,31,"Ruhi Su’nun en bilinen eserlerinden biri olan bu parça, Gülcan Altan’ın yeni yorumuyla bugün dinleyiciyle buluştu,",",",pre_ambiguity,False,negation,semantic,before,before,-5
118,32,"Ruhi Su’nun en bilinen eserlerinden biri olan bu parça, Gülcan Altan’ın yeni yorumuyla bugün dinleyiciyle buluştu, din",▁din,cue_onset,False,negation,semantic,before,before,-5
118,33,"Ruhi Su’nun en bilinen eserlerinden biri olan bu parça, Gülcan Altan’ın yeni yorumuyla bugün dinleyiciyle buluştu, dinleme",leme,cue_onset,False,negation,semantic,before,before,-5
118,34,"Ruhi Su’nun en bilinen eserlerinden biri olan bu parça, Gülcan Altan’ın yeni yorumuyla bugün dinleyiciyle buluştu, dinleme fırs",▁fırs,cue_onset,False,negation,semantic,before,before,-5
118,35,"Ruhi Su’nun en bilinen eserlerinden biri olan bu parça, Gülcan Altan’ın yeni yorumuyla bugün dinleyiciyle buluştu, dinleme fırsat",at,cue_onset,False,negation,semantic,before,before,-5
118,36,"Ruhi Su’nun en bilinen eserlerinden biri olan bu parça, Gülcan Altan’ın yeni yorumuyla bugün dinleyiciyle buluştu, dinleme fırsatını",ını,cue_onset,False,negation,semantic,before,before,-5
118,37,"Ruhi Su’nun en bilinen eserlerinden biri olan bu parça, Gülcan Altan’ın yeni yorumuyla bugün dinleyiciyle buluştu, dinleme fırsatını kaç",▁kaç,ambiguity_onset,False,negation,semantic,before,before,-5
118,38,"Ruhi Su’nun en bilinen eserlerinden biri olan bu parça, Gülcan Altan’ın yeni yorumuyla bugün dinleyiciyle buluştu, dinleme fırsatını kaçır",ır,ambiguity_onset,False,negation,semantic,before,before,-5
118,39,"Ruhi Su’nun en bilinen eserlerinden biri olan bu parça, Gülcan Altan’ın yeni yorumuyla bugün dinleyiciyle buluştu, dinleme fırsatını kaçırma",ma,ambiguity_onset,False,negation,semantic,before,before,-5
118,40,"Ruhi Su’nun en bilinen eserlerinden biri olan bu parça, Gülcan Altan’ın yeni yorumuyla bugün dinleyiciyle buluştu, dinleme fırsatını kaçırma!",!,full_sentence,True,negation,semantic,before,before,-5
119,0,Hal,Hal,cue_onset,False,negation,semantic,before,before,-10
119,1,Halka,ka,cue_onset,False,negation,semantic,before,before,-10
119,2,Halka y,▁y,cue_onset,False,negation,semantic,before,before,-10
119,3,Halka yalan,alan,cue_onset,False,negation,semantic,before,before,-10
119,4,Halka yalan söyle,▁söyle,cue_onset,False,negation,semantic,before,before,-10
119,5,Halka yalan söylemek,mek,cue_onset,False,negation,semantic,before,before,-10
119,6,Halka yalan söylemek suç,▁suç,cue_onset,False,negation,semantic,before,before,-10
119,7,Halka yalan söylemek suçtur,tur,cue_onset,False,negation,semantic,before,before,-10
119,8,"Halka yalan söylemek suçtur,",",",cue_onset,False,negation,semantic,before,before,-10
119,9,"Halka yalan söylemek suçtur, suç",▁suç,cue_onset,False,negation,semantic,before,before,-10
119,10,"Halka yalan söylemek suçtur, suç iş",▁iş,ambiguity_onset,False,negation,semantic,before,before,-10
119,11,"Halka yalan söylemek suçtur, suç işleme",leme,ambiguity_onset,False,negation,semantic,before,before,-10
119,12,"Halka yalan söylemek suçtur, suç işleme,",",",post_cue,False,negation,semantic,before,before,-10
119,13,"Halka yalan söylemek suçtur, suç işleme, sen",▁sen,post_cue,False,negation,semantic,before,before,-10
119,14,"Halka yalan söylemek suçtur, suç işleme, sen ah",▁ah,post_cue,False,negation,semantic,before,before,-10
119,15,"Halka yalan söylemek suçtur, suç işleme, sen ahla",la,post_cue,False,negation,semantic,before,before,-10
119,16,"Halka yalan söylemek suçtur, suç işleme, sen ahlaks",ks,post_cue,False,negation,semantic,before,before,-10
119,17,"Halka yalan söylemek suçtur, suç işleme, sen ahlaksız",ız,post_cue,False,negation,semantic,before,before,-10
119,18,"Halka yalan söylemek suçtur, suç işleme, sen ahlaksız bir",▁bir,post_cue,False,negation,semantic,before,before,-10
119,19,"Halka yalan söylemek suçtur, suç işleme, sen ahlaksız bir adam",▁adam,post_cue,False,negation,semantic,before,before,-10
119,20,"Halka yalan söylemek suçtur, suç işleme, sen ahlaksız bir adam değ",▁değ,post_cue,False,negation,semantic,before,before,-10
119,21,"Halka yalan söylemek suçtur, suç işleme, sen ahlaksız bir adam değils",ils,post_cue,False,negation,semantic,before,before,-10
119,22,"Halka yalan söylemek suçtur, suç işleme, sen ahlaksız bir adam değilsin",in,post_cue,False,negation,semantic,before,before,-10
119,23,"Halka yalan söylemek suçtur, suç işleme, sen ahlaksız bir adam değilsin.",.,full_sentence,True,negation,semantic,before,before,-10
121,0,Yok,Yok,pre_ambiguity,False,negation,semantic,before,before,-17
121,1,Yok solu,▁solu,pre_ambiguity,False,negation,semantic,before,before,-17
121,2,Yok solucan,can,pre_ambiguity,False,negation,semantic,before,before,-17
121,3,Yok solucan ols,▁ols,pre_ambiguity,False,negation,semantic,before,before,-17
121,4,Yok solucan olsam,am,pre_ambiguity,False,negation,semantic,before,before,-17
121,5,Yok solucan olsam beni,▁beni,pre_ambiguity,False,negation,semantic,before,before,-17
121,6,Yok solucan olsam beni sever,▁sever,pre_ambiguity,False,negation,semantic,before,before,-17
121,7,Yok solucan olsam beni sever mis,▁mis,pre_ambiguity,False,negation,semantic,before,before,-17
121,8,Yok solucan olsam beni sever misin,in,pre_ambiguity,False,negation,semantic,before,before,-17
121,9,"Yok solucan olsam beni sever misin,",",",pre_ambiguity,False,negation,semantic,before,before,-17
121,10,"Yok solucan olsam beni sever misin, yok",▁yok,cue_onset,False,negation,semantic,before,before,-17
121,11,"Yok solucan olsam beni sever misin, yok ",▁,cue_onset,False,negation,semantic,before,before,-17
121,12,"Yok solucan olsam beni sever misin, yok 2",2,cue_onset,False,negation,semantic,before,before,-17
121,13,"Yok solucan olsam beni sever misin, yok 25",5,cue_onset,False,negation,semantic,before,before,-17
121,14,"Yok solucan olsam beni sever misin, yok 250",0,cue_onset,False,negation,semantic,before,before,-17
121,15,"Yok solucan olsam beni sever misin, yok 250 kilo",▁kilo,cue_onset,False,negation,semantic,before,before,-17
121,16,"Yok solucan olsam beni sever misin, yok 250 kilo ols",▁ols,cue_onset,False,negation,semantic,before,before,-17
121,17,"Yok solucan olsam beni sever misin, yok 250 kilo olsam",am,cue_onset,False,negation,semantic,before,before,-17
121,18,"Yok solucan olsam beni sever misin, yok 250 kilo olsam beni",▁beni,cue_onset,False,negation,semantic,before,before,-17
121,19,"Yok solucan olsam beni sever misin, yok 250 kilo olsam beni beğ",▁beğ,cue_onset,False,negation,semantic,before,before,-17
121,20,"Yok solucan olsam beni sever misin, yok 250 kilo olsam beni beğen",en,cue_onset,False,negation,semantic,before,before,-17
121,21,"Yok solucan olsam beni sever misin, yok 250 kilo olsam beni beğenir",ir,cue_onset,False,negation,semantic,before,before,-17
121,22,"Yok solucan olsam beni sever misin, yok 250 kilo olsam beni beğenir mis",▁mis,cue_onset,False,negation,semantic,before,before,-17
121,23,"Yok solucan olsam beni sever misin, yok 250 kilo olsam beni beğenir misin",in,cue_onset,False,negation,semantic,before,before,-17
121,24,"Yok solucan olsam beni sever misin, yok 250 kilo olsam beni beğenir misin,",",",cue_onset,False,negation,semantic,before,before,-17
121,25,"Yok solucan olsam beni sever misin, yok 250 kilo olsam beni beğenir misin, adam",▁adam,cue_onset,False,negation,semantic,before,before,-17
121,26,"Yok solucan olsam beni sever misin, yok 250 kilo olsam beni beğenir misin, adamı",ı,cue_onset,False,negation,semantic,before,before,-17
121,27,"Yok solucan olsam beni sever misin, yok 250 kilo olsam beni beğenir misin, adamı deli",▁deli,ambiguity_onset,False,negation,semantic,before,before,-17
121,28,"Yok solucan olsam beni sever misin, yok 250 kilo olsam beni beğenir misin, adamı delirt",rt,ambiguity_onset,False,negation,semantic,before,before,-17
121,29,"Yok solucan olsam beni sever misin, yok 250 kilo olsam beni beğenir misin, adamı delirtme",me,ambiguity_onset,False,negation,semantic,before,before,-17
121,30,"Yok solucan olsam beni sever misin, yok 250 kilo olsam beni beğenir misin, adamı delirtme E",▁E,post_cue,False,negation,semantic,before,before,-17
121,31,"Yok solucan olsam beni sever misin, yok 250 kilo olsam beni beğenir misin, adamı delirtme Emine",mine,post_cue,False,negation,semantic,before,before,-17
121,32,"Yok solucan olsam beni sever misin, yok 250 kilo olsam beni beğenir misin, adamı delirtme Emine!",!,full_sentence,True,negation,semantic,before,before,-17
122,0,A,A,pre_ambiguity,False,nominalizer,semantic,before,before,-8
122,1,Akade,kade,pre_ambiguity,False,nominalizer,semantic,before,before,-8
122,2,Akademis,mis,pre_ambiguity,False,nominalizer,semantic,before,before,-8
122,3,Akademisyen,yen,pre_ambiguity,False,nominalizer,semantic,before,before,-8
122,4,Akademisyen de,▁de,pre_ambiguity,False,nominalizer,semantic,before,before,-8
122,5,Akademisyen dediğ,diğ,pre_ambiguity,False,nominalizer,semantic,before,before,-8
122,6,Akademisyen dediğin,in,pre_ambiguity,False,nominalizer,semantic,before,before,-8
122,7,Akademisyen dediğin yaz,▁yaz,cue_onset,False,nominalizer,semantic,before,before,-8
122,8,Akademisyen dediğin yazd,d,cue_onset,False,nominalizer,semantic,before,before,-8
122,9,Akademisyen dediğin yazdığı,ığı,cue_onset,False,nominalizer,semantic,before,before,-8
122,10,Akademisyen dediğin yazdığı kadar,▁kadar,cue_onset,False,nominalizer,semantic,before,before,-8
122,11,Akademisyen dediğin yazdığı kadar da,▁da,cue_onset,False,nominalizer,semantic,before,before,-8
122,12,Akademisyen dediğin yazdığı kadar da ok,▁ok,cue_onset,False,nominalizer,semantic,before,before,-8
122,13,Akademisyen dediğin yazdığı kadar da okur,ur,cue_onset,False,nominalizer,semantic,before,before,-8
122,14,"Akademisyen dediğin yazdığı kadar da okur,",",",post_cue_pre_ambiguity,False,nominalizer,semantic,before,before,-8
122,15,"Akademisyen dediğin yazdığı kadar da okur, oku",▁oku,ambiguity_onset,False,nominalizer,semantic,before,before,-8
122,16,"Akademisyen dediğin yazdığı kadar da okur, okuma",ma,ambiguity_onset,False,nominalizer,semantic,before,before,-8
122,17,"Akademisyen dediğin yazdığı kadar da okur, okuma akade",▁akade,post_cue,False,nominalizer,semantic,before,before,-8
122,18,"Akademisyen dediğin yazdığı kadar da okur, okuma akademis",mis,post_cue,False,nominalizer,semantic,before,before,-8
122,19,"Akademisyen dediğin yazdığı kadar da okur, okuma akademisyen",yen,post_cue,False,nominalizer,semantic,before,before,-8
122,20,"Akademisyen dediğin yazdığı kadar da okur, okuma akademisyenin",in,post_cue,False,nominalizer,semantic,before,before,-8
122,21,"Akademisyen dediğin yazdığı kadar da okur, okuma akademisyenin en",▁en,post_cue,False,nominalizer,semantic,before,before,-8
122,22,"Akademisyen dediğin yazdığı kadar da okur, okuma akademisyenin en önemli",▁önemli,post_cue,False,nominalizer,semantic,before,before,-8
122,23,"Akademisyen dediğin yazdığı kadar da okur, okuma akademisyenin en önemli iş",▁iş,post_cue,False,nominalizer,semantic,before,before,-8
122,24,"Akademisyen dediğin yazdığı kadar da okur, okuma akademisyenin en önemli işlerinden",lerinden,post_cue,False,nominalizer,semantic,before,before,-8
122,25,"Akademisyen dediğin yazdığı kadar da okur, okuma akademisyenin en önemli işlerinden biri",▁biri,post_cue,False,nominalizer,semantic,before,before,-8
122,26,"Akademisyen dediğin yazdığı kadar da okur, okuma akademisyenin en önemli işlerinden biridir",dir,post_cue,False,nominalizer,semantic,before,before,-8
122,27,"Akademisyen dediğin yazdığı kadar da okur, okuma akademisyenin en önemli işlerinden biridir.",.,full_sentence,True,nominalizer,semantic,before,before,-8
123,0,AR,AR,cue_onset,False,nominalizer,semantic,before,before,-7
123,1,ARGE,GE,cue_onset,False,nominalizer,semantic,before,before,-7
123,2,ARGE',',cue_onset,False,nominalizer,semantic,before,before,-7
123,3,ARGE'nin,nin,cue_onset,False,nominalizer,semantic,before,before,-7
123,4,ARGE'nin anlam,▁anlam,cue_onset,False,nominalizer,semantic,before,before,-7
123,5,ARGE'nin anlamında,ında,cue_onset,False,nominalizer,semantic,before,before,-7
123,6,ARGE'nin anlamında ben,▁ben,post_cue_pre_ambiguity,False,nominalizer,semantic,before,before,-7
123,7,ARGE'nin anlamında ben araştır,▁araştır,ambiguity_onset,False,nominalizer,semantic,before,before,-7
123,8,ARGE'nin anlamında ben araştırma,ma,ambiguity_onset,False,nominalizer,semantic,before,before,-7
123,9,ARGE'nin anlamında ben araştırma var,▁var,post_cue,False,nominalizer,semantic,before,before,-7
123,10,ARGE'nin anlamında ben araştırma var diye,▁diye,post_cue,False,nominalizer,semantic,before,before,-7
123,11,ARGE'nin anlamında ben araştırma var diye bili,▁bili,post_cue,False,nominalizer,semantic,before,before,-7
123,12,ARGE'nin anlamında ben araştırma var diye biliyorum,yorum,post_cue,False,nominalizer,semantic,before,before,-7
123,13,"ARGE'nin anlamında ben araştırma var diye biliyorum,",",",post_cue,False,nominalizer,semantic,before,before,-7
123,14,"ARGE'nin anlamında ben araştırma var diye biliyorum, yanlış",▁yanlış,post_cue,False,nominalizer,semantic,before,before,-7
123,15,"ARGE'nin anlamında ben araştırma var diye biliyorum, yanlış m",▁m,post_cue,False,nominalizer,semantic,before,before,-7
123,16,"ARGE'nin anlamında ben araştırma var diye biliyorum, yanlış mıy",ıy,post_cue,False,nominalizer,semantic,before,before,-7
123,17,"ARGE'nin anlamında ben araştırma var diye biliyorum, yanlış mıyım",ım,post_cue,False,nominalizer,semantic,before,before,-7
123,18,"ARGE'nin anlamında ben araştırma var diye biliyorum, yanlış mıyım?",?,full_sentence,True,nominalizer,semantic,before,before,-7
124,0,Er,Er,pre_ambiguity,False,nominalizer,semantic,before,before,-11
124,1,Ertesi,tesi,pre_ambiguity,False,nominalizer,semantic,before,before,-11
124,2,Ertesi gün,▁gün,pre_ambiguity,False,nominalizer,semantic,before,before,-11
124,3,Ertesi günün,ün,pre_ambiguity,False,nominalizer,semantic,before,before,-11
124,4,Ertesi günün gaze,▁gaze,pre_ambiguity,False,nominalizer,semantic,before,before,-11
124,5,Ertesi günün gazete,te,pre_ambiguity,False,nominalizer,semantic,before,before,-11
124,6,Ertesi günün gazete man,▁man,pre_ambiguity,False,nominalizer,semantic,before,before,-11
124,7,Ertesi günün gazete manş,ş,pre_ambiguity,False,nominalizer,semantic,before,before,-11
124,8,Ertesi günün gazete manşet,et,pre_ambiguity,False,nominalizer,semantic,before,before,-11
124,9,Ertesi günün gazete manşetleri,leri,pre_ambiguity,False,nominalizer,semantic,before,before,-11
124,10,Ertesi günün gazete manşetleri göz,▁göz,pre_ambiguity,False,nominalizer,semantic,before,before,-11
124,11,Ertesi günün gazete manşetleri gözünün,ünün,pre_ambiguity,False,nominalizer,semantic,before,before,-11
124,12,Ertesi günün gazete manşetleri gözünün ön,▁ön,pre_ambiguity,False,nominalizer,semantic,before,before,-11
124,13,Ertesi günün gazete manşetleri gözünün önüne,üne,pre_ambiguity,False,nominalizer,semantic,before,before,-11
124,14,Ertesi günün gazete manşetleri gözünün önüne gel,▁gel,pre_ambiguity,False,nominalizer,semantic,before,before,-11
124,15,Ertesi günün gazete manşetleri gözünün önüne gelmeye,meye,pre_ambiguity,False,nominalizer,semantic,before,before,-11
124,16,Ertesi günün gazete manşetleri gözünün önüne gelmeye baş,▁baş,pre_ambiguity,False,nominalizer,semantic,before,before,-11
124,17,Ertesi günün gazete manşetleri gözünün önüne gelmeye başlam,lam,pre_ambiguity,False,nominalizer,semantic,before,before,-11
124,18,Ertesi günün gazete manşetleri gözünün önüne gelmeye başlamıştı,ıştı,pre_ambiguity,False,nominalizer,semantic,before,before,-11
124,19,Ertesi günün gazete manşetleri gözünün önüne gelmeye başlamıştı bile,▁bile,pre_ambiguity,False,nominalizer,semantic,before,before,-11
124,20,Ertesi günün gazete manşetleri gözünün önüne gelmeye başlamıştı bile:,:,pre_ambiguity,False,nominalizer,semantic,before,before,-11
124,21,Ertesi günün gazete manşetleri gözünün önüne gelmeye başlamıştı bile: Karab,▁Karab,cue_onset,False,nominalizer,semantic,before,before,-11
124,22,Ertesi günün gazete manşetleri gözünün önüne gelmeye başlamıştı bile: Karabatak,atak,cue_onset,False,nominalizer,semantic,before,before,-11
124,23,Ertesi günün gazete manşetleri gözünün önüne gelmeye başlamıştı bile: Karabatak d,▁d,cue_onset,False,nominalizer,semantic,before,before,-11
124,24,Ertesi günün gazete manşetleri gözünün önüne gelmeye başlamıştı bile: Karabatak davas,avas,cue_onset,False,nominalizer,semantic,before,before,-11
124,25,Ertesi günün gazete manşetleri gözünün önüne gelmeye başlamıştı bile: Karabatak davasında,ında,cue_onset,False,nominalizer,semantic,before,before,-11
124,26,Ertesi günün gazete manşetleri gözünün önüne gelmeye başlamıştı bile: Karabatak davasında dud,▁dud,cue_onset,False,nominalizer,semantic,before,before,-11
124,27,Ertesi günün gazete manşetleri gözünün önüne gelmeye başlamıştı bile: Karabatak davasında dudak,ak,cue_onset,False,nominalizer,semantic,before,before,-11
124,28,Ertesi günün gazete manşetleri gözünün önüne gelmeye başlamıştı bile: Karabatak davasında dudakları,ları,cue_onset,False,nominalizer,semantic,before,before,-11
124,29,Ertesi günün gazete manşetleri gözünün önüne gelmeye başlamıştı bile: Karabatak davasında dudakları uç,▁uç,cue_onset,False,nominalizer,semantic,before,before,-11
124,30,Ertesi günün gazete manşetleri gözünün önüne gelmeye başlamıştı bile: Karabatak davasında dudakları uçuk,uk,cue_onset,False,nominalizer,semantic,before,before,-11
124,31,Ertesi günün gazete manşetleri gözünün önüne gelmeye başlamıştı bile: Karabatak davasında dudakları uçuklatan,latan,cue_onset,False,nominalizer,semantic,before,before,-11
124,32,Ertesi günün gazete manşetleri gözünün önüne gelmeye başlamıştı bile: Karabatak davasında dudakları uçuklatan geliş,▁geliş,ambiguity_onset,False,nominalizer,semantic,before,before,-11
124,33,Ertesi günün gazete manşetleri gözünün önüne gelmeye başlamıştı bile: Karabatak davasında dudakları uçuklatan gelişme,me,full_sentence,True,nominalizer,semantic,before,before,-11
125,0,Hü,Hü,pre_ambiguity,False,nominalizer,semantic,before,before,-3
125,1,Hürm,rm,pre_ambiguity,False,nominalizer,semantic,before,before,-3
125,2,Hürmüz,üz,pre_ambiguity,False,nominalizer,semantic,before,before,-3
125,3,Hürmüz',',pre_ambiguity,False,nominalizer,semantic,before,before,-3
125,4,Hürmüz'de,de,pre_ambiguity,False,nominalizer,semantic,before,before,-3
125,5,Hürmüz'de sat,▁sat,pre_ambiguity,False,nominalizer,semantic,before,before,-3
125,6,Hürmüz'de satran,ran,pre_ambiguity,False,nominalizer,semantic,before,before,-3
125,7,Hürmüz'de satranç,ç,pre_ambiguity,False,nominalizer,semantic,before,before,-3
125,8,Hürmüz'de satranç:,:,pre_ambiguity,False,nominalizer,semantic,before,before,-3
125,9,Hürmüz'de satranç: Ab,▁Ab,cue_onset,False,nominalizer,semantic,before,before,-3
125,10,Hürmüz'de satranç: Abluka,luka,cue_onset,False,nominalizer,semantic,before,before,-3
125,11,Hürmüz'de satranç: Abluka mı,▁mı,cue_onset,False,nominalizer,semantic,before,before,-3
125,12,Hürmüz'de satranç: Abluka mı anlaş,▁anlaş,ambiguity_onset,False,nominalizer,semantic,before,before,-3
125,13,Hürmüz'de satranç: Abluka mı anlaşma,ma,ambiguity_onset,False,nominalizer,semantic,before,before,-3
125,14,Hürmüz'de satranç: Abluka mı anlaşma mı,▁mı,post_cue,False,nominalizer,semantic,before,before,-3
125,15,Hürmüz'de satranç: Abluka mı anlaşma mı?,?,full_sentence,True,nominalizer,semantic,before,before,-3
126,0,Top,Top,pre_ambiguity,False,nominalizer,semantic,before,before,-11
126,1,Toplum,lum,pre_ambiguity,False,nominalizer,semantic,before,before,-11
126,2,Toplumda,da,pre_ambiguity,False,nominalizer,semantic,before,before,-11
126,3,Toplumda görd,▁görd,pre_ambiguity,False,nominalizer,semantic,before,before,-11
126,4,Toplumda gördüğ,üğ,pre_ambiguity,False,nominalizer,semantic,before,before,-11
126,5,Toplumda gördüğün,ün,pre_ambiguity,False,nominalizer,semantic,before,before,-11
126,6,Toplumda gördüğün tüm,▁tüm,pre_ambiguity,False,nominalizer,semantic,before,before,-11
126,7,Toplumda gördüğün tüm bu,▁bu,cue_onset,False,nominalizer,semantic,before,before,-11
126,8,Toplumda gördüğün tüm bu hastal,▁hastal,cue_onset,False,nominalizer,semantic,before,before,-11
126,9,Toplumda gördüğün tüm bu hastalık,ık,cue_onset,False,nominalizer,semantic,before,before,-11
126,10,Toplumda gördüğün tüm bu hastalıkların,ların,cue_onset,False,nominalizer,semantic,before,before,-11
126,11,Toplumda gördüğün tüm bu hastalıkların sebe,▁sebe,cue_onset,False,nominalizer,semantic,before,before,-11
126,12,Toplumda gördüğün tüm bu hastalıkların sebebi,bi,cue_onset,False,nominalizer,semantic,before,before,-11
126,13,Toplumda gördüğün tüm bu hastalıkların sebebi belli,▁belli,cue_onset,False,nominalizer,semantic,before,before,-11
126,14,"Toplumda gördüğün tüm bu hastalıkların sebebi belli,",",",post_cue_pre_ambiguity,False,nominalizer,semantic,before,before,-11
126,15,"Toplumda gördüğün tüm bu hastalıkların sebebi belli, genç",▁genç,post_cue_pre_ambiguity,False,nominalizer,semantic,before,before,-11
126,16,"Toplumda gördüğün tüm bu hastalıkların sebebi belli, genç adam",▁adam,post_cue_pre_ambiguity,False,nominalizer,semantic,before,before,-11
126,17,"Toplumda gördüğün tüm bu hastalıkların sebebi belli, genç adam:",:,post_cue_pre_ambiguity,False,nominalizer,semantic,before,before,-11
126,18,"Toplumda gördüğün tüm bu hastalıkların sebebi belli, genç adam: yo",▁yo,ambiguity_onset,False,nominalizer,semantic,before,before,-11
126,19,"Toplumda gördüğün tüm bu hastalıkların sebebi belli, genç adam: yoz",z,ambiguity_onset,False,nominalizer,semantic,before,before,-11
126,20,"Toplumda gördüğün tüm bu hastalıkların sebebi belli, genç adam: yozlaş",laş,ambiguity_onset,False,nominalizer,semantic,before,before,-11
126,21,"Toplumda gördüğün tüm bu hastalıkların sebebi belli, genç adam: yozlaşma",ma,ambiguity_onset,False,nominalizer,semantic,before,before,-11
126,22,"Toplumda gördüğün tüm bu hastalıkların sebebi belli, genç adam: yozlaşma.",.,full_sentence,True,nominalizer,semantic,before,before,-11
128,0,Ev,Ev,cue_onset,False,nominalizer,semantic,before,before,-12
128,1,Ev arkadaş,▁arkadaş,cue_onset,False,nominalizer,semantic,before,before,-12
128,2,Ev arkadaşım,ım,cue_onset,False,nominalizer,semantic,before,before,-12
128,3,Ev arkadaşımın,ın,cue_onset,False,nominalizer,semantic,before,before,-12
128,4,Ev arkadaşımın kat,▁kat,cue_onset,False,nominalizer,semantic,before,before,-12
128,5,Ev arkadaşımın katıl,ıl,cue_onset,False,nominalizer,semantic,before,before,-12
128,6,Ev arkadaşımın katılmayı,mayı,cue_onset,False,nominalizer,semantic,before,before,-12
128,7,Ev arkadaşımın katılmayı düş,▁düş,cue_onset,False,nominalizer,semantic,before,before,-12
128,8,Ev arkadaşımın katılmayı düşünd,ünd,cue_onset,False,nominalizer,semantic,before,before,-12
128,9,Ev arkadaşımın katılmayı düşündüğü,üğü,cue_onset,False,nominalizer,semantic,before,before,-12
128,10,Ev arkadaşımın katılmayı düşündüğü yarış,▁yarış,cue_onset,False,nominalizer,semantic,before,before,-12
128,11,Ev arkadaşımın katılmayı düşündüğü yarış yüksek,▁yüksek,post_cue_pre_ambiguity,False,nominalizer,semantic,before,before,-12
128,12,Ev arkadaşımın katılmayı düşündüğü yarış yüksek at,▁at,ambiguity_onset,False,nominalizer,semantic,before,before,-12
128,13,Ev arkadaşımın katılmayı düşündüğü yarış yüksek atlama,lama,ambiguity_onset,False,nominalizer,semantic,before,before,-12
128,14,Ev arkadaşımın katılmayı düşündüğü yarış yüksek atlama ama,▁ama,post_cue,False,nominalizer,semantic,before,before,-12
128,15,Ev arkadaşımın katılmayı düşündüğü yarış yüksek atlama ama konten,▁konten,post_cue,False,nominalizer,semantic,before,before,-12
128,16,Ev arkadaşımın katılmayı düşündüğü yarış yüksek atlama ama kontenjan,jan,post_cue,False,nominalizer,semantic,before,before,-12
128,17,Ev arkadaşımın katılmayı düşündüğü yarış yüksek atlama ama kontenjan durum,▁durum,post_cue,False,nominalizer,semantic,before,before,-12
128,18,Ev arkadaşımın katılmayı düşündüğü yarış yüksek atlama ama kontenjan durumuna,una,post_cue,False,nominalizer,semantic,before,before,-12
128,19,Ev arkadaşımın katılmayı düşündüğü yarış yüksek atlama ama kontenjan durumuna göre,▁göre,post_cue,False,nominalizer,semantic,before,before,-12
128,20,Ev arkadaşımın katılmayı düşündüğü yarış yüksek atlama ama kontenjan durumuna göre marat,▁marat,post_cue,False,nominalizer,semantic,before,before,-12
128,21,Ev arkadaşımın katılmayı düşündüğü yarış yüksek atlama ama kontenjan durumuna göre maratona,ona,post_cue,False,nominalizer,semantic,before,before,-12
128,22,Ev arkadaşımın katılmayı düşündüğü yarış yüksek atlama ama kontenjan durumuna göre maratona da,▁da,post_cue,False,nominalizer,semantic,before,before,-12
128,23,Ev arkadaşımın katılmayı düşündüğü yarış yüksek atlama ama kontenjan durumuna göre maratona da yazı,▁yazı,post_cue,False,nominalizer,semantic,before,before,-12
128,24,Ev arkadaşımın katılmayı düşündüğü yarış yüksek atlama ama kontenjan durumuna göre maratona da yazılabilir,labilir,post_cue,False,nominalizer,semantic,before,before,-12
128,25,Ev arkadaşımın katılmayı düşündüğü yarış yüksek atlama ama kontenjan durumuna göre maratona da yazılabilir.,.,full_sentence,True,nominalizer,semantic,before,before,-12
129,0,S,S,pre_ambiguity,False,nominalizer,semantic,before,before,-5
129,1,Sı,ı,pre_ambiguity,False,nominalizer,semantic,before,before,-5
129,2,Sınav,nav,pre_ambiguity,False,nominalizer,semantic,before,before,-5
129,3,Sınav sırasında,▁sırasında,pre_ambiguity,False,nominalizer,semantic,before,before,-5
129,4,Sınav sırasında dikkat,▁dikkat,pre_ambiguity,False,nominalizer,semantic,before,before,-5
129,5,Sınav sırasında dikkat et,▁et,pre_ambiguity,False,nominalizer,semantic,before,before,-5
129,6,Sınav sırasında dikkat etmen,men,pre_ambiguity,False,nominalizer,semantic,before,before,-5
129,7,Sınav sırasında dikkat etmen gereken,▁gereken,pre_ambiguity,False,nominalizer,semantic,before,before,-5
129,8,Sınav sırasında dikkat etmen gereken en,▁en,cue_onset,False,nominalizer,semantic,before,before,-5
129,9,Sınav sırasında dikkat etmen gereken en önemli,▁önemli,cue_onset,False,nominalizer,semantic,before,before,-5
129,10,Sınav sırasında dikkat etmen gereken en önemli yas,▁yas,cue_onset,False,nominalizer,semantic,before,before,-5
129,11,Sınav sırasında dikkat etmen gereken en önemli yasak,ak,cue_onset,False,nominalizer,semantic,before,before,-5
129,12,Sınav sırasında dikkat etmen gereken en önemli yasak telefon,▁telefon,post_cue_pre_ambiguity,False,nominalizer,semantic,before,before,-5
129,13,Sınav sırasında dikkat etmen gereken en önemli yasak telefon kullan,▁kullan,ambiguity_onset,False,nominalizer,semantic,before,before,-5
129,14,Sınav sırasında dikkat etmen gereken en önemli yasak telefon kullanma,ma,ambiguity_onset,False,nominalizer,semantic,before,before,-5
129,15,"Sınav sırasında dikkat etmen gereken en önemli yasak telefon kullanma,",",",post_cue,False,nominalizer,semantic,before,before,-5
129,16,"Sınav sırasında dikkat etmen gereken en önemli yasak telefon kullanma, bak",▁bak,post_cue,False,nominalizer,semantic,before,before,-5
129,17,"Sınav sırasında dikkat etmen gereken en önemli yasak telefon kullanma, bak at",▁at,post_cue,False,nominalizer,semantic,before,before,-5
129,18,"Sınav sırasında dikkat etmen gereken en önemli yasak telefon kullanma, bak atılı",ılı,post_cue,False,nominalizer,semantic,before,before,-5
129,19,"Sınav sırasında dikkat etmen gereken en önemli yasak telefon kullanma, bak atılırs",rs,post_cue,False,nominalizer,semantic,before,before,-5
129,20,"Sınav sırasında dikkat etmen gereken en önemli yasak telefon kullanma, bak atılırsın",ın,post_cue,False,nominalizer,semantic,before,before,-5
129,21,"Sınav sırasında dikkat etmen gereken en önemli yasak telefon kullanma, bak atılırsın ot",▁ot,post_cue,False,nominalizer,semantic,before,before,-5
129,22,"Sınav sırasında dikkat etmen gereken en önemli yasak telefon kullanma, bak atılırsın oturum",urum,post_cue,False,nominalizer,semantic,before,before,-5
129,23,"Sınav sırasında dikkat etmen gereken en önemli yasak telefon kullanma, bak atılırsın oturumun",un,post_cue,False,nominalizer,semantic,before,before,-5
129,24,"Sınav sırasında dikkat etmen gereken en önemli yasak telefon kullanma, bak atılırsın oturumun ort",▁ort,post_cue,False,nominalizer,semantic,before,before,-5
129,25,"Sınav sırasında dikkat etmen gereken en önemli yasak telefon kullanma, bak atılırsın oturumun ortasında",asında,post_cue,False,nominalizer,semantic,before,before,-5
129,26,"Sınav sırasında dikkat etmen gereken en önemli yasak telefon kullanma, bak atılırsın oturumun ortasında,",",",post_cue,False,nominalizer,semantic,before,before,-5
129,27,"Sınav sırasında dikkat etmen gereken en önemli yasak telefon kullanma, bak atılırsın oturumun ortasında, ona",▁ona,post_cue,False,nominalizer,semantic,before,before,-5
129,28,"Sınav sırasında dikkat etmen gereken en önemli yasak telefon kullanma, bak atılırsın oturumun ortasında, ona göre",▁göre,post_cue,False,nominalizer,semantic,before,before,-5
129,29,"Sınav sırasında dikkat etmen gereken en önemli yasak telefon kullanma, bak atılırsın oturumun ortasında, ona göre!",!,full_sentence,True,nominalizer,semantic,before,before,-5
130,0,California,California,pre_ambiguity,False,nominalizer,semantic,before,before,-8
130,1,California',',pre_ambiguity,False,nominalizer,semantic,before,before,-8
130,2,California'ya,ya,pre_ambiguity,False,nominalizer,semantic,before,before,-8
130,3,California'ya o,▁o,pre_ambiguity,False,nominalizer,semantic,before,before,-8
130,4,California'ya o dönem,▁dönem,pre_ambiguity,False,nominalizer,semantic,before,before,-8
130,5,California'ya o dönemde,de,pre_ambiguity,False,nominalizer,semantic,before,before,-8
130,6,California'ya o dönemde yapılan,▁yapılan,pre_ambiguity,False,nominalizer,semantic,before,before,-8
130,7,California'ya o dönemde yapılan gö,▁gö,cue_onset,False,nominalizer,semantic,before,before,-8
130,8,California'ya o dönemde yapılan göç,ç,cue_onset,False,nominalizer,semantic,before,before,-8
130,9,California'ya o dönemde yapılan göçün,ün,cue_onset,False,nominalizer,semantic,before,before,-8
130,10,California'ya o dönemde yapılan göçün ard,▁ard,cue_onset,False,nominalizer,semantic,before,before,-8
130,11,California'ya o dönemde yapılan göçün ardındaki,ındaki,cue_onset,False,nominalizer,semantic,before,before,-8
130,12,California'ya o dönemde yapılan göçün ardındaki fur,▁fur,cue_onset,False,nominalizer,semantic,before,before,-8
130,13,California'ya o dönemde yapılan göçün ardındaki furya,ya,cue_onset,False,nominalizer,semantic,before,before,-8
130,14,California'ya o dönemde yapılan göçün ardındaki furya altın,▁altın,post_cue_pre_ambiguity,False,nominalizer,semantic,before,before,-8
130,15,California'ya o dönemde yapılan göçün ardındaki furya altın ara,▁ara,ambiguity_onset,False,nominalizer,semantic,before,before,-8
130,16,California'ya o dönemde yapılan göçün ardındaki furya altın arama,ma,ambiguity_onset,False,nominalizer,semantic,before,before,-8
130,17,California'ya o dönemde yapılan göçün ardındaki furya altın arama da,▁da,post_cue,False,nominalizer,semantic,before,before,-8
130,18,California'ya o dönemde yapılan göçün ardındaki furya altın arama da olsa,▁olsa,post_cue,False,nominalizer,semantic,before,before,-8
130,19,California'ya o dönemde yapılan göçün ardındaki furya altın arama da olsa n,▁n,post_cue,False,nominalizer,semantic,before,before,-8
130,20,California'ya o dönemde yapılan göçün ardındaki furya altın arama da olsa nüf,üf,post_cue,False,nominalizer,semantic,before,before,-8
130,21,California'ya o dönemde yapılan göçün ardındaki furya altın arama da olsa nüfust,ust,post_cue,False,nominalizer,semantic,before,before,-8
130,22,California'ya o dönemde yapılan göçün ardındaki furya altın arama da olsa nüfustaki,aki,post_cue,False,nominalizer,semantic,before,before,-8
130,23,California'ya o dönemde yapılan göçün ardındaki furya altın arama da olsa nüfustaki hareket,▁hareket,post_cue,False,nominalizer,semantic,before,before,-8
130,24,California'ya o dönemde yapılan göçün ardındaki furya altın arama da olsa nüfustaki hareketli,li,post_cue,False,nominalizer,semantic,before,before,-8
130,25,California'ya o dönemde yapılan göçün ardındaki furya altın arama da olsa nüfustaki hareketliliğ,liğ,post_cue,False,nominalizer,semantic,before,before,-8
130,26,California'ya o dönemde yapılan göçün ardındaki furya altın arama da olsa nüfustaki hareketliliğin,in,post_cue,False,nominalizer,semantic,before,before,-8
130,27,California'ya o dönemde yapılan göçün ardındaki furya altın arama da olsa nüfustaki hareketliliğin kült,▁kült,post_cue,False,nominalizer,semantic,before,before,-8
130,28,California'ya o dönemde yapılan göçün ardındaki furya altın arama da olsa nüfustaki hareketliliğin kültü,ü,post_cue,False,nominalizer,semantic,before,before,-8
130,29,California'ya o dönemde yapılan göçün ardındaki furya altın arama da olsa nüfustaki hareketliliğin kültürel,rel,post_cue,False,nominalizer,semantic,before,before,-8
130,30,California'ya o dönemde yapılan göçün ardındaki furya altın arama da olsa nüfustaki hareketliliğin kültürel sebe,▁sebe,post_cue,False,nominalizer,semantic,before,before,-8
130,31,California'ya o dönemde yapılan göçün ardındaki furya altın arama da olsa nüfustaki hareketliliğin kültürel sebepler,pler,post_cue,False,nominalizer,semantic,before,before,-8
130,32,California'ya o dönemde yapılan göçün ardındaki furya altın arama da olsa nüfustaki hareketliliğin kültürel sebeplerini,ini,post_cue,False,nominalizer,semantic,before,before,-8
130,33,California'ya o dönemde yapılan göçün ardındaki furya altın arama da olsa nüfustaki hareketliliğin kültürel sebeplerini de,▁de,post_cue,False,nominalizer,semantic,before,before,-8
130,34,California'ya o dönemde yapılan göçün ardındaki furya altın arama da olsa nüfustaki hareketliliğin kültürel sebeplerini de göz,▁göz,post_cue,False,nominalizer,semantic,before,before,-8
130,35,California'ya o dönemde yapılan göçün ardındaki furya altın arama da olsa nüfustaki hareketliliğin kültürel sebeplerini de göz ön,▁ön,post_cue,False,nominalizer,semantic,before,before,-8
130,36,California'ya o dönemde yapılan göçün ardındaki furya altın arama da olsa nüfustaki hareketliliğin kültürel sebeplerini de göz önünde,ünde,post_cue,False,nominalizer,semantic,before,before,-8
130,37,California'ya o dönemde yapılan göçün ardındaki furya altın arama da olsa nüfustaki hareketliliğin kültürel sebeplerini de göz önünde bul,▁bul,post_cue,False,nominalizer,semantic,before,before,-8
130,38,California'ya o dönemde yapılan göçün ardındaki furya altın arama da olsa nüfustaki hareketliliğin kültürel sebeplerini de göz önünde bulundur,undur,post_cue,False,nominalizer,semantic,before,before,-8
130,39,California'ya o dönemde yapılan göçün ardındaki furya altın arama da olsa nüfustaki hareketliliğin kültürel sebeplerini de göz önünde bulundurmak,mak,post_cue,False,nominalizer,semantic,before,before,-8
130,40,California'ya o dönemde yapılan göçün ardındaki furya altın arama da olsa nüfustaki hareketliliğin kültürel sebeplerini de göz önünde bulundurmak zor,▁zor,post_cue,False,nominalizer,semantic,before,before,-8
130,41,California'ya o dönemde yapılan göçün ardındaki furya altın arama da olsa nüfustaki hareketliliğin kültürel sebeplerini de göz önünde bulundurmak zorunday,unday,post_cue,False,nominalizer,semantic,before,before,-8
130,42,California'ya o dönemde yapılan göçün ardındaki furya altın arama da olsa nüfustaki hareketliliğin kültürel sebeplerini de göz önünde bulundurmak zorundayız,ız,post_cue,False,nominalizer,semantic,before,before,-8
130,43,California'ya o dönemde yapılan göçün ardındaki furya altın arama da olsa nüfustaki hareketliliğin kültürel sebeplerini de göz önünde bulundurmak zorundayız.,.,full_sentence,True,nominalizer,semantic,before,before,-8
131,0,Ok,Ok,cue_onset,False,nominalizer,semantic,before,before,-17
131,1,Okulun,ulun,cue_onset,False,nominalizer,semantic,before,before,-17
131,2,Okulun g,▁g,cue_onset,False,nominalizer,semantic,before,before,-17
131,3,Okulun günd,ünd,cue_onset,False,nominalizer,semantic,before,before,-17
131,4,Okulun gündemi,emi,cue_onset,False,nominalizer,semantic,before,before,-17
131,5,Okulun gündemi bu,▁bu,cue_onset,False,nominalizer,semantic,before,before,-17
131,6,Okulun gündemi bu ar,▁ar,cue_onset,False,nominalizer,semantic,before,before,-17
131,7,Okulun gündemi bu aralar,alar,cue_onset,False,nominalizer,semantic,before,before,-17
131,8,Okulun gündemi bu aralar ul,▁ul,cue_onset,False,nominalizer,semantic,before,before,-17
131,9,Okulun gündemi bu aralar ulusal,usal,cue_onset,False,nominalizer,semantic,before,before,-17
131,10,Okulun gündemi bu aralar ulusal sı,▁sı,cue_onset,False,nominalizer,semantic,before,before,-17
131,11,Okulun gündemi bu aralar ulusal sınav,nav,cue_onset,False,nominalizer,semantic,before,before,-17
131,12,Okulun gündemi bu aralar ulusal sınavlar,lar,cue_onset,False,nominalizer,semantic,before,before,-17
131,13,"Okulun gündemi bu aralar ulusal sınavlar,",",",cue_onset,False,nominalizer,semantic,before,before,-17
131,14,"Okulun gündemi bu aralar ulusal sınavlar, grip",▁grip,cue_onset,False,nominalizer,semantic,before,before,-17
131,15,"Okulun gündemi bu aralar ulusal sınavlar, grip aş",▁aş,cue_onset,False,nominalizer,semantic,before,before,-17
131,16,"Okulun gündemi bu aralar ulusal sınavlar, grip aşısı",ısı,cue_onset,False,nominalizer,semantic,before,before,-17
131,17,"Okulun gündemi bu aralar ulusal sınavlar, grip aşısı olma",▁olma,ambiguity_onset,False,nominalizer,semantic,before,before,-17
131,18,"Okulun gündemi bu aralar ulusal sınavlar, grip aşısı olma ve",▁ve,post_cue,False,nominalizer,semantic,before,before,-17
131,19,"Okulun gündemi bu aralar ulusal sınavlar, grip aşısı olma ve yeni",▁yeni,post_cue,False,nominalizer,semantic,before,before,-17
131,20,"Okulun gündemi bu aralar ulusal sınavlar, grip aşısı olma ve yeni spor",▁spor,post_cue,False,nominalizer,semantic,before,before,-17
131,21,"Okulun gündemi bu aralar ulusal sınavlar, grip aşısı olma ve yeni spor salonu",▁salonu,post_cue,False,nominalizer,semantic,before,before,-17
131,22,"Okulun gündemi bu aralar ulusal sınavlar, grip aşısı olma ve yeni spor salonu inşa",▁inşa,post_cue,False,nominalizer,semantic,before,before,-17
131,23,"Okulun gündemi bu aralar ulusal sınavlar, grip aşısı olma ve yeni spor salonu inşaatı",atı,post_cue,False,nominalizer,semantic,before,before,-17
131,24,"Okulun gündemi bu aralar ulusal sınavlar, grip aşısı olma ve yeni spor salonu inşaatı.",.,full_sentence,True,nominalizer,semantic,before,before,-17
132,0,Nev,Nev,pre_ambiguity,False,nominalizer,semantic,before,before,-10
132,1,Nevzat,zat,pre_ambiguity,False,nominalizer,semantic,before,before,-10
132,2,Nevzat Ev,▁Ev,pre_ambiguity,False,nominalizer,semantic,before,before,-10
132,3,Nevzat Evrim,rim,pre_ambiguity,False,nominalizer,semantic,before,before,-10
132,4,Nevzat Evrim Ö,▁Ö,pre_ambiguity,False,nominalizer,semantic,before,before,-10
132,5,Nevzat Evrim Önal,nal,pre_ambiguity,False,nominalizer,semantic,before,before,-10
132,6,"Nevzat Evrim Önal,",",",pre_ambiguity,False,nominalizer,semantic,before,before,-10
132,7,"Nevzat Evrim Önal, Türkiye",▁Türkiye,cue_onset,False,nominalizer,semantic,before,before,-10
132,8,"Nevzat Evrim Önal, Türkiye Si",▁Si,cue_onset,False,nominalizer,semantic,before,before,-10
132,9,"Nevzat Evrim Önal, Türkiye Siyasi",yasi,cue_onset,False,nominalizer,semantic,before,before,-10
132,10,"Nevzat Evrim Önal, Türkiye Siyasi Tari",▁Tari,cue_onset,False,nominalizer,semantic,before,before,-10
132,11,"Nevzat Evrim Önal, Türkiye Siyasi Tarih",h,cue_onset,False,nominalizer,semantic,before,before,-10
132,12,"Nevzat Evrim Önal, Türkiye Siyasi Tarihinde",inde,cue_onset,False,nominalizer,semantic,before,before,-10
132,13,"Nevzat Evrim Önal, Türkiye Siyasi Tarihinde Sah",▁Sah,cue_onset,False,nominalizer,semantic,before,before,-10
132,14,"Nevzat Evrim Önal, Türkiye Siyasi Tarihinde Sahte",te,cue_onset,False,nominalizer,semantic,before,before,-10
132,15,"Nevzat Evrim Önal, Türkiye Siyasi Tarihinde Sahte U",▁U,cue_onset,False,nominalizer,semantic,before,before,-10
132,16,"Nevzat Evrim Önal, Türkiye Siyasi Tarihinde Sahte Umut",mut,cue_onset,False,nominalizer,semantic,before,before,-10
132,17,"Nevzat Evrim Önal, Türkiye Siyasi Tarihinde Sahte Umut Ü",▁Ü,ambiguity_onset,False,nominalizer,semantic,before,before,-10
132,18,"Nevzat Evrim Önal, Türkiye Siyasi Tarihinde Sahte Umut Üret",ret,ambiguity_onset,False,nominalizer,semantic,before,before,-10
132,19,"Nevzat Evrim Önal, Türkiye Siyasi Tarihinde Sahte Umut Üretme",me,ambiguity_onset,False,nominalizer,semantic,before,before,-10
132,20,"Nevzat Evrim Önal, Türkiye Siyasi Tarihinde Sahte Umut Üretme yaz",▁yaz,post_cue,False,nominalizer,semantic,before,before,-10
132,21,"Nevzat Evrim Önal, Türkiye Siyasi Tarihinde Sahte Umut Üretme yazısı",ısı,post_cue,False,nominalizer,semantic,before,before,-10
132,22,"Nevzat Evrim Önal, Türkiye Siyasi Tarihinde Sahte Umut Üretme yazısıyla",yla,post_cue,False,nominalizer,semantic,before,before,-10
132,23,"Nevzat Evrim Önal, Türkiye Siyasi Tarihinde Sahte Umut Üretme yazısıyla der",▁der,post_cue,False,nominalizer,semantic,before,before,-10
132,24,"Nevzat Evrim Önal, Türkiye Siyasi Tarihinde Sahte Umut Üretme yazısıyla dergim",gim,post_cue,False,nominalizer,semantic,before,before,-10
132,25,"Nevzat Evrim Önal, Türkiye Siyasi Tarihinde Sahte Umut Üretme yazısıyla dergimizin",izin,post_cue,False,nominalizer,semantic,before,before,-10
132,26,"Nevzat Evrim Önal, Türkiye Siyasi Tarihinde Sahte Umut Üretme yazısıyla dergimizin Nisan",▁Nisan,post_cue,False,nominalizer,semantic,before,before,-10
132,27,"Nevzat Evrim Önal, Türkiye Siyasi Tarihinde Sahte Umut Üretme yazısıyla dergimizin Nisan say",▁say,post_cue,False,nominalizer,semantic,before,before,-10
132,28,"Nevzat Evrim Önal, Türkiye Siyasi Tarihinde Sahte Umut Üretme yazısıyla dergimizin Nisan sayısında",ısında,post_cue,False,nominalizer,semantic,before,before,-10
132,29,"Nevzat Evrim Önal, Türkiye Siyasi Tarihinde Sahte Umut Üretme yazısıyla dergimizin Nisan sayısında.",.,full_sentence,True,nominalizer,semantic,before,before,-10
133,0,Ul,Ul,cue_onset,False,nominalizer,semantic,before,before,-19
133,1,Ulus,us,cue_onset,False,nominalizer,semantic,before,before,-19
133,2,Ulusumuz,umuz,cue_onset,False,nominalizer,semantic,before,before,-19
133,3,Ulusumuzun,un,cue_onset,False,nominalizer,semantic,before,before,-19
133,4,Ulusumuzun bu,▁bu,cue_onset,False,nominalizer,semantic,before,before,-19
133,5,Ulusumuzun bu yü,▁yü,cue_onset,False,nominalizer,semantic,before,before,-19
133,6,Ulusumuzun bu yüzy,zy,cue_onset,False,nominalizer,semantic,before,before,-19
133,7,Ulusumuzun bu yüzyıld,ıld,cue_onset,False,nominalizer,semantic,before,before,-19
133,8,Ulusumuzun bu yüzyıldaki,aki,cue_onset,False,nominalizer,semantic,before,before,-19
133,9,Ulusumuzun bu yüzyıldaki ve,▁ve,cue_onset,False,nominalizer,semantic,before,before,-19
133,10,Ulusumuzun bu yüzyıldaki vebas,bas,cue_onset,False,nominalizer,semantic,before,before,-19
133,11,Ulusumuzun bu yüzyıldaki vebası,ı,cue_onset,False,nominalizer,semantic,before,before,-19
133,12,Ulusumuzun bu yüzyıldaki vebası güç,▁güç,post_cue_pre_ambiguity,False,nominalizer,semantic,before,before,-19
133,13,Ulusumuzun bu yüzyıldaki vebası güçler,ler,post_cue_pre_ambiguity,False,nominalizer,semantic,before,before,-19
133,14,Ulusumuzun bu yüzyıldaki vebası güçler bir,▁bir,post_cue_pre_ambiguity,False,nominalizer,semantic,before,before,-19
133,15,Ulusumuzun bu yüzyıldaki vebası güçler birliği,liği,post_cue_pre_ambiguity,False,nominalizer,semantic,before,before,-19
133,16,Ulusumuzun bu yüzyıldaki vebası güçler birliği sor,▁sor,post_cue_pre_ambiguity,False,nominalizer,semantic,before,before,-19
133,17,Ulusumuzun bu yüzyıldaki vebası güçler birliği sorunu,unu,post_cue_pre_ambiguity,False,nominalizer,semantic,before,before,-19
133,18,Ulusumuzun bu yüzyıldaki vebası güçler birliği sorunu ve,▁ve,post_cue_pre_ambiguity,False,nominalizer,semantic,before,before,-19
133,19,Ulusumuzun bu yüzyıldaki vebası güçler birliği sorunu ve otor,▁otor,ambiguity_onset,False,nominalizer,semantic,before,before,-19
133,20,Ulusumuzun bu yüzyıldaki vebası güçler birliği sorunu ve otoriter,iter,ambiguity_onset,False,nominalizer,semantic,before,before,-19
133,21,Ulusumuzun bu yüzyıldaki vebası güçler birliği sorunu ve otoriterleş,leş,ambiguity_onset,False,nominalizer,semantic,before,before,-19
133,22,Ulusumuzun bu yüzyıldaki vebası güçler birliği sorunu ve otoriterleşme,me,ambiguity_onset,False,nominalizer,semantic,before,before,-19
133,23,Ulusumuzun bu yüzyıldaki vebası güçler birliği sorunu ve otoriterleşme ol,▁ol,post_cue,False,nominalizer,semantic,before,before,-19
133,24,Ulusumuzun bu yüzyıldaki vebası güçler birliği sorunu ve otoriterleşme olmalı,malı,post_cue,False,nominalizer,semantic,before,before,-19
133,25,Ulusumuzun bu yüzyıldaki vebası güçler birliği sorunu ve otoriterleşme olmalı.,.,full_sentence,True,nominalizer,semantic,before,before,-19
134,0,Bir,Bir,cue_onset,False,nominalizer,semantic,before,before,-20
134,1,Bir sonra,▁sonra,cue_onset,False,nominalizer,semantic,before,before,-20
134,2,Bir sonraki,ki,cue_onset,False,nominalizer,semantic,before,before,-20
134,3,Bir sonraki ot,▁ot,cue_onset,False,nominalizer,semantic,before,before,-20
134,4,Bir sonraki oturum,urum,cue_onset,False,nominalizer,semantic,before,before,-20
134,5,Bir sonraki oturumun,un,cue_onset,False,nominalizer,semantic,before,before,-20
134,6,Bir sonraki oturumun baş,▁baş,cue_onset,False,nominalizer,semantic,before,before,-20
134,7,Bir sonraki oturumun başlığı,lığı,cue_onset,False,nominalizer,semantic,before,before,-20
134,8,Bir sonraki oturumun başlığı ',▁',post_cue_pre_ambiguity,False,nominalizer,semantic,before,before,-20
134,9,Bir sonraki oturumun başlığı 'Y,Y,post_cue_pre_ambiguity,False,nominalizer,semantic,before,before,-20
134,10,Bir sonraki oturumun başlığı 'Yüz,üz,post_cue_pre_ambiguity,False,nominalizer,semantic,before,before,-20
134,11,Bir sonraki oturumun başlığı 'Yüz yıl,▁yıl,post_cue_pre_ambiguity,False,nominalizer,semantic,before,before,-20
134,12,Bir sonraki oturumun başlığı 'Yüz yıl önce,▁önce,post_cue_pre_ambiguity,False,nominalizer,semantic,before,before,-20
134,13,"Bir sonraki oturumun başlığı 'Yüz yıl önce,",",",post_cue_pre_ambiguity,False,nominalizer,semantic,before,before,-20
134,14,"Bir sonraki oturumun başlığı 'Yüz yıl önce, yüz",▁yüz,post_cue_pre_ambiguity,False,nominalizer,semantic,before,before,-20
134,15,"Bir sonraki oturumun başlığı 'Yüz yıl önce, yüz yıl",▁yıl,post_cue_pre_ambiguity,False,nominalizer,semantic,before,before,-20
134,16,"Bir sonraki oturumun başlığı 'Yüz yıl önce, yüz yıl sonra",▁sonra,post_cue_pre_ambiguity,False,nominalizer,semantic,before,before,-20
134,17,"Bir sonraki oturumun başlığı 'Yüz yıl önce, yüz yıl sonra:",:,post_cue_pre_ambiguity,False,nominalizer,semantic,before,before,-20
134,18,"Bir sonraki oturumun başlığı 'Yüz yıl önce, yüz yıl sonra: Gele",▁Gele,post_cue_pre_ambiguity,False,nominalizer,semantic,before,before,-20
134,19,"Bir sonraki oturumun başlığı 'Yüz yıl önce, yüz yıl sonra: Geleceği",ceği,post_cue_pre_ambiguity,False,nominalizer,semantic,before,before,-20
134,20,"Bir sonraki oturumun başlığı 'Yüz yıl önce, yüz yıl sonra: Geleceği tartış",▁tartış,ambiguity_onset,False,nominalizer,semantic,before,before,-20
134,21,"Bir sonraki oturumun başlığı 'Yüz yıl önce, yüz yıl sonra: Geleceği tartışma",ma,ambiguity_onset,False,nominalizer,semantic,before,before,-20
134,22,"Bir sonraki oturumun başlığı 'Yüz yıl önce, yüz yıl sonra: Geleceği tartışma'",',full_sentence,True,nominalizer,semantic,before,before,-20
135,0,1,1,cue_onset,False,nominalizer,semantic,before,before,-21
135,1,16,6,cue_onset,False,nominalizer,semantic,before,before,-21
135,2,165,5,cue_onset,False,nominalizer,semantic,before,before,-21
135,3,165.,.,cue_onset,False,nominalizer,semantic,before,before,-21
135,4,165. say,▁say,cue_onset,False,nominalizer,semantic,before,before,-21
135,5,165. sayının,ının,cue_onset,False,nominalizer,semantic,before,before,-21
135,6,165. sayının giriş,▁giriş,cue_onset,False,nominalizer,semantic,before,before,-21
135,7,165. sayının giriş yaz,▁yaz,cue_onset,False,nominalizer,semantic,before,before,-21
135,8,165. sayının giriş yazısı,ısı,cue_onset,False,nominalizer,semantic,before,before,-21
135,9,"165. sayının giriş yazısı,",",",cue_onset,False,nominalizer,semantic,before,before,-21
135,10,"165. sayının giriş yazısı, Ay",▁Ay,cue_onset,False,nominalizer,semantic,before,before,-21
135,11,"165. sayının giriş yazısı, Aydemir",demir,cue_onset,False,nominalizer,semantic,before,before,-21
135,12,"165. sayının giriş yazısı, Aydemir G",▁G,cue_onset,False,nominalizer,semantic,before,before,-21
135,13,"165. sayının giriş yazısı, Aydemir Güler",üler,cue_onset,False,nominalizer,semantic,before,before,-21
135,14,"165. sayının giriş yazısı, Aydemir Güler im",▁im,cue_onset,False,nominalizer,semantic,before,before,-21
135,15,"165. sayının giriş yazısı, Aydemir Güler imzas",zas,cue_onset,False,nominalizer,semantic,before,before,-21
135,16,"165. sayının giriş yazısı, Aydemir Güler imzasıyla",ıyla,cue_onset,False,nominalizer,semantic,before,before,-21
135,17,"165. sayının giriş yazısı, Aydemir Güler imzasıyla Ul",▁Ul,cue_onset,False,nominalizer,semantic,before,before,-21
135,18,"165. sayının giriş yazısı, Aydemir Güler imzasıyla Ulusal",usal,cue_onset,False,nominalizer,semantic,before,before,-21
135,19,"165. sayının giriş yazısı, Aydemir Güler imzasıyla Ulusal Sor",▁Sor,cue_onset,False,nominalizer,semantic,before,before,-21
135,20,"165. sayının giriş yazısı, Aydemir Güler imzasıyla Ulusal Sorunda",unda,cue_onset,False,nominalizer,semantic,before,before,-21
135,21,"165. sayının giriş yazısı, Aydemir Güler imzasıyla Ulusal Sorunda Gün",▁Gün,ambiguity_onset,False,nominalizer,semantic,before,before,-21
135,22,"165. sayının giriş yazısı, Aydemir Güler imzasıyla Ulusal Sorunda Güncel",cel,ambiguity_onset,False,nominalizer,semantic,before,before,-21
135,23,"165. sayının giriş yazısı, Aydemir Güler imzasıyla Ulusal Sorunda Güncelleme",leme,ambiguity_onset,False,nominalizer,semantic,before,before,-21
135,24,"165. sayının giriş yazısı, Aydemir Güler imzasıyla Ulusal Sorunda Güncelleme,",",",post_cue,False,nominalizer,semantic,before,before,-21
135,25,"165. sayının giriş yazısı, Aydemir Güler imzasıyla Ulusal Sorunda Güncelleme, ul",▁ul,post_cue,False,nominalizer,semantic,before,before,-21
135,26,"165. sayının giriş yazısı, Aydemir Güler imzasıyla Ulusal Sorunda Güncelleme, ulusal",usal,post_cue,False,nominalizer,semantic,before,before,-21
135,27,"165. sayının giriş yazısı, Aydemir Güler imzasıyla Ulusal Sorunda Güncelleme, ulusal sor",▁sor,post_cue,False,nominalizer,semantic,before,before,-21
135,28,"165. sayının giriş yazısı, Aydemir Güler imzasıyla Ulusal Sorunda Güncelleme, ulusal sorunun",unun,post_cue,False,nominalizer,semantic,before,before,-21
135,29,"165. sayının giriş yazısı, Aydemir Güler imzasıyla Ulusal Sorunda Güncelleme, ulusal sorunun abc",▁abc,post_cue,False,nominalizer,semantic,before,before,-21
135,30,"165. sayının giriş yazısı, Aydemir Güler imzasıyla Ulusal Sorunda Güncelleme, ulusal sorunun abc’",’,post_cue,False,nominalizer,semantic,before,before,-21
135,31,"165. sayının giriş yazısı, Aydemir Güler imzasıyla Ulusal Sorunda Güncelleme, ulusal sorunun abc’sine",sine,post_cue,False,nominalizer,semantic,before,before,-21
135,32,"165. sayının giriş yazısı, Aydemir Güler imzasıyla Ulusal Sorunda Güncelleme, ulusal sorunun abc’sine,",",",post_cue,False,nominalizer,semantic,before,before,-21
135,33,"165. sayının giriş yazısı, Aydemir Güler imzasıyla Ulusal Sorunda Güncelleme, ulusal sorunun abc’sine, T",▁T,post_cue,False,nominalizer,semantic,before,before,-21
135,34,"165. sayının giriş yazısı, Aydemir Güler imzasıyla Ulusal Sorunda Güncelleme, ulusal sorunun abc’sine, TKP",KP,post_cue,False,nominalizer,semantic,before,before,-21
135,35,"165. sayının giriş yazısı, Aydemir Güler imzasıyla Ulusal Sorunda Güncelleme, ulusal sorunun abc’sine, TKP’",’,post_cue,False,nominalizer,semantic,before,before,-21
135,36,"165. sayının giriş yazısı, Aydemir Güler imzasıyla Ulusal Sorunda Güncelleme, ulusal sorunun abc’sine, TKP’nin",nin,post_cue,False,nominalizer,semantic,before,before,-21
135,37,"165. sayının giriş yazısı, Aydemir Güler imzasıyla Ulusal Sorunda Güncelleme, ulusal sorunun abc’sine, TKP’nin Gelen",▁Gelen,post_cue,False,nominalizer,semantic,before,before,-21
135,38,"165. sayının giriş yazısı, Aydemir Güler imzasıyla Ulusal Sorunda Güncelleme, ulusal sorunun abc’sine, TKP’nin Gelenek",ek,post_cue,False,nominalizer,semantic,before,before,-21
135,39,"165. sayının giriş yazısı, Aydemir Güler imzasıyla Ulusal Sorunda Güncelleme, ulusal sorunun abc’sine, TKP’nin Gelenek hareket",▁hareket,post_cue,False,nominalizer,semantic,before,before,-21
135,40,"165. sayının giriş yazısı, Aydemir Güler imzasıyla Ulusal Sorunda Güncelleme, ulusal sorunun abc’sine, TKP’nin Gelenek hareketinden",inden,post_cue,False,nominalizer,semantic,before,before,-21
135,41,"165. sayının giriş yazısı, Aydemir Güler imzasıyla Ulusal Sorunda Güncelleme, ulusal sorunun abc’sine, TKP’nin Gelenek hareketinden beri",▁beri,post_cue,False,nominalizer,semantic,before,before,-21
135,42,"165. sayının giriş yazısı, Aydemir Güler imzasıyla Ulusal Sorunda Güncelleme, ulusal sorunun abc’sine, TKP’nin Gelenek hareketinden beri benim",▁benim,post_cue,False,nominalizer,semantic,before,before,-21
135,43,"165. sayının giriş yazısı, Aydemir Güler imzasıyla Ulusal Sorunda Güncelleme, ulusal sorunun abc’sine, TKP’nin Gelenek hareketinden beri benimse",se,post_cue,False,nominalizer,semantic,before,before,-21
135,44,"165. sayının giriş yazısı, Aydemir Güler imzasıyla Ulusal Sorunda Güncelleme, ulusal sorunun abc’sine, TKP’nin Gelenek hareketinden beri benimsediği",diği,post_cue,False,nominalizer,semantic,before,before,-21
135,45,"165. sayının giriş yazısı, Aydemir Güler imzasıyla Ulusal Sorunda Güncelleme, ulusal sorunun abc’sine, TKP’nin Gelenek hareketinden beri benimsediği ve",▁ve,post_cue,False,nominalizer,semantic,before,before,-21
135,46,"165. sayının giriş yazısı, Aydemir Güler imzasıyla Ulusal Sorunda Güncelleme, ulusal sorunun abc’sine, TKP’nin Gelenek hareketinden beri benimsediği ve bugün",▁bugün,post_cue,False,nominalizer,semantic,before,before,-21
135,47,"165. sayının giriş yazısı, Aydemir Güler imzasıyla Ulusal Sorunda Güncelleme, ulusal sorunun abc’sine, TKP’nin Gelenek hareketinden beri benimsediği ve bugün doğ",▁doğ,post_cue,False,nominalizer,semantic,before,before,-21
135,48,"165. sayının giriş yazısı, Aydemir Güler imzasıyla Ulusal Sorunda Güncelleme, ulusal sorunun abc’sine, TKP’nin Gelenek hareketinden beri benimsediği ve bugün doğrul",rul,post_cue,False,nominalizer,semantic,before,before,-21
135,49,"165. sayının giriş yazısı, Aydemir Güler imzasıyla Ulusal Sorunda Güncelleme, ulusal sorunun abc’sine, TKP’nin Gelenek hareketinden beri benimsediği ve bugün doğrulanan",anan,post_cue,False,nominalizer,semantic,before,before,-21
135,50,"165. sayının giriş yazısı, Aydemir Güler imzasıyla Ulusal Sorunda Güncelleme, ulusal sorunun abc’sine, TKP’nin Gelenek hareketinden beri benimsediği ve bugün doğrulanan poz",▁poz,post_cue,False,nominalizer,semantic,before,before,-21
135,51,"165. sayının giriş yazısı, Aydemir Güler imzasıyla Ulusal Sorunda Güncelleme, ulusal sorunun abc’sine, TKP’nin Gelenek hareketinden beri benimsediği ve bugün doğrulanan pozisyon",isyon,post_cue,False,nominalizer,semantic,before,before,-21
135,52,"165. sayının giriş yazısı, Aydemir Güler imzasıyla Ulusal Sorunda Güncelleme, ulusal sorunun abc’sine, TKP’nin Gelenek hareketinden beri benimsediği ve bugün doğrulanan pozisyonunun",unun,post_cue,False,nominalizer,semantic,before,before,-21
135,53,"165. sayının giriş yazısı, Aydemir Güler imzasıyla Ulusal Sorunda Güncelleme, ulusal sorunun abc’sine, TKP’nin Gelenek hareketinden beri benimsediği ve bugün doğrulanan pozisyonunun temel",▁temel,post_cue,False,nominalizer,semantic,before,before,-21
135,54,"165. sayının giriş yazısı, Aydemir Güler imzasıyla Ulusal Sorunda Güncelleme, ulusal sorunun abc’sine, TKP’nin Gelenek hareketinden beri benimsediği ve bugün doğrulanan pozisyonunun temel uns",▁uns,post_cue,False,nominalizer,semantic,before,before,-21
135,55,"165. sayının giriş yazısı, Aydemir Güler imzasıyla Ulusal Sorunda Güncelleme, ulusal sorunun abc’sine, TKP’nin Gelenek hareketinden beri benimsediği ve bugün doğrulanan pozisyonunun temel unsurlar",urlar,post_cue,False,nominalizer,semantic,before,before,-21
135,56,"165. sayının giriş yazısı, Aydemir Güler imzasıyla Ulusal Sorunda Güncelleme, ulusal sorunun abc’sine, TKP’nin Gelenek hareketinden beri benimsediği ve bugün doğrulanan pozisyonunun temel unsurlarına",ına,post_cue,False,nominalizer,semantic,before,before,-21
135,57,"165. sayının giriş yazısı, Aydemir Güler imzasıyla Ulusal Sorunda Güncelleme, ulusal sorunun abc’sine, TKP’nin Gelenek hareketinden beri benimsediği ve bugün doğrulanan pozisyonunun temel unsurlarına ayr",▁ayr,post_cue,False,nominalizer,semantic,before,before,-21
135,58,"165. sayının giriş yazısı, Aydemir Güler imzasıyla Ulusal Sorunda Güncelleme, ulusal sorunun abc’sine, TKP’nin Gelenek hareketinden beri benimsediği ve bugün doğrulanan pozisyonunun temel unsurlarına ayrıldı",ıldı,post_cue,False,nominalizer,semantic,before,before,-21
135,59,"165. sayının giriş yazısı, Aydemir Güler imzasıyla Ulusal Sorunda Güncelleme, ulusal sorunun abc’sine, TKP’nin Gelenek hareketinden beri benimsediği ve bugün doğrulanan pozisyonunun temel unsurlarına ayrıldı.",.,full_sentence,True,nominalizer,semantic,before,before,-21
